price_in_rp,title,district,city,facilities,property_type,bedrooms,bathrooms,land_size_m2,building_size_m2,carports,certificate,electricity,maid_bedrooms,maid_bathrooms,floors,building_age,year_built,property_condition,building_orientation,garages,furnishing,price_in_rp_bin,price_in_rp_bin_enc,building_size_m2_bin,building_size_m2_bin_enc,Target
-0.9119561876852503,1015,246,0,755,0,0.28641521086925475,-1.1180339887498951,0.7774400908765742,0.42330401083130503,-2.0302234011860785,2,4,-0.4877686086797539,-0.5025707110324167,0.5356933085673383,-0.44402237354168095,0.4440223735417232,2,0,-0.7333772967185263,2,Rendah,0,Sedang,2,2
0.4331295551737592,896,246,0,922,0,-1.0104586321350097,-0.05261336417646587,1.0421546290592096,0.20289668467498953,-0.3502769091717185,2,14,-0.4877686086797539,-0.5025707110324167,0.5356933085673383,3.0743723037614212,-3.074372303761379,0,7,0.5932530985862023,1,Rendah,0,Sedang,2,3
-0.6545408568416125,1040,246,0,673,0,-1.0104586321350097,-1.1180339887498951,-0.8402598646839758,-1.0460781635441316,-0.3502769091717185,2,4,-0.4877686086797539,-0.5025707110324167,-1.1846609731312947,-0.44402237354168095,0.4440223735417232,2,3,-0.7333772967185263,2,Rendah,0,Rendah,0,2
-0.785061306283457,1061,30,0,512,0,-1.0104586321350097,-1.1180339887498951,-0.6931962323602895,-0.935874500465974,-0.3502769091717185,2,4,-0.4877686086797539,-0.5025707110324167,-1.1846609731312947,-0.44402237354168095,0.4440223735417232,2,5,-0.7333772967185263,1,Rendah,0,Rendah,0,2
-0.13245905907423405,474,30,0,558,0,0.28641521086925475,-0.05261336417646587,1.0715673555239469,0.05595846723744586,1.3296695828426413,2,9,-0.4877686086797539,-0.5025707110324167,0.5356933085673383,-0.44402237354168095,0.4440223735417232,2,0,-0.7333772967185263,1,Rendah,0,Sedang,2,0
-0.799563578443662,530,30,0,990,0,-1.0104586321350097,-1.1180339887498951,-0.3990689677129168,-0.8624053917472021,-0.3502769091717185,2,4,-0.4877686086797539,-0.5025707110324167,-1.1846609731312947,-0.44402237354168095,0.4440223735417232,2,5,0.5932530985862023,1,Rendah,0,Rendah,0,2
-0.27820689428429385,411,30,0,1011,0,4.177036739882048,-0.05261336417646587,1.2774564407771078,1.8926861852067418,-0.3502769091717185,2,14,1.9815599727615003,1.9897697538834456,0.5356933085673383,1.31517496510987,-1.315174965109828,0,3,0.5932530985862023,1,Rendah,0,Tinggi,3,1
0.08507502332884026,381,30,0,706,0,0.28641521086925475,-0.05261336417646587,0.48331282622920146,0.900853217503322,-0.3502769091717185,2,4,1.9815599727615003,1.9897697538834456,0.5356933085673383,-0.44402237354168095,0.4440223735417232,0,5,0.5932530985862023,1,Rendah,0,Sedang,2,1
-0.3717465497176158,392,30,0,1003,0,0.28641521086925475,-1.1180339887498951,0.18918556158182873,-0.12771430455948374,-0.3502769091717185,2,9,-0.4877686086797539,-0.5025707110324167,0.5356933085673383,-0.44402237354168095,0.4440223735417232,2,3,-0.7333772967185263,2,Rendah,0,Rendah,0,0
-0.8031891464837132,1087,30,0,132,0,-1.0104586321350097,-1.1180339887498951,-0.6931962323602895,-0.935874500465974,-0.3502769091717185,2,23,-0.4877686086797539,-0.5025707110324167,-1.1846609731312947,-0.44402237354168095,0.4440223735417232,2,3,0.5932530985862023,1,Rendah,0,Rendah,0,2
-0.785061306283457,760,30,0,1009,0,-1.0104586321350097,-0.05261336417646587,-0.3990689677129168,-0.31138707635641333,-0.3502769091717185,2,4,-0.4877686086797539,-0.5025707110324167,-1.1846609731312947,1.31517496510987,-1.315174965109828,0,5,0.5932530985862023,1,Rendah,0,Rendah,0,3
-0.6436641527214587,1124,30,0,192,0,-1.0104586321350097,-1.1180339887498951,0.07153465572287963,-0.7705690058487373,-0.3502769091717185,2,4,-0.4877686086797539,-0.5025707110324167,-1.1846609731312947,-0.44402237354168095,0.4440223735417232,2,2,0.5932530985862023,1,Rendah,0,Rendah,0,2
0.08507502332884026,445,30,0,135,0,1.5832890538735194,1.0128072603969633,0.48331282622920146,0.900853217503322,1.3296695828426413,2,9,1.9815599727615003,1.9897697538834456,0.5356933085673383,-0.44402237354168095,0.4440223735417232,2,3,1.919883493890931,1,Rendah,0,Sedang,2,1
-0.785061306283457,993,237,0,289,0,-1.0104586321350097,-1.1180339887498951,-0.6931962323602895,-0.935874500465974,-0.3502769091717185,2,4,-0.4877686086797539,-0.5025707110324167,-1.1846609731312947,-0.44402237354168095,0.4440223735417232,2,3,0.5932530985862023,2,Rendah,0,Rendah,0,2
-0.7488056258829446,890,237,0,924,0,-1.0104586321350097,-1.1180339887498951,-0.6931962323602895,-0.899139946106588,-0.3502769091717185,2,4,-0.4877686086797539,1.9897697538834456,-1.1846609731312947,-0.44402237354168095,0.4440223735417232,2,3,-0.7333772967185263,2,Rendah,0,Rendah,0,2
-0.7480805122749343,543,237,0,980,0,-1.0104586321350097,-1.1180339887498951,-0.6931962323602895,-0.899139946106588,-0.3502769091717185,0,4,-0.4877686086797539,-0.5025707110324167,-1.1846609731312947,3.0743723037614212,-3.074372303761379,2,7,-0.7333772967185263,2,Rendah,0,Rendah,0,3
-0.7176257407385039,68,237,0,744,0,-1.0104586321350097,-1.1180339887498951,-0.6931962323602895,-0.935874500465974,-0.3502769091717185,2,4,-0.4877686086797539,-0.5025707110324167,-1.1846609731312947,-0.44402237354168095,0.4440223735417232,0,3,-0.7333772967185263,2,Rendah,0,Rendah,0,2
-0.7183508543465142,81,237,0,902,0,-1.0104586321350097,-1.1180339887498951,-0.3402435147834422,-0.935874500465974,-0.3502769091717185,0,4,-0.4877686086797539,-0.5025707110324167,-1.1846609731312947,1.31517496510987,-1.315174965109828,2,7,-0.7333772967185263,2,Rendah,0,Rendah,0,3
-0.6835454011620223,675,237,0,919,0,-1.0104586321350097,-1.1180339887498951,-0.5167198735718659,-0.935874500465974,-0.3502769091717185,2,4,-0.4877686086797539,-0.5025707110324167,-1.1846609731312947,1.31517496510987,-1.315174965109828,2,5,0.5932530985862023,1,Rendah,0,Rendah,0,3
-0.7480805122749343,517,237,0,979,0,-1.0104586321350097,-1.1180339887498951,-0.6931962323602895,-0.899139946106588,-0.3502769091717185,0,4,-0.4877686086797539,-0.5025707110324167,-1.1846609731312947,3.0743723037614212,-3.074372303761379,2,7,-0.7333772967185263,2,Rendah,0,Rendah,0,3
-0.711824831874422,594,237,0,290,0,-1.0104586321350097,-1.1180339887498951,-0.5167198735718659,-0.899139946106588,-0.3502769091717185,2,4,-0.4877686086797539,-0.5025707110324167,-1.1846609731312947,-0.44402237354168095,0.4440223735417232,2,7,-0.7333772967185263,1,Rendah,0,Rendah,0,2
-0.7546065347470265,949,115,0,954,0,-1.0104586321350097,-1.1180339887498951,-1.399101667513984,-0.43995801661426404,-0.3502769091717185,2,4,-0.4877686086797539,-0.5025707110324167,-1.1846609731312947,-0.44402237354168095,0.4440223735417232,2,3,0.5932530985862023,2,Rendah,0,Rendah,0,2
-0.7654832388671803,577,115,0,906,0,-1.0104586321350097,-1.1180339887498951,-1.399101667513984,-0.4950598481533429,-0.3502769091717185,2,4,-0.4877686086797539,-0.5025707110324167,-1.1846609731312947,-0.44402237354168095,0.4440223735417232,2,5,0.5932530985862023,2,Rendah,0,Rendah,0,2
-0.43773188804654833,419,115,0,916,0,0.28641521086925475,-0.05261336417646587,-0.8696725911487132,-0.43995801661426404,-0.3502769091717185,2,9,-0.4877686086797539,-0.5025707110324167,0.5356933085673383,-0.44402237354168095,0.4440223735417232,2,7,-0.7333772967185263,2,Rendah,0,Rendah,0,0
0.2663534253314022,447,115,0,984,0,-1.0104586321350097,-0.05261336417646587,2.8069182169434463,-0.5685289568721148,-0.3502769091717185,2,9,-0.4877686086797539,-0.5025707110324167,0.5356933085673383,3.0743723037614212,-3.074372303761379,2,5,-0.7333772967185263,2,Rendah,0,Rendah,0,3
-0.299235188916591,429,115,0,745,0,0.28641521086925475,-0.05261336417646587,-0.8990853176134505,-0.43995801661426404,-0.3502769091717185,2,4,-0.4877686086797539,-0.5025707110324167,0.5356933085673383,-0.44402237354168095,0.4440223735417232,2,3,-0.7333772967185263,1,Rendah,0,Rendah,0,0
-0.5856550640806388,550,32,0,472,0,-1.0104586321350097,-1.1180339887498951,-0.6931962323602895,-0.5868962340518077,-0.3502769091717185,2,4,-0.4877686086797539,-0.5025707110324167,0.5356933085673383,-0.44402237354168095,0.4440223735417232,2,7,0.5932530985862023,2,Rendah,0,Rendah,0,2
-0.34999314147730837,339,32,0,738,0,0.28641521086925475,-0.05261336417646587,-0.3402435147834422,-0.32975435353610627,-0.3502769091717185,2,4,-0.4877686086797539,-0.5025707110324167,0.5356933085673383,3.0743723037614212,-3.074372303761379,1,5,0.5932530985862023,1,Rendah,0,Rendah,0,3
-0.09620337867372167,478,32,0,177,0,0.28641521086925475,1.0128072603969633,-0.6931962323602895,0.42330401083130503,1.3296695828426413,2,9,-0.4877686086797539,-0.5025707110324167,2.2560475902659713,-0.44402237354168095,0.4440223735417232,2,0,-0.7333772967185263,1,Rendah,0,Sedang,2,0
-0.5022669991594604,766,32,0,1013,0,-2.3073324751392743,-1.1180339887498951,0.3068364674407778,-0.21955069045794853,-0.3502769091717185,2,4,-0.4877686086797539,-0.5025707110324167,-1.1846609731312947,1.31517496510987,-1.315174965109828,0,5,0.5932530985862023,0,Rendah,0,Rendah,0,3
-0.45876018267884555,615,32,0,481,0,-1.0104586321350097,-1.1180339887498951,-0.16376715599501857,-0.6052635112315007,-0.3502769091717185,2,4,-0.4877686086797539,-0.5025707110324167,-1.1846609731312947,1.31517496510987,-1.315174965109828,2,5,-0.7333772967185263,2,Rendah,0,Rendah,0,3
-0.6400385846814075,428,52,0,115,0,-1.0104586321350097,-0.05261336417646587,-0.6931962323602895,-0.7154671743096584,-0.3502769091717185,2,9,-0.4877686086797539,-0.5025707110324167,0.5356933085673383,-0.44402237354168095,0.4440223735417232,2,3,0.5932530985862023,2,Rendah,0,Rendah,0,0
-0.7546065347470265,325,52,0,942,0,-1.0104586321350097,-1.1180339887498951,-0.5167198735718659,-0.43995801661426404,-0.3502769091717185,2,4,-0.4877686086797539,-0.5025707110324167,-1.1846609731312947,-0.44402237354168095,0.4440223735417232,2,7,1.919883493890931,2,Rendah,0,Rendah,0,2
-0.6400385846814075,634,54,0,165,0,-1.0104586321350097,-0.05261336417646587,-0.6931962323602895,-0.7154671743096584,-0.3502769091717185,2,9,-0.4877686086797539,-0.5025707110324167,-1.1846609731312947,-0.44402237354168095,0.4440223735417232,0,3,0.5932530985862023,2,Rendah,0,Rendah,0,2
0.12858183980945512,632,54,0,989,0,0.28641521086925475,1.0128072603969633,1.1009800819886844,0.33146762493284027,1.3296695828426413,2,9,-0.4877686086797539,-0.5025707110324167,0.5356933085673383,-0.44402237354168095,0.4440223735417232,2,1,1.919883493890931,1,Rendah,0,Sedang,2,0
-0.146961331234439,521,54,0,931,0,0.28641521086925475,1.0128072603969633,0.012709202793405077,-0.18281613609856262,1.3296695828426413,2,4,-0.4877686086797539,-0.5025707110324167,0.5356933085673383,3.0743723037614212,-3.074372303761379,2,5,-0.7333772967185263,2,Rendah,0,Rendah,0,3
-0.146961331234439,784,54,0,930,0,0.28641521086925475,-0.05261336417646587,0.012709202793405077,-0.18281613609856262,1.3296695828426413,2,9,1.9815599727615003,1.9897697538834456,0.5356933085673383,-0.44402237354168095,0.4440223735417232,2,5,-0.7333772967185263,2,Rendah,0,Rendah,0,1
-0.42250450227833314,66,54,0,657,0,0.28641521086925475,-0.05261336417646587,0.012709202793405077,0.07432574441713882,-0.3502769091717185,2,9,-0.4877686086797539,-0.5025707110324167,0.5356933085673383,-0.44402237354168095,0.4440223735417232,2,4,-0.7333772967185263,2,Rendah,0,Sedang,2,0
-0.48196381813517347,85,54,0,173,0,-1.0104586321350097,-1.1180339887498951,-0.3402435147834422,-0.8624053917472021,1.3296695828426413,2,4,-0.4877686086797539,-0.5025707110324167,-1.1846609731312947,-0.44402237354168095,0.4440223735417232,2,0,0.5932530985862023,0,Rendah,0,Rendah,0,2
-0.13245905907423405,987,54,0,905,0,1.5832890538735194,1.0128072603969633,0.07153465572287963,0.5151403967297699,-0.3502769091717185,2,9,-0.4877686086797539,-0.5025707110324167,0.5356933085673383,-0.44402237354168095,0.4440223735417232,2,7,-0.7333772967185263,2,Rendah,0,Sedang,2,0
-0.7198010815625348,635,185,0,294,0,-1.0104586321350097,-1.1180339887498951,-0.6931962323602895,-0.935874500465974,-0.3502769091717185,2,4,-0.4877686086797539,-0.5025707110324167,-1.1846609731312947,-0.44402237354168095,0.4440223735417232,0,3,0.5932530985862023,2,Rendah,0,Rendah,0,2
-0.6726686970418686,60,185,0,673,0,-1.0104586321350097,-1.1180339887498951,-0.3990689677129168,-0.8440381145675091,-0.3502769091717185,2,9,-0.4877686086797539,-0.5025707110324167,-1.1846609731312947,-0.44402237354168095,0.4440223735417232,2,0,-0.7333772967185263,2,Rendah,0,Rendah,0,2
-0.2702306445961811,836,185,0,1012,0,0.28641521086925475,-0.05261336417646587,1.2186309878476334,-0.40322346225487815,-0.3502769091717185,2,9,-0.4877686086797539,-0.5025707110324167,0.5356933085673383,-0.44402237354168095,0.4440223735417232,2,5,-0.7333772967185263,2,Rendah,0,Rendah,0,0
-0.5022669991594604,55,185,0,1029,0,-1.0104586321350097,-1.1180339887498951,0.36566192037025236,-0.7154671743096584,-0.3502769091717185,2,9,-0.4877686086797539,-0.5025707110324167,-1.1846609731312947,-0.44402237354168095,0.4440223735417232,2,5,-0.7333772967185263,2,Rendah,0,Rendah,0,2
-0.2861831439724066,253,185,0,1028,0,0.28641521086925475,-0.05261336417646587,-0.3402435147834422,-0.4950598481533429,-0.3502769091717185,2,9,-0.4877686086797539,-0.5025707110324167,0.5356933085673383,-0.44402237354168095,0.4440223735417232,2,5,0.5932530985862023,2,Rendah,0,Rendah,0,0
-0.146961331234439,878,134,0,189,0,0.28641521086925475,-0.05261336417646587,0.012709202793405077,-0.18281613609856262,-2.0302234011860785,2,9,-0.4877686086797539,-0.5025707110324167,0.5356933085673383,1.31517496510987,-1.315174965109828,1,5,-0.7333772967185263,2,Rendah,0,Rendah,0,3
-0.12520792299413158,187,134,0,62,0,0.28641521086925475,1.0128072603969633,0.012709202793405077,-0.18281613609856262,-0.3502769091717185,2,9,-0.4877686086797539,-0.5025707110324167,-1.1846609731312947,-0.44402237354168095,0.4440223735417232,2,5,-0.7333772967185263,2,Rendah,0,Rendah,0,0
-0.146961331234439,402,134,0,1014,0,0.28641521086925475,1.0128072603969633,0.012709202793405077,-0.18281613609856262,-0.3502769091717185,2,9,-0.4877686086797539,-0.5025707110324167,0.5356933085673383,1.31517496510987,-1.315174965109828,2,0,-0.7333772967185263,0,Rendah,0,Rendah,0,3
-0.48051359091915297,1162,134,0,1000,0,-1.0104586321350097,-1.1180339887498951,-0.10494170306554403,-0.5868962340518077,-0.3502769091717185,2,23,-0.4877686086797539,-0.5025707110324167,-1.1846609731312947,-0.44402237354168095,0.4440223735417232,2,7,-0.7333772967185263,1,Rendah,0,Rendah,0,2
-0.13971019515433653,519,134,0,231,0,0.28641521086925475,-0.05261336417646587,0.5127255526939387,-0.0542451958407119,-0.3502769091717185,2,9,-0.4877686086797539,-0.5025707110324167,0.5356933085673383,-0.44402237354168095,0.4440223735417232,2,3,-0.7333772967185263,2,Rendah,0,Rendah,0,0
-0.146961331234439,773,134,0,156,0,0.28641521086925475,-0.05261336417646587,0.012709202793405077,-0.18281613609856262,-0.3502769091717185,2,9,1.9815599727615003,1.9897697538834456,0.5356933085673383,-0.44402237354168095,0.4440223735417232,2,5,0.5932530985862023,1,Rendah,0,Rendah,0,0
-0.5675272238803827,488,134,0,939,0,-1.0104586321350097,-1.1180339887498951,-0.10494170306554403,-0.5868962340518077,-0.3502769091717185,2,4,-0.4877686086797539,-0.5025707110324167,-1.1846609731312947,-0.44402237354168095,0.4440223735417232,2,7,0.5932530985862023,1,Rendah,0,Rendah,0,2
-0.6400385846814075,596,134,0,1000,0,-1.0104586321350097,-1.1180339887498951,-0.3990689677129168,-0.7705690058487373,-2.0302234011860785,2,4,-0.4877686086797539,-0.5025707110324167,-1.1846609731312947,-0.44402237354168095,0.4440223735417232,2,0,-0.7333772967185263,2,Rendah,0,Rendah,0,2
-0.22672382811556627,947,136,0,645,0,1.5832890538735194,-0.05261336417646587,0.3362491939055151,0.01922391287805994,-0.3502769091717185,2,14,-0.4877686086797539,-0.5025707110324167,-1.1846609731312947,-0.44402237354168095,0.4440223735417232,2,3,0.5932530985862023,1,Rendah,0,Rendah,0,0
-0.6574413112736534,61,136,0,674,0,-1.0104586321350097,-1.1180339887498951,-0.9284980440781877,-0.935874500465974,-0.3502769091717185,2,4,-0.4877686086797539,-0.5025707110324167,-1.1846609731312947,-0.44402237354168095,0.4440223735417232,2,5,-0.7333772967185263,2,Rendah,0,Rendah,0,2
-0.3006854161326115,184,136,0,628,0,0.28641521086925475,1.0128072603969633,-0.3990689677129168,0.6069767826282346,1.3296695828426413,2,14,-0.4877686086797539,-0.5025707110324167,0.5356933085673383,-0.44402237354168095,0.4440223735417232,2,3,1.919883493890931,1,Rendah,0,Sedang,2,0
-0.36159495920547235,1158,136,0,89,0,0.28641521086925475,-0.05261336417646587,-0.3990689677129168,-0.40322346225487815,-0.3502769091717185,2,9,-0.4877686086797539,-0.5025707110324167,-1.1846609731312947,-0.44402237354168095,0.4440223735417232,2,3,0.5932530985862023,1,Rendah,0,Rendah,0,2
-0.146961331234439,34,136,0,564,0,1.5832890538735194,1.0128072603969633,0.3362491939055151,0.9743223262220938,1.3296695828426413,2,14,-0.4877686086797539,-0.5025707110324167,0.5356933085673383,-0.44402237354168095,0.4440223735417232,2,3,1.919883493890931,1,Rendah,0,Sedang,2,0
-0.19771928379515635,59,210,0,925,0,0.28641521086925475,1.0128072603969633,-0.2520053353892304,-0.12771430455948374,1.3296695828426413,2,9,-0.4877686086797539,-0.5025707110324167,0.5356933085673383,-0.44402237354168095,0.4440223735417232,2,3,-0.7333772967185263,2,Rendah,0,Rendah,0,0
0.35336705829263193,554,210,0,652,0,0.28641521086925475,2.0782278849703926,0.218598288046566,1.4335042557144178,1.3296695828426413,2,9,1.9815599727615003,-0.5025707110324167,2.2560475902659713,-0.44402237354168095,0.4440223735417232,2,5,-0.7333772967185263,1,Rendah,0,Tinggi,3,1
-0.45876018267884555,181,121,0,154,0,-1.0104586321350097,-1.1180339887498951,-0.16376715599501857,-0.6052635112315007,1.3296695828426413,2,9,-0.4877686086797539,-0.5025707110324167,-1.1846609731312947,-0.44402237354168095,0.4440223735417232,2,5,-0.7333772967185263,2,Rendah,0,Rendah,0,2
-0.2412261002757712,467,121,0,235,0,0.28641521086925475,-0.05261336417646587,-0.3402435147834422,0.05595846723744586,-0.3502769091717185,2,9,-0.4877686086797539,-0.5025707110324167,0.5356933085673383,-0.44402237354168095,0.4440223735417232,2,0,1.919883493890931,2,Rendah,0,Sedang,2,0
-0.2956096208765398,496,121,0,977,0,0.28641521086925475,-0.05261336417646587,0.48331282622920146,-0.31138707635641333,-0.3502769091717185,2,4,-0.4877686086797539,-0.5025707110324167,0.5356933085673383,-0.44402237354168095,0.4440223735417232,2,5,-0.7333772967185263,2,Rendah,0,Rendah,0,0
-0.30721143860470373,413,121,0,583,0,0.28641521086925475,-0.05261336417646587,-0.3402435147834422,-0.12771430455948374,-0.3502769091717185,0,9,-0.4877686086797539,-0.5025707110324167,0.5356933085673383,-0.44402237354168095,0.4440223735417232,2,7,-0.7333772967185263,2,Rendah,0,Rendah,0,0
-0.3681209816775646,497,121,0,440,0,0.28641521086925475,-0.05261336417646587,0.48331282622920146,-0.38485618507518515,-0.3502769091717185,2,4,-0.4877686086797539,-0.5025707110324167,-1.1846609731312947,-0.44402237354168095,0.4440223735417232,2,5,-0.7333772967185263,2,Rendah,0,Rendah,0,2
-0.4174287070222614,945,121,0,11,0,0.28641521086925475,-0.05261336417646587,-1.2226253087255605,-0.43995801661426404,-0.3502769091717185,2,9,-0.4877686086797539,-0.5025707110324167,0.5356933085673383,-0.44402237354168095,0.4440223735417232,2,3,0.5932530985862023,2,Rendah,0,Rendah,0,0
-0.5820294960405876,591,121,0,1005,0,0.28641521086925475,-1.1180339887498951,-0.6931962323602895,-0.6787326199502726,-0.3502769091717185,2,4,-0.4877686086797539,-0.5025707110324167,-1.1846609731312947,-0.44402237354168095,0.4440223735417232,2,0,0.5932530985862023,2,Rendah,0,Rendah,0,2
-0.5102432488475731,950,121,0,754,0,-1.0104586321350097,-1.1180339887498951,-0.6049580529660777,-0.7705690058487373,-0.3502769091717185,2,4,-0.4877686086797539,-0.5025707110324167,-1.1846609731312947,-0.44402237354168095,0.4440223735417232,2,3,0.5932530985862023,2,Rendah,0,Rendah,0,2
-0.381173026621749,194,121,0,571,0,-1.0104586321350097,-0.05261336417646587,-1.2226253087255605,-0.458325293793957,-0.3502769091717185,2,9,-0.4877686086797539,-0.5025707110324167,0.5356933085673383,-0.44402237354168095,0.4440223735417232,2,7,0.5932530985862023,2,Rendah,0,Rendah,0,0
-0.5312715434798703,897,121,0,560,0,-1.0104586321350097,-1.1180339887498951,-0.3402435147834422,-0.7705690058487373,-0.3502769091717185,2,4,-0.4877686086797539,-0.5025707110324167,-1.1846609731312947,-0.44402237354168095,0.4440223735417232,2,3,0.5932530985862023,2,Rendah,0,Rendah,0,2
-0.8974539155250454,552,121,0,741,0,1.5832890538735194,1.0128072603969633,2.689267311084497,0.9743223262220938,-0.3502769091717185,2,9,-0.4877686086797539,-0.5025707110324167,-1.1846609731312947,-0.44402237354168095,0.4440223735417232,2,7,-0.7333772967185263,2,Rendah,0,Sedang,2,0
-0.45876018267884555,540,121,0,623,0,-1.0104586321350097,-1.1180339887498951,-0.16376715599501857,-0.6052635112315007,-0.3502769091717185,2,4,-0.4877686086797539,-0.5025707110324167,-1.1846609731312947,-0.44402237354168095,0.4440223735417232,2,5,-0.7333772967185263,2,Rendah,0,Rendah,0,2
-0.7125499454824322,244,121,0,1022,0,-1.0104586321350097,-1.1180339887498951,-0.3990689677129168,-0.8256708373878162,1.3296695828426413,2,4,-0.4877686086797539,-0.5025707110324167,-1.1846609731312947,-0.44402237354168095,0.4440223735417232,0,0,1.919883493890931,2,Rendah,0,Rendah,0,2
-0.45876018267884555,541,121,0,585,0,-1.0104586321350097,-1.1180339887498951,-0.16376715599501857,-0.6052635112315007,-0.3502769091717185,2,4,-0.4877686086797539,-0.5025707110324167,-1.1846609731312947,1.31517496510987,-1.315174965109828,2,5,-0.7333772967185263,2,Rendah,0,Rendah,0,3
-0.6037829042808951,186,121,0,1025,0,-1.0104586321350097,-1.1180339887498951,-0.6931962323602895,-0.8624053917472021,-0.3502769091717185,2,9,-0.4877686086797539,-0.5025707110324167,0.5356933085673383,-0.44402237354168095,0.4440223735417232,2,5,-0.7333772967185263,2,Rendah,0,Rendah,0,2
-0.4950158630793579,685,121,0,962,0,0.28641521086925475,-0.05261336417646587,-0.16376715599501857,-0.6052635112315007,1.3296695828426413,2,9,-0.4877686086797539,-0.5025707110324167,-1.1846609731312947,-0.44402237354168095,0.4440223735417232,0,5,1.919883493890931,2,Rendah,0,Rendah,0,0
-0.7052988094023297,829,111,0,307,0,-1.0104586321350097,-1.1180339887498951,-0.6931962323602895,-0.935874500465974,-0.3502769091717185,2,23,-0.4877686086797539,-0.5025707110324167,-1.1846609731312947,-0.44402237354168095,0.4440223735417232,2,5,-0.7333772967185263,2,Rendah,0,Rendah,0,2
-0.4986414311194092,737,111,0,13,0,-1.0104586321350097,-0.05261336417646587,-0.6931962323602895,-0.5317944025127288,-0.3502769091717185,2,9,-0.4877686086797539,-0.5025707110324167,-1.1846609731312947,-0.44402237354168095,0.4440223735417232,2,3,-0.7333772967185263,1,Rendah,0,Rendah,0,2
0.3026091057319146,712,127,0,239,0,1.5832890538735194,1.0128072603969633,1.6598218848186925,1.5253406416128825,1.3296695828426413,2,15,1.9815599727615003,-0.5025707110324167,0.5356933085673383,1.31517496510987,-1.315174965109828,2,7,-0.7333772967185263,2,Rendah,0,Tinggi,3,1
0.17208865629007,589,127,0,569,0,0.28641521086925475,1.0128072603969633,0.24801101451130328,1.5253406416128825,1.3296695828426413,2,14,1.9815599727615003,1.9897697538834456,0.5356933085673383,-0.44402237354168095,0.4440223735417232,2,3,0.5932530985862023,1,Rendah,0,Tinggi,3,1
0.17208865629007,956,127,0,565,0,0.28641521086925475,1.0128072603969633,0.24801101451130328,1.341667869815953,1.3296695828426413,2,14,1.9815599727615003,1.9897697538834456,0.5356933085673383,-0.44402237354168095,0.4440223735417232,2,7,-0.7333772967185263,1,Rendah,0,Tinggi,3,1
0.5201431881349889,761,127,0,96,0,1.5832890538735194,-0.05261336417646587,1.0715673555239469,2.0763589570036713,-0.3502769091717185,2,12,1.9815599727615003,1.9897697538834456,2.2560475902659713,1.31517496510987,-1.315174965109828,1,0,-0.7333772967185263,0,Sedang,2,Tinggi,3,1
-0.09620337867372167,743,127,0,134,0,0.28641521086925475,1.0128072603969633,1.1598055349181589,1.4335042557144178,1.3296695828426413,2,9,1.9815599727615003,1.9897697538834456,0.5356933085673383,1.31517496510987,-1.315174965109828,2,7,-0.7333772967185263,2,Rendah,0,Tinggi,3,1
-0.13245905907423405,79,127,0,94,0,0.28641521086925475,-0.05261336417646587,-0.19317988245975584,0.4049367336516121,-0.3502769091717185,2,9,-0.4877686086797539,-0.5025707110324167,0.5356933085673383,-0.44402237354168095,0.4440223735417232,2,5,-0.7333772967185263,2,Rendah,0,Sedang,2,0
-0.4950158630793579,545,127,0,933,0,0.28641521086925475,-0.05261336417646587,-0.16376715599501857,-0.7522017286690443,1.3296695828426413,2,9,-0.4877686086797539,-0.5025707110324167,-1.1846609731312947,-0.44402237354168095,0.4440223735417232,0,5,1.919883493890931,2,Rendah,0,Rendah,0,0
-0.49284052225532715,470,127,0,223,0,-1.0104586321350097,-1.1180339887498951,-0.2520053353892304,-0.5868962340518077,-0.3502769091717185,2,4,-0.4877686086797539,-0.5025707110324167,0.5356933085673383,-0.44402237354168095,0.4440223735417232,0,5,0.5932530985862023,2,Rendah,0,Rendah,0,2
-0.2412261002757712,1172,127,0,573,0,0.28641521086925475,-0.05261336417646587,-0.3402435147834422,0.38656945647191915,1.3296695828426413,2,9,-0.4877686086797539,-0.5025707110324167,0.5356933085673383,-0.44402237354168095,0.4440223735417232,2,5,-0.7333772967185263,2,Rendah,0,Sedang,2,0
-0.27820689428429385,266,34,0,995,0,0.28641521086925475,-0.05261336417646587,-0.2520053353892304,0.2212639618546825,-0.3502769091717185,2,4,1.9815599727615003,1.9897697538834456,-1.1846609731312947,-0.44402237354168095,0.4440223735417232,2,7,0.5932530985862023,2,Rendah,0,Sedang,2,0
-0.6074084723209463,995,34,0,107,0,-1.0104586321350097,-1.1180339887498951,-0.3402435147834422,-0.8256708373878162,-0.3502769091717185,2,4,-0.4877686086797539,-0.5025707110324167,-1.1846609731312947,-0.44402237354168095,0.4440223735417232,2,5,-0.7333772967185263,2,Rendah,0,Rendah,0,2
-0.6632422201377354,319,34,0,612,0,-1.0104586321350097,-1.1180339887498951,-0.3402435147834422,-0.7705690058487373,-0.3502769091717185,2,4,-0.4877686086797539,-0.5025707110324167,-1.1846609731312947,-0.44402237354168095,0.4440223735417232,2,5,0.5932530985862023,2,Rendah,0,Rendah,0,2
-0.6429390391134484,598,34,0,974,0,-1.0104586321350097,-1.1180339887498951,-0.3402435147834422,-0.935874500465974,-0.3502769091717185,2,9,-0.4877686086797539,-0.5025707110324167,-1.1846609731312947,-0.44402237354168095,0.4440223735417232,2,0,-0.7333772967185263,2,Rendah,0,Rendah,0,2
-0.43773188804654833,444,34,0,245,0,0.28641521086925475,-0.05261336417646587,-0.8990853176134505,-0.43995801661426404,-0.3502769091717185,2,9,-0.4877686086797539,-0.5025707110324167,0.5356933085673383,-0.44402237354168095,0.4440223735417232,2,7,-0.7333772967185263,2,Rendah,0,Rendah,0,0
-0.5493993836801265,354,223,0,18,0,-1.0104586321350097,-1.1180339887498951,-0.2520053353892304,-0.7154671743096584,-0.3502769091717185,2,9,-0.4877686086797539,-0.5025707110324167,-1.1846609731312947,-0.44402237354168095,0.4440223735417232,2,5,-0.7333772967185263,2,Rendah,0,Rendah,0,2
-0.6472897207615099,236,256,0,87,0,-1.0104586321350097,-1.1180339887498951,-0.3402435147834422,-0.7705690058487373,-0.3502769091717185,2,4,-0.4877686086797539,-0.5025707110324167,-1.1846609731312947,1.31517496510987,-1.315174965109828,2,5,-0.7333772967185263,2,Rendah,0,Rendah,0,3
-0.5203948393597165,1112,256,0,306,0,0.28641521086925475,-1.1180339887498951,0.39507464683498966,-0.6052635112315007,-0.3502769091717185,2,4,-0.4877686086797539,-0.5025707110324167,-1.1846609731312947,-0.44402237354168095,0.4440223735417232,2,3,-0.7333772967185263,1,Rendah,0,Rendah,0,2
-0.6799198331219711,536,256,0,936,0,-1.0104586321350097,-1.1180339887498951,0.39507464683498966,-0.6052635112315007,-0.3502769091717185,2,4,-0.4877686086797539,-0.5025707110324167,-1.1846609731312947,-0.44402237354168095,0.4440223735417232,2,3,-0.7333772967185263,1,Rendah,0,Rendah,0,2
-0.5892806321206902,794,256,0,1023,0,-1.0104586321350097,-1.1180339887498951,0.39507464683498966,-0.6052635112315007,-0.3502769091717185,2,4,-0.4877686086797539,-0.5025707110324167,-1.1846609731312947,-0.44402237354168095,0.4440223735417232,0,5,0.5932530985862023,1,Rendah,0,Rendah,0,2
-0.5203948393597165,678,256,0,952,0,0.28641521086925475,-1.1180339887498951,0.39507464683498966,-0.6052635112315007,-0.3502769091717185,2,4,-0.4877686086797539,-0.5025707110324167,-1.1846609731312947,-0.44402237354168095,0.4440223735417232,2,3,-0.7333772967185263,1,Rendah,0,Rendah,0,2
-0.5203948393597165,898,256,0,310,0,0.28641521086925475,-1.1180339887498951,0.39507464683498966,-0.6052635112315007,-0.3502769091717185,2,4,-0.4877686086797539,-0.5025707110324167,-1.1846609731312947,-0.44402237354168095,0.4440223735417232,2,3,-0.7333772967185263,1,Rendah,0,Rendah,0,2
-0.5312715434798703,910,114,0,998,0,-1.0104586321350097,-1.1180339887498951,-0.3402435147834422,-0.4950598481533429,-0.3502769091717185,2,4,-0.4877686086797539,-0.5025707110324167,-1.1846609731312947,-0.44402237354168095,0.4440223735417232,2,7,0.5932530985862023,2,Rendah,0,Rendah,0,2
-0.7488056258829446,1060,23,0,516,0,-1.0104586321350097,-1.1180339887498951,-0.6931962323602895,-0.935874500465974,-0.3502769091717185,2,4,-0.4877686086797539,-0.5025707110324167,-1.1846609731312947,-0.44402237354168095,0.4440223735417232,2,5,-0.7333772967185263,1,Rendah,0,Rendah,0,2
3.812158968501514,582,23,0,187,0,-1.0104586321350097,-1.1180339887498951,-0.3402435147834422,-0.8807726689268951,-0.3502769091717185,2,4,-0.4877686086797539,-0.5025707110324167,-1.1846609731312947,-0.44402237354168095,0.4440223735417232,2,5,-0.7333772967185263,2,Sangat Tinggi,1,Rendah,0,2
-0.7654832388671803,1059,23,0,943,0,-1.0104586321350097,-1.1180339887498951,-1.399101667513984,-0.47669257097365,-0.3502769091717185,2,4,-0.4877686086797539,-0.5025707110324167,-1.1846609731312947,-0.44402237354168095,0.4440223735417232,2,3,-0.7333772967185263,2,Rendah,0,Rendah,0,2
-0.7618576708271291,40,23,0,906,0,-1.0104586321350097,-1.1180339887498951,-1.399101667513984,-0.47669257097365,-0.3502769091717185,2,4,-0.4877686086797539,-0.5025707110324167,-1.1846609731312947,-0.44402237354168095,0.4440223735417232,2,3,1.919883493890931,2,Rendah,0,Rendah,0,2
0.3026091057319146,875,157,0,652,0,-1.0104586321350097,1.0128072603969633,1.0715673555239469,-0.0542451958407119,-0.3502769091717185,2,9,-0.4877686086797539,-0.5025707110324167,-1.1846609731312947,3.0743723037614212,-3.074372303761379,0,3,-0.7333772967185263,1,Rendah,0,Rendah,0,3
-0.7198010815625348,78,33,0,170,0,-1.0104586321350097,-1.1180339887498951,-0.3108307883187049,-0.935874500465974,-0.3502769091717185,2,4,-0.4877686086797539,-0.5025707110324167,-1.1846609731312947,-0.44402237354168095,0.4440223735417232,2,5,0.5932530985862023,2,Rendah,0,Rendah,0,2
0.9914670333416499,948,33,0,174,0,1.5832890538735194,2.0782278849703926,2.248076414113438,0.7539150000657783,1.3296695828426413,0,14,1.9815599727615003,1.9897697538834456,0.5356933085673383,-0.44402237354168095,0.4440223735417232,2,5,-0.7333772967185263,2,Sedang,2,Sedang,2,1
-0.6581664248816637,892,33,0,1004,0,-1.0104586321350097,-1.1180339887498951,-0.16376715599501857,-0.8440381145675091,-0.3502769091717185,2,9,-0.4877686086797539,-0.5025707110324167,-1.1846609731312947,-0.44402237354168095,0.4440223735417232,2,0,0.5932530985862023,2,Rendah,0,Rendah,0,2
1.0639783941426746,525,135,0,903,0,0.28641521086925475,1.0128072603969633,2.865743669872921,1.7090134134098123,1.3296695828426413,2,9,1.9815599727615003,1.9897697538834456,0.5356933085673383,1.31517496510987,-1.315174965109828,2,1,-0.7333772967185263,2,Sedang,2,Tinggi,3,1
0.08507502332884026,754,263,0,616,0,0.28641521086925475,-0.05261336417646587,1.0715673555239469,0.01922391287805994,-0.3502769091717185,2,9,-0.4877686086797539,-0.5025707110324167,-1.1846609731312947,3.0743723037614212,-3.074372303761379,0,3,-0.7333772967185263,2,Rendah,0,Rendah,0,3
-0.43773188804654833,426,263,0,128,0,0.28641521086925475,-0.05261336417646587,-0.8990853176134505,-0.43995801661426404,-0.3502769091717185,2,4,-0.4877686086797539,-0.5025707110324167,0.5356933085673383,-0.44402237354168095,0.4440223735417232,2,4,-0.7333772967185263,2,Rendah,0,Rendah,0,0
-0.6726686970418686,29,263,0,469,0,-1.0104586321350097,-1.1180339887498951,-0.3402435147834422,-0.7705690058487373,-0.3502769091717185,2,4,-0.4877686086797539,-0.5025707110324167,-1.1846609731312947,-0.44402237354168095,0.4440223735417232,2,7,-0.7333772967185263,1,Rendah,0,Rendah,0,2
-0.34999314147730837,748,263,0,993,0,-1.0104586321350097,-1.1180339887498951,1.0715673555239469,0.05595846723744586,-0.3502769091717185,0,4,-0.4877686086797539,-0.5025707110324167,-1.1846609731312947,3.0743723037614212,-3.074372303761379,4,5,-0.7333772967185263,2,Rendah,0,Sedang,2,3
-0.30141052974062177,136,59,0,247,0,0.28641521086925475,1.0128072603969633,-0.04611625013606947,-0.34812163071579927,-0.3502769091717185,2,9,-0.4877686086797539,-0.5025707110324167,0.5356933085673383,1.31517496510987,-1.315174965109828,2,3,0.5932530985862023,2,Rendah,0,Rendah,0,3
-0.7198010815625348,547,59,0,175,0,-1.0104586321350097,-1.1180339887498951,-0.6931962323602895,-1.0460781635441316,-0.3502769091717185,2,4,-0.4877686086797539,-0.5025707110324167,-1.1846609731312947,-0.44402237354168095,0.4440223735417232,2,4,-0.7333772967185263,2,Rendah,0,Rendah,0,2
-0.8807763025408097,1123,59,0,178,0,-1.0104586321350097,-1.1180339887498951,-0.6931962323602895,-1.0460781635441316,-0.3502769091717185,2,4,-0.4877686086797539,-0.5025707110324167,-1.1846609731312947,-0.44402237354168095,0.4440223735417232,2,5,0.5932530985862023,2,Rendah,0,Rendah,0,2
-0.785061306283457,1062,147,0,312,0,-1.0104586321350097,-1.1180339887498951,-0.6931962323602895,-0.935874500465974,-0.3502769091717185,2,4,-0.4877686086797539,-0.5025707110324167,-1.1846609731312947,-0.44402237354168095,0.4440223735417232,2,5,-0.7333772967185263,2,Rendah,0,Rendah,0,2
-0.2774817806762836,524,36,0,960,0,0.28641521086925475,-0.05261336417646587,-0.3402435147834422,0.38656945647191915,-0.3502769091717185,1,9,-0.4877686086797539,-0.5025707110324167,0.5356933085673383,-0.44402237354168095,0.4440223735417232,0,3,-0.7333772967185263,2,Rendah,0,Sedang,2,0
-0.146961331234439,398,132,0,1018,0,0.28641521086925475,1.0128072603969633,0.012709202793405077,-0.18281613609856262,-0.3502769091717185,2,9,-0.4877686086797539,-0.5025707110324167,0.5356933085673383,1.31517496510987,-1.315174965109828,2,0,-0.7333772967185263,2,Rendah,0,Rendah,0,3
-0.146961331234439,700,132,0,699,0,0.28641521086925475,-0.05261336417646587,0.012709202793405077,-0.18281613609856262,-0.3502769091717185,2,4,-0.4877686086797539,-0.5025707110324167,0.5356933085673383,-0.44402237354168095,0.4440223735417232,2,5,0.5932530985862023,2,Rendah,0,Rendah,0,0
0.06332161508853283,400,58,0,1024,0,-1.0104586321350097,-0.05261336417646587,0.012709202793405077,-0.458325293793957,-0.3502769091717185,2,9,-0.4877686086797539,-0.5025707110324167,0.5356933085673383,-0.44402237354168095,0.4440223735417232,2,7,-0.7333772967185263,2,Rendah,0,Rendah,0,0
0.37512046653293935,212,124,0,493,0,0.28641521086925475,1.0128072603969633,1.9539491494660652,1.9845225711052066,1.3296695828426413,2,9,1.9815599727615003,1.9897697538834456,0.5356933085673383,1.31517496510987,-1.315174965109828,1,5,-0.7333772967185263,1,Rendah,0,Tinggi,3,1
-0.5312715434798703,289,124,0,953,0,-1.0104586321350097,-0.05261336417646587,-0.9873234970076623,-0.34812163071579927,-0.3502769091717185,2,4,-0.4877686086797539,-0.5025707110324167,0.5356933085673383,-0.44402237354168095,0.4440223735417232,2,3,-0.7333772967185263,2,Rendah,0,Rendah,0,2
-0.33186530127705216,165,124,0,964,0,0.28641521086925475,-0.05261336417646587,0.7186146379470997,-0.12771430455948374,-0.3502769091717185,2,4,-0.4877686086797539,-0.5025707110324167,-1.1846609731312947,-0.44402237354168095,0.4440223735417232,2,0,-0.7333772967185263,2,Rendah,0,Rendah,0,2
-0.6472897207615099,25,126,0,755,0,-1.0104586321350097,-1.1180339887498951,-0.5167198735718659,-1.0460781635441316,-0.3502769091717185,2,4,-0.4877686086797539,-0.5025707110324167,-1.1846609731312947,-0.44402237354168095,0.4440223735417232,2,5,-0.7333772967185263,2,Rendah,0,Rendah,0,2
0.07782388724873779,461,106,0,755,0,0.28641521086925475,-0.05261336417646587,-0.3402435147834422,0.882485940323629,-0.3502769091717185,2,9,-0.4877686086797539,-0.5025707110324167,0.5356933085673383,1.31517496510987,-1.315174965109828,2,5,-0.7333772967185263,2,Rendah,0,Sedang,2,3
0.37512046653293935,425,106,0,616,0,0.28641521086925475,-0.05261336417646587,-0.3402435147834422,0.42330401083130503,-0.3502769091717185,2,9,-0.4877686086797539,-0.5025707110324167,0.5356933085673383,3.0743723037614212,-3.074372303761379,0,3,-0.7333772967185263,2,Rendah,0,Sedang,2,3
-0.4950158630793579,546,106,0,127,0,1.5832890538735194,-0.05261336417646587,-0.16376715599501857,-0.5868962340518077,1.3296695828426413,2,9,-0.4877686086797539,-0.5025707110324167,-1.1846609731312947,-0.44402237354168095,0.4440223735417232,2,5,1.919883493890931,2,Rendah,0,Rendah,0,0
-0.6980476733222273,595,260,0,517,0,-1.0104586321350097,-1.1180339887498951,-0.6931962323602895,-0.935874500465974,-0.3502769091717185,2,4,-0.4877686086797539,-0.5025707110324167,-1.1846609731312947,-0.44402237354168095,0.4440223735417232,2,0,-0.7333772967185263,2,Rendah,0,Rendah,0,2
-0.723426649602586,930,31,0,149,0,-1.0104586321350097,-0.05261336417646587,-0.3402435147834422,-0.7705690058487373,-0.3502769091717185,2,4,-0.4877686086797539,-0.5025707110324167,-1.1846609731312947,-0.44402237354168095,0.4440223735417232,2,3,0.5932530985862023,1,Rendah,0,Rendah,0,2
-0.6538157432336021,1131,257,0,920,0,-1.0104586321350097,-1.1180339887498951,-0.3402435147834422,-0.935874500465974,-0.3502769091717185,2,4,-0.4877686086797539,-0.5025707110324167,-1.1846609731312947,-0.44402237354168095,0.4440223735417232,2,5,-0.7333772967185263,2,Rendah,0,Rendah,0,2
-0.3862488218778208,251,186,0,178,0,0.28641521086925475,-0.05261336417646587,-0.6931962323602895,-0.6236307884111937,-0.3502769091717185,2,9,-0.4877686086797539,-0.5025707110324167,0.5356933085673383,-0.44402237354168095,0.4440223735417232,2,4,0.5932530985862023,1,Rendah,0,Rendah,0,0
-0.7125499454824322,637,186,0,297,0,-1.0104586321350097,-1.1180339887498951,-0.19317988245975584,-0.8256708373878162,1.3296695828426413,2,4,-0.4877686086797539,-0.5025707110324167,-1.1846609731312947,-0.44402237354168095,0.4440223735417232,0,0,1.919883493890931,2,Rendah,0,Rendah,0,2
-0.5493993836801265,795,75,0,241,0,-1.0104586321350097,-1.1180339887498951,-0.3402435147834422,-0.7154671743096584,-0.3502769091717185,2,4,-0.4877686086797539,-0.5025707110324167,-1.1846609731312947,-0.44402237354168095,0.4440223735417232,2,5,-0.7333772967185263,2,Rendah,0,Rendah,0,2
-0.4950158630793579,636,62,0,184,0,0.28641521086925475,-0.05261336417646587,-0.04611625013606947,-0.4950598481533429,1.3296695828426413,2,9,-0.4877686086797539,-0.5025707110324167,-1.1846609731312947,-0.44402237354168095,0.4440223735417232,0,5,1.919883493890931,2,Rendah,0,Rendah,0,0
-0.6994979005382478,247,226,0,233,0,0.28641521086925475,-1.1180339887498951,-0.3402435147834422,-0.935874500465974,-0.3502769091717185,0,4,-0.4877686086797539,-0.5025707110324167,0.5356933085673383,-0.44402237354168095,0.4440223735417232,2,5,-0.7333772967185263,2,Rendah,0,Rendah,0,2
-0.31373746107679595,58,128,0,102,0,0.28641521086925475,-0.05261336417646587,-0.5461326000366031,-0.12771430455948374,-0.3502769091717185,2,9,-0.4877686086797539,-0.5025707110324167,0.5356933085673383,-0.44402237354168095,0.4440223735417232,2,0,0.5932530985862023,2,Rendah,0,Rendah,0,0
-0.4986414311194092,235,130,0,969,0,0.28641521086925475,-0.05261336417646587,-0.1343544295302813,0.05595846723744586,-0.3502769091717185,2,4,-0.4877686086797539,-0.5025707110324167,0.5356933085673383,3.0743723037614212,-3.074372303761379,0,0,-0.7333772967185263,1,Rendah,0,Sedang,2,3
-0.4986414311194092,115,130,0,965,0,0.28641521086925475,-0.05261336417646587,-0.3990689677129168,0.05595846723744586,-0.3502769091717185,2,4,-0.4877686086797539,-0.5025707110324167,0.5356933085673383,3.0743723037614212,-3.074372303761379,0,0,-0.7333772967185263,2,Rendah,0,Sedang,2,3
-0.8104402825638156,1064,235,0,194,0,-1.0104586321350097,-1.1180339887498951,-0.6931962323602895,-0.935874500465974,-0.3502769091717185,2,23,-0.4877686086797539,-0.5025707110324167,-1.1846609731312947,-0.44402237354168095,0.4440223735417232,0,7,-0.7333772967185263,1,Rendah,0,Rendah,0,2
-0.7270522176426372,513,235,0,742,0,-1.0104586321350097,-1.1180339887498951,0.48331282622920146,-0.7705690058487373,-0.3502769091717185,2,4,-0.4877686086797539,-0.5025707110324167,-1.1846609731312947,-0.44402237354168095,0.4440223735417232,0,5,-0.7333772967185263,1,Rendah,0,Rendah,0,2
-0.45876018267884555,542,123,0,108,0,-1.0104586321350097,-1.1180339887498951,-0.16376715599501857,-0.6052635112315007,-0.3502769091717185,2,4,-0.4877686086797539,-0.5025707110324167,-1.1846609731312947,1.31517496510987,-1.315174965109828,2,0,-0.7333772967185263,2,Rendah,0,Rendah,0,3
-0.5022669991594604,446,118,0,731,0,-1.0104586321350097,-0.05261336417646587,0.18918556158182873,-0.5868962340518077,1.3296695828426413,2,9,-0.4877686086797539,-0.5025707110324167,0.5356933085673383,-0.44402237354168095,0.4440223735417232,2,5,1.919883493890931,2,Rendah,0,Rendah,0,0
-0.4950158630793579,1095,161,0,318,0,0.28641521086925475,-0.05261336417646587,-0.16376715599501857,-0.7705690058487373,1.3296695828426413,2,9,-0.4877686086797539,-0.5025707110324167,-1.1846609731312947,-0.44402237354168095,0.4440223735417232,2,5,1.919883493890931,2,Rendah,0,Rendah,0,0
-0.28110734871633486,804,133,0,999,0,0.28641521086925475,-0.05261336417646587,-0.16376715599501857,-0.31138707635641333,-0.3502769091717185,2,9,-0.4877686086797539,-0.5025707110324167,0.5356933085673383,1.31517496510987,-1.315174965109828,2,5,0.5932530985862023,2,Rendah,0,Rendah,0,3
-0.4950158630793579,99,233,1,830,0,-1.0104586321350097,-1.1180339887498951,1.5715837054244806,-0.8624053917472021,-0.3502769091717185,2,4,-0.4877686086797539,-0.5025707110324167,-1.1846609731312947,3.0743723037614212,-3.074372303761379,2,0,0.5932530985862023,2,Rendah,0,Rendah,0,3
0.37512046653293935,46,233,1,291,0,0.28641521086925475,-0.05261336417646587,1.2480437143123706,0.2763657933937614,-2.0302234011860785,2,9,1.9815599727615003,1.9897697538834456,0.5356933085673383,3.0743723037614212,-3.074372303761379,2,7,-0.7333772967185263,2,Rendah,0,Sedang,2,3
0.19384206453037742,391,233,1,881,0,0.28641521086925475,-0.05261336417646587,0.012709202793405077,0.037591190057752896,-0.3502769091717185,1,4,1.9815599727615003,1.9897697538834456,0.5356933085673383,3.0743723037614212,-3.074372303761379,2,6,-0.7333772967185263,2,Rendah,0,Sedang,2,3
0.19384206453037742,1154,233,1,899,0,0.28641521086925475,-0.05261336417646587,0.012709202793405077,0.037591190057752896,-0.3502769091717185,1,9,1.9815599727615003,1.9897697538834456,2.2560475902659713,3.0743723037614212,-3.074372303761379,2,6,-0.7333772967185263,2,Rendah,0,Sedang,2,3
-0.3173630291168472,1154,233,1,899,0,0.28641521086925475,-1.1180339887498951,0.18918556158182873,-0.31138707635641333,-0.3502769091717185,2,4,-0.4877686086797539,-0.5025707110324167,-1.1846609731312947,-0.44402237354168095,0.4440223735417232,2,3,-0.7333772967185263,2,Rendah,0,Rendah,0,2
0.6651659097370385,938,233,1,5,0,0.28641521086925475,-0.05261336417646587,1.4539327995655316,1.800849799308277,1.3296695828426413,2,9,1.9815599727615003,1.9897697538834456,0.5356933085673383,-0.44402237354168095,0.4440223735417232,2,3,-0.7333772967185263,2,Sedang,2,Tinggi,3,1
-0.5675272238803827,443,233,1,229,0,0.28641521086925475,-0.05261336417646587,-0.3402435147834422,-0.6052635112315007,1.3296695828426413,2,9,-0.4877686086797539,-0.5025707110324167,0.5356933085673383,-0.44402237354168095,0.4440223735417232,2,5,1.919883493890931,2,Rendah,0,Rendah,0,0
0.6651659097370385,933,233,1,146,0,0.28641521086925475,1.0128072603969633,1.4539327995655316,1.800849799308277,1.3296695828426413,2,9,1.9815599727615003,-0.5025707110324167,0.5356933085673383,-0.44402237354168095,0.4440223735417232,2,3,-0.7333772967185263,2,Sedang,2,Tinggi,3,1
0.2300977449308898,932,233,1,264,0,0.28641521086925475,1.0128072603969633,1.0715673555239469,0.6069767826282346,1.3296695828426413,2,9,1.9815599727615003,1.9897697538834456,0.5356933085673383,1.31517496510987,-1.315174965109828,2,3,-0.7333772967185263,2,Rendah,0,Sedang,2,1
0.2300977449308898,944,233,1,264,0,0.28641521086925475,1.0128072603969633,0.7186146379470997,1.341667869815953,-0.3502769091717185,2,12,1.9815599727615003,1.9897697538834456,0.5356933085673383,1.31517496510987,-1.315174965109828,2,0,0.5932530985862023,2,Rendah,0,Tinggi,3,1
0.810188631339088,940,233,1,232,0,2.880162896877784,3.1436485095438216,1.0715673555239469,2.7192136582929254,-2.0302234011860785,2,9,-0.4877686086797539,-0.5025707110324167,0.5356933085673383,-0.44402237354168095,0.4440223735417232,2,6,-0.7333772967185263,0,Sedang,2,Sangat Tinggi,1,1
-0.785061306283457,634,70,1,783,0,-1.0104586321350097,-1.1180339887498951,-0.6931962323602895,-0.935874500465974,-2.0302234011860785,2,9,-0.4877686086797539,-0.5025707110324167,-1.1846609731312947,-0.44402237354168095,0.4440223735417232,1,3,-0.7333772967185263,2,Rendah,0,Rendah,0,2
-0.7480805122749343,80,70,1,813,0,-1.0104586321350097,-1.1180339887498951,-0.6931962323602895,-1.0093436091847459,-0.3502769091717185,2,4,-0.4877686086797539,-0.5025707110324167,-1.1846609731312947,-0.44402237354168095,0.4440223735417232,2,0,-0.7333772967185263,2,Rendah,0,Rendah,0,2
-0.023692017872696893,1039,70,1,838,0,0.28641521086925475,-0.05261336417646587,0.3068364674407778,0.16616213031560362,-0.3502769091717185,2,9,-0.4877686086797539,-0.5025707110324167,-1.1846609731312947,-0.44402237354168095,0.4440223735417232,2,5,-0.7333772967185263,1,Rendah,0,Sedang,2,2
-0.7669334660832008,298,70,1,554,0,-1.0104586321350097,-1.1180339887498951,-0.3402435147834422,-0.4950598481533429,-0.3502769091717185,0,4,-0.4877686086797539,-0.5025707110324167,-1.1846609731312947,-0.44402237354168095,0.4440223735417232,2,5,0.5932530985862023,2,Rendah,0,Rendah,0,2
-0.6400385846814075,27,70,1,207,0,0.28641521086925475,-0.05261336417646587,-0.6931962323602895,-0.6603653427705796,1.3296695828426413,2,9,-0.4877686086797539,-0.5025707110324167,0.5356933085673383,-0.44402237354168095,0.4440223735417232,2,5,1.919883493890931,2,Rendah,0,Rendah,0,0
-0.7488056258829446,67,70,1,290,0,-1.0104586321350097,-1.1180339887498951,-0.6931962323602895,-0.899139946106588,-0.3502769091717185,2,4,-0.4877686086797539,-0.5025707110324167,-1.1846609731312947,-0.44402237354168095,0.4440223735417232,2,5,-0.7333772967185263,2,Rendah,0,Rendah,0,2
-0.8807763025408097,905,70,1,290,0,-1.0104586321350097,-1.1180339887498951,-0.6931962323602895,-1.0644454407238246,-0.3502769091717185,2,4,-0.4877686086797539,-0.5025707110324167,-1.1846609731312947,-0.44402237354168095,0.4440223735417232,2,5,-0.7333772967185263,2,Rendah,0,Rendah,0,2
-0.5240204073997679,860,156,1,311,0,-1.0104586321350097,-1.1180339887498951,0.012709202793405077,-0.7705690058487373,-0.3502769091717185,2,4,-0.4877686086797539,-0.5025707110324167,-1.1846609731312947,-0.44402237354168095,0.4440223735417232,4,5,-0.7333772967185263,2,Rendah,0,Rendah,0,2
-0.7611325572191189,111,156,1,14,0,-1.0104586321350097,-1.1180339887498951,-0.634370779430815,-0.935874500465974,-2.0302234011860785,2,4,-0.4877686086797539,-0.5025707110324167,-1.1846609731312947,-0.44402237354168095,0.4440223735417232,2,5,-0.7333772967185263,2,Rendah,0,Rendah,0,2
-0.6219107444811512,84,156,1,302,0,-1.0104586321350097,-1.1180339887498951,-0.3402435147834422,-0.6787326199502726,-2.0302234011860785,2,4,-0.4877686086797539,-0.5025707110324167,-1.1846609731312947,-0.44402237354168095,0.4440223735417232,2,3,-0.7333772967185263,2,Rendah,0,Rendah,0,2
-0.5675272238803827,520,78,1,547,0,0.28641521086925475,-0.05261336417646587,-0.5167198735718659,-0.5685289568721148,1.3296695828426413,2,9,-0.4877686086797539,-0.5025707110324167,0.5356933085673383,-0.44402237354168095,0.4440223735417232,2,1,1.919883493890931,2,Rendah,0,Rendah,0,0
-0.5675272238803827,439,78,1,824,0,0.28641521086925475,-0.05261336417646587,-0.5167198735718659,-0.5685289568721148,1.3296695828426413,2,9,-0.4877686086797539,-0.5025707110324167,0.5356933085673383,-0.44402237354168095,0.4440223735417232,2,1,-0.7333772967185263,2,Rendah,0,Rendah,0,0
-0.5406980203840035,404,113,1,822,0,0.28641521086925475,-0.05261336417646587,-0.5461326000366031,-0.4950598481533429,-0.3502769091717185,2,4,1.9815599727615003,-0.5025707110324167,0.5356933085673383,-0.44402237354168095,0.4440223735417232,2,5,-0.7333772967185263,1,Rendah,0,Rendah,0,0
-0.4551346146387943,624,113,1,798,0,0.28641521086925475,-0.05261336417646587,-0.16376715599501857,-0.4950598481533429,-0.3502769091717185,2,4,-0.4877686086797539,-0.5025707110324167,0.5356933085673383,-0.44402237354168095,0.4440223735417232,2,7,-0.7333772967185263,2,Rendah,0,Rendah,0,0
-0.5058925671995116,698,113,1,632,0,0.28641521086925475,-0.05261336417646587,-0.5755453265013404,-0.4950598481533429,-0.3502769091717185,2,4,-0.4877686086797539,-0.5025707110324167,0.5356933085673383,-0.44402237354168095,0.4440223735417232,2,5,-0.7333772967185263,2,Rendah,0,Rendah,0,0
-0.6849956283780428,538,113,1,846,0,-1.0104586321350097,-1.1180339887498951,-0.6931962323602895,-0.9542417776456669,-0.3502769091717185,2,4,-0.4877686086797539,-0.5025707110324167,-1.1846609731312947,-0.44402237354168095,0.4440223735417232,2,3,-0.7333772967185263,2,Rendah,0,Rendah,0,2
-0.6849956283780428,549,113,1,421,0,-1.0104586321350097,-1.1180339887498951,-0.6049580529660777,-0.935874500465974,-2.0302234011860785,2,4,-0.4877686086797539,-0.5025707110324167,-1.1846609731312947,-0.44402237354168095,0.4440223735417232,2,5,0.5932530985862023,2,Rendah,0,Rendah,0,2
-0.2122215559553613,1104,113,1,490,0,0.28641521086925475,-0.05261336417646587,-0.5461326000366031,0.0008566356983669808,-2.0302234011860785,2,9,-0.4877686086797539,-0.5025707110324167,0.5356933085673383,-0.44402237354168095,0.4440223735417232,2,3,-0.7333772967185263,2,Rendah,0,Rendah,0,0
-0.6871709692020735,535,113,1,559,0,-1.0104586321350097,-1.1180339887498951,-0.6931962323602895,-0.935874500465974,-0.3502769091717185,2,4,-0.4877686086797539,-0.5025707110324167,-1.1846609731312947,-0.44402237354168095,0.4440223735417232,2,3,0.5932530985862023,2,Rendah,0,Rendah,0,2
-0.6646924473537559,775,113,1,159,0,-1.0104586321350097,-1.1180339887498951,-0.6931962323602895,-0.8624053917472021,-0.3502769091717185,2,4,-0.4877686086797539,-0.5025707110324167,-1.1846609731312947,-0.44402237354168095,0.4440223735417232,2,4,-0.7333772967185263,2,Rendah,0,Rendah,0,2
-0.7125499454824322,782,113,1,2,0,-1.0104586321350097,-1.1180339887498951,-0.6931962323602895,-0.8624053917472021,-0.3502769091717185,2,4,-0.4877686086797539,-0.5025707110324167,-1.1846609731312947,-0.44402237354168095,0.4440223735417232,2,5,-0.7333772967185263,2,Rendah,0,Rendah,0,2
-0.7125499454824322,797,113,1,183,0,-1.0104586321350097,-1.1180339887498951,-0.6931962323602895,-0.8624053917472021,-0.3502769091717185,2,4,-0.4877686086797539,-0.5025707110324167,-1.1846609731312947,-0.44402237354168095,0.4440223735417232,2,4,-0.7333772967185263,2,Rendah,0,Rendah,0,2
-0.7306777856826884,889,41,1,489,0,-1.0104586321350097,-1.1180339887498951,-0.6931962323602895,-0.7705690058487373,-0.3502769091717185,2,4,-0.4877686086797539,-0.5025707110324167,-1.1846609731312947,-0.44402237354168095,0.4440223735417232,2,5,-0.7333772967185263,2,Rendah,0,Rendah,0,2
-0.9300840278855066,94,41,1,850,0,-1.0104586321350097,-1.1180339887498951,-0.8402598646839758,-0.935874500465974,-0.3502769091717185,2,4,-0.4877686086797539,-0.5025707110324167,-1.1846609731312947,-0.44402237354168095,0.4440223735417232,2,3,0.5932530985862023,2,Rendah,0,Rendah,0,2
-0.8031891464837132,1005,41,1,636,0,-1.0104586321350097,-1.1180339887498951,-0.6931962323602895,-0.8624053917472021,-0.3502769091717185,2,4,-0.4877686086797539,-0.5025707110324167,-1.1846609731312947,-0.44402237354168095,0.4440223735417232,2,3,0.5932530985862023,2,Rendah,0,Rendah,0,2
-0.7125499454824322,195,41,1,850,0,-1.0104586321350097,-1.1180339887498951,0.012709202793405077,-0.7705690058487373,-0.3502769091717185,2,4,-0.4877686086797539,-0.5025707110324167,-1.1846609731312947,1.31517496510987,-1.315174965109828,2,0,1.919883493890931,2,Rendah,0,Rendah,0,3
-0.7125499454824322,195,41,1,850,0,-1.0104586321350097,-1.1180339887498951,0.012709202793405077,-0.7705690058487373,-0.3502769091717185,2,4,-0.4877686086797539,-0.5025707110324167,-1.1846609731312947,1.31517496510987,-1.315174965109828,2,0,1.919883493890931,2,Rendah,0,Rendah,0,3
-0.8031891464837132,1022,41,1,502,0,-1.0104586321350097,-1.1180339887498951,-0.6931962323602895,-0.8624053917472021,-0.3502769091717185,2,4,-0.4877686086797539,-0.5025707110324167,-1.1846609731312947,-0.44402237354168095,0.4440223735417232,2,3,0.5932530985862023,2,Rendah,0,Rendah,0,2
-0.8031891464837132,1022,41,1,502,0,-1.0104586321350097,-1.1180339887498951,-0.6931962323602895,-0.8624053917472021,-0.3502769091717185,2,4,-0.4877686086797539,-0.5025707110324167,-1.1846609731312947,-0.44402237354168095,0.4440223735417232,2,3,0.5932530985862023,2,Rendah,0,Rendah,0,2
-0.8865772114048917,952,41,1,629,0,-1.0104586321350097,-1.1180339887498951,-1.2226253087255605,-0.8256708373878162,-0.3502769091717185,2,4,-0.4877686086797539,-0.5025707110324167,-1.1846609731312947,-0.44402237354168095,0.4440223735417232,2,3,0.5932530985862023,2,Rendah,0,Rendah,0,2
-0.8394448268842256,747,41,1,833,0,-1.0104586321350097,-1.1180339887498951,-0.6931962323602895,-0.935874500465974,-0.3502769091717185,2,4,-0.4877686086797539,-0.5025707110324167,-1.1846609731312947,-0.44402237354168095,0.4440223735417232,2,5,-0.7333772967185263,2,Rendah,0,Rendah,0,2
-0.8938283474849942,297,41,1,139,0,-1.0104586321350097,-1.1180339887498951,-0.8402598646839758,-0.935874500465974,-0.3502769091717185,2,4,-0.4877686086797539,-0.5025707110324167,-1.1846609731312947,-0.44402237354168095,0.4440223735417232,2,3,0.5932530985862023,2,Rendah,0,Rendah,0,2
-0.9047050516051479,96,41,1,148,0,-1.0104586321350097,-1.1180339887498951,-1.3402762145845095,-0.899139946106588,-2.0302234011860785,2,21,-0.4877686086797539,-0.5025707110324167,-1.1846609731312947,-0.44402237354168095,0.4440223735417232,2,3,-0.7333772967185263,2,Rendah,0,Rendah,0,2
-0.9300840278855066,667,41,1,260,0,-1.0104586321350097,-1.1180339887498951,-0.8402598646839758,-0.935874500465974,-0.3502769091717185,2,4,-0.4877686086797539,-0.5025707110324167,-1.1846609731312947,-0.44402237354168095,0.4440223735417232,2,3,0.5932530985862023,2,Rendah,0,Rendah,0,2
-0.9300840278855066,221,41,1,124,0,-1.0104586321350097,-1.1180339887498951,-0.8402598646839758,-0.935874500465974,-2.0302234011860785,2,4,-0.4877686086797539,-0.5025707110324167,-1.1846609731312947,-0.44402237354168095,0.4440223735417232,2,3,0.5932530985862023,2,Rendah,0,Rendah,0,2
0.2300977449308898,1210,151,1,536,0,-1.0104586321350097,-0.05261336417646587,0.012709202793405077,0.16616213031560362,-0.3502769091717185,2,9,-0.4877686086797539,-0.5025707110324167,0.5356933085673383,3.0743723037614212,-3.074372303761379,2,1,-0.7333772967185263,1,Rendah,0,Sedang,2,3
-0.6762942650819198,568,51,1,782,0,-1.0104586321350097,-1.1180339887498951,-0.3402435147834422,-0.2746525219970274,-0.3502769091717185,2,4,-0.4877686086797539,-0.5025707110324167,-1.1846609731312947,-0.44402237354168095,0.4440223735417232,2,7,-0.7333772967185263,2,Rendah,0,Rendah,0,2
-0.5319966570878806,492,51,1,868,0,-1.0104586321350097,-1.1180339887498951,-0.45789442064239133,-0.935874500465974,-0.3502769091717185,2,23,-0.4877686086797539,-0.5025707110324167,-1.1846609731312947,-0.44402237354168095,0.4440223735417232,2,3,-0.7333772967185263,0,Rendah,0,Rendah,0,2
-0.5037172263754809,6,51,1,665,0,-1.0104586321350097,-1.1180339887498951,-0.28141806185396767,-0.935874500465974,-0.3502769091717185,2,4,-0.4877686086797539,-0.5025707110324167,-1.1846609731312947,-0.44402237354168095,0.4440223735417232,2,3,-0.7333772967185263,2,Rendah,0,Rendah,0,2
-0.7125499454824322,1063,51,1,849,0,-1.0104586321350097,-1.1180339887498951,-0.10494170306554403,-0.7154671743096584,-0.3502769091717185,2,4,-0.4877686086797539,-0.5025707110324167,-1.1846609731312947,-0.44402237354168095,0.4440223735417232,2,3,0.5932530985862023,2,Rendah,0,Rendah,0,2
-0.8575726670844818,1081,51,1,755,0,-1.0104586321350097,-1.1180339887498951,-0.3402435147834422,-0.935874500465974,-0.3502769091717185,0,4,-0.4877686086797539,-0.5025707110324167,-1.1846609731312947,-0.44402237354168095,0.4440223735417232,2,5,0.5932530985862023,2,Rendah,0,Rendah,0,2
-0.6400385846814075,1160,51,1,847,0,0.28641521086925475,-0.05261336417646587,-0.6931962323602895,-0.6052635112315007,1.3296695828426413,2,9,-0.4877686086797539,-0.5025707110324167,0.5356933085673383,-0.44402237354168095,0.4440223735417232,2,0,1.919883493890931,2,Rendah,0,Rendah,0,0
-0.5675272238803827,8,51,1,630,0,0.28641521086925475,-0.05261336417646587,-0.3990689677129168,-0.6052635112315007,1.3296695828426413,2,9,-0.4877686086797539,-0.5025707110324167,0.5356933085673383,-0.44402237354168095,0.4440223735417232,3,0,1.919883493890931,2,Rendah,0,Rendah,0,0
-0.5965317682007926,1181,51,1,1032,0,-1.0104586321350097,-1.1180339887498951,-0.5755453265013404,-0.8624053917472021,-0.3502769091717185,2,4,-0.4877686086797539,-0.5025707110324167,-1.1846609731312947,-0.44402237354168095,0.4440223735417232,2,5,-0.7333772967185263,2,Rendah,0,Rendah,0,2
-0.5675272238803827,171,51,1,912,0,0.28641521086925475,-0.05261336417646587,-0.3990689677129168,-0.6052635112315007,1.3296695828426413,2,9,-0.4877686086797539,-0.5025707110324167,0.5356933085673383,-0.44402237354168095,0.4440223735417232,2,5,1.919883493890931,2,Rendah,0,Rendah,0,0
-0.5276459754398191,960,51,1,99,0,-1.0104586321350097,-1.1180339887498951,-0.16376715599501857,-0.935874500465974,-0.3502769091717185,2,4,-0.4877686086797539,-0.5025707110324167,-1.1846609731312947,-0.44402237354168095,0.4440223735417232,2,5,-0.7333772967185263,2,Rendah,0,Rendah,0,2
-0.6400385846814075,1176,51,1,116,0,0.28641521086925475,-0.05261336417646587,-0.6931962323602895,-0.6052635112315007,1.3296695828426413,2,9,-0.4877686086797539,-0.5025707110324167,0.5356933085673383,-0.44402237354168095,0.4440223735417232,2,0,1.919883493890931,2,Rendah,0,Rendah,0,0
-0.5675272238803827,9,51,1,151,0,0.28641521086925475,-0.05261336417646587,-0.3990689677129168,-0.6052635112315007,1.3296695828426413,2,9,-0.4877686086797539,-0.5025707110324167,0.5356933085673383,-0.44402237354168095,0.4440223735417232,2,5,1.919883493890931,2,Rendah,0,Rendah,0,0
-0.27820689428429385,588,51,1,686,0,0.28641521086925475,-0.05261336417646587,-0.3402435147834422,0.05595846723744586,-0.3502769091717185,2,9,-0.4877686086797539,-0.5025707110324167,0.5356933085673383,-0.44402237354168095,0.4440223735417232,2,3,-0.7333772967185263,2,Rendah,0,Sedang,2,0
-0.8684493712046355,876,51,1,479,0,-1.0104586321350097,-1.1180339887498951,-0.9873234970076623,-0.935874500465974,-0.3502769091717185,2,4,-0.4877686086797539,-0.5025707110324167,-1.1846609731312947,-0.44402237354168095,0.4440223735417232,2,5,-0.7333772967185263,2,Rendah,0,Rendah,0,2
-0.6400385846814075,1003,51,1,493,0,0.28641521086925475,-0.05261336417646587,-0.6931962323602895,-0.6052635112315007,1.3296695828426413,2,9,-0.4877686086797539,-0.5025707110324167,0.5356933085673383,-0.44402237354168095,0.4440223735417232,2,5,1.919883493890931,2,Rendah,0,Rendah,0,0
-0.5747783599604852,1215,51,1,214,0,-1.0104586321350097,-1.1180339887498951,-0.3402435147834422,-0.7705690058487373,-0.3502769091717185,2,4,-0.4877686086797539,-0.5025707110324167,-1.1846609731312947,-0.44402237354168095,0.4440223735417232,2,5,0.5932530985862023,2,Rendah,0,Rendah,0,2
-0.5682523374883929,39,51,1,67,0,-1.0104586321350097,-1.1180339887498951,-0.3402435147834422,-0.7705690058487373,-0.3502769091717185,2,4,-0.4877686086797539,-0.5025707110324167,-1.1846609731312947,1.31517496510987,-1.315174965109828,2,5,0.5932530985862023,2,Rendah,0,Rendah,0,3
-0.629886994169264,220,51,1,493,0,-1.0104586321350097,-1.1180339887498951,-0.3402435147834422,-0.8256708373878162,-0.3502769091717185,2,4,-0.4877686086797539,-0.5025707110324167,-1.1846609731312947,-0.44402237354168095,0.4440223735417232,2,5,-0.7333772967185263,2,Rendah,0,Rendah,0,2
-0.5501244972881367,340,51,1,121,0,-1.0104586321350097,-1.1180339887498951,0.012709202793405077,-0.7154671743096584,-0.3502769091717185,2,4,-0.4877686086797539,-0.5025707110324167,-1.1846609731312947,1.31517496510987,-1.315174965109828,2,0,0.5932530985862023,2,Rendah,0,Rendah,0,3
-0.5501244972881367,340,51,1,121,0,-1.0104586321350097,-1.1180339887498951,0.012709202793405077,-0.7154671743096584,-0.3502769091717185,2,4,-0.4877686086797539,-0.5025707110324167,-1.1846609731312947,1.31517496510987,-1.315174965109828,2,0,0.5932530985862023,2,Rendah,0,Rendah,0,3
-0.6443892663294689,1110,51,1,140,0,-1.0104586321350097,-1.1180339887498951,-0.428481694177654,-0.8440381145675091,-0.3502769091717185,2,4,-0.4877686086797539,-0.5025707110324167,-1.1846609731312947,1.31517496510987,-1.315174965109828,2,5,0.5932530985862023,2,Rendah,0,Rendah,0,3
-0.5718779055284442,95,51,1,12,0,-1.0104586321350097,-1.1180339887498951,-0.3402435147834422,-0.7705690058487373,-0.3502769091717185,2,4,-0.4877686086797539,-0.5025707110324167,-1.1846609731312947,-0.44402237354168095,0.4440223735417232,2,5,0.5932530985862023,2,Rendah,0,Rendah,0,2
-0.6407636982894177,666,51,1,594,0,-1.0104586321350097,-1.1180339887498951,-0.6049580529660777,-0.8440381145675091,-0.3502769091717185,2,4,-0.4877686086797539,-0.5025707110324167,-1.1846609731312947,1.31517496510987,-1.315174965109828,2,5,0.5932530985862023,2,Rendah,0,Rendah,0,3
-0.6407636982894177,367,51,1,215,0,-1.0104586321350097,-1.1180339887498951,-0.6049580529660777,-0.8440381145675091,-0.3502769091717185,2,4,-0.4877686086797539,-0.5025707110324167,-1.1846609731312947,1.31517496510987,-1.315174965109828,2,5,0.5932530985862023,2,Rendah,0,Rendah,0,3
-0.5682523374883929,593,51,1,157,0,-1.0104586321350097,-1.1180339887498951,-0.3402435147834422,-0.7705690058487373,-0.3502769091717185,2,4,-0.4877686086797539,-0.5025707110324167,-1.1846609731312947,1.31517496510987,-1.315174965109828,2,5,0.5932530985862023,2,Rendah,0,Rendah,0,3
-0.5682523374883929,973,51,1,67,0,-1.0104586321350097,-1.1180339887498951,-0.3402435147834422,-0.7705690058487373,-0.3502769091717185,2,4,-0.4877686086797539,-0.5025707110324167,-1.1846609731312947,1.31517496510987,-1.315174965109828,2,5,0.5932530985862023,2,Rendah,0,Rendah,0,3
-0.5675272238803827,961,51,1,171,0,-1.0104586321350097,-1.1180339887498951,-0.19317988245975584,-0.935874500465974,-0.3502769091717185,2,4,-0.4877686086797539,-0.5025707110324167,-1.1846609731312947,-0.44402237354168095,0.4440223735417232,2,0,-0.7333772967185263,2,Rendah,0,Rendah,0,2
-0.4950158630793579,7,232,1,837,0,0.28641521086925475,1.0128072603969633,0.18918556158182873,-0.12771430455948374,1.3296695828426413,2,9,-0.4877686086797539,-0.5025707110324167,0.5356933085673383,-0.44402237354168095,0.4440223735417232,0,5,0.5932530985862023,2,Rendah,0,Rendah,0,0
-0.44425791051864055,97,232,1,251,0,0.28641521086925475,-0.05261336417646587,-0.19317988245975584,-0.4950598481533429,-0.3502769091717185,2,9,-0.4877686086797539,-0.5025707110324167,0.5356933085673383,-0.44402237354168095,0.4440223735417232,2,5,0.5932530985862023,2,Rendah,0,Rendah,0,0
0.3678693304528369,579,243,1,775,0,-1.0104586321350097,1.0128072603969633,0.8362655438060488,0.42330401083130503,-2.0302234011860785,0,9,1.9815599727615003,1.9897697538834456,0.5356933085673383,-0.44402237354168095,0.4440223735417232,2,3,0.5932530985862023,2,Rendah,0,Sedang,2,1
0.7231749983778583,490,243,1,621,0,-1.0104586321350097,1.0128072603969633,1.7774727906776415,0.900853217503322,1.3296695828426413,2,9,1.9815599727615003,1.9897697538834456,0.5356933085673383,-0.44402237354168095,0.4440223735417232,2,3,-0.7333772967185263,2,Sedang,2,Sedang,2,1
-0.5457738156400752,363,259,1,801,0,-1.0104586321350097,-1.1180339887498951,-1.399101667513984,0.05595846723744586,1.3296695828426413,2,9,-0.4877686086797539,-0.5025707110324167,-1.1846609731312947,-0.44402237354168095,0.4440223735417232,0,3,-0.7333772967185263,2,Rendah,0,Sedang,2,2
-0.6639673337457457,756,259,1,161,0,-1.0104586321350097,-0.05261336417646587,-0.6931962323602895,-0.6970998971299655,-2.0302234011860785,2,9,-0.4877686086797539,1.9897697538834456,0.5356933085673383,-0.44402237354168095,0.4440223735417232,2,3,0.5932530985862023,0,Rendah,0,Rendah,0,2
-0.6182851764411,240,39,1,796,0,0.28641521086925475,-0.05261336417646587,-0.5755453265013404,-0.6052635112315007,1.3296695828426413,2,9,-0.4877686086797539,-0.5025707110324167,0.5356933085673383,-0.44402237354168095,0.4440223735417232,2,3,1.919883493890931,2,Rendah,0,Rendah,0,0
-0.5892806321206902,885,54,1,865,0,-1.0104586321350097,-1.1180339887498951,-0.428481694177654,-0.2746525219970274,-0.3502769091717185,2,4,-0.4877686086797539,-0.5025707110324167,-1.1846609731312947,-0.44402237354168095,0.4440223735417232,2,5,0.5932530985862023,1,Rendah,0,Rendah,0,2
0.4476318273339641,159,54,1,137,0,0.28641521086925475,1.0128072603969633,1.0715673555239469,1.341667869815953,-0.3502769091717185,2,9,1.9815599727615003,1.9897697538834456,0.5356933085673383,3.0743723037614212,-3.074372303761379,4,1,-0.7333772967185263,1,Rendah,0,Tinggi,3,3
-0.6066833587129361,772,54,1,253,0,-1.0104586321350097,-1.1180339887498951,-0.6931962323602895,-1.0460781635441316,-0.3502769091717185,2,4,-0.4877686086797539,-0.5025707110324167,-1.1846609731312947,-0.44402237354168095,0.4440223735417232,2,5,-0.7333772967185263,2,Rendah,0,Rendah,0,2
-0.023692017872696893,1107,162,1,799,0,0.28641521086925475,-0.05261336417646587,0.3068364674407778,0.16616213031560362,-0.3502769091717185,2,9,-0.4877686086797539,-0.5025707110324167,-1.1846609731312947,-0.44402237354168095,0.4440223735417232,2,5,-0.7333772967185263,1,Rendah,0,Sedang,2,2
-0.4950158630793579,13,162,1,228,0,-1.0104586321350097,-1.1180339887498951,0.18918556158182873,-0.7705690058487373,-0.3502769091717185,2,4,-0.4877686086797539,-0.5025707110324167,-1.1846609731312947,-0.44402237354168095,0.4440223735417232,2,3,-0.7333772967185263,2,Rendah,0,Rendah,0,2
-0.49574097668736816,70,162,1,84,0,-1.0104586321350097,-1.1180339887498951,0.18918556158182873,-0.7705690058487373,-0.3502769091717185,2,4,-0.4877686086797539,-0.5025707110324167,-1.1846609731312947,-0.44402237354168095,0.4440223735417232,2,7,-0.7333772967185263,2,Rendah,0,Rendah,0,2
1.9703704041554846,19,162,1,955,0,1.5832890538735194,2.0782278849703926,2.8363309434081834,2.755948212652311,1.3296695828426413,2,15,1.9815599727615003,1.9897697538834456,2.2560475902659713,1.31517496510987,-1.315174965109828,2,7,-0.7333772967185263,2,Tinggi,3,Sangat Tinggi,1,1
2.3329272081606085,677,162,1,122,0,1.5832890538735194,1.0128072603969633,2.8363309434081834,2.755948212652311,1.3296695828426413,2,9,1.9815599727615003,1.9897697538834456,2.2560475902659713,-0.44402237354168095,0.4440223735417232,2,5,-0.7333772967185263,2,Tinggi,3,Sangat Tinggi,1,1
-0.023692017872696893,1116,44,1,794,0,0.28641521086925475,-0.05261336417646587,0.3068364674407778,0.16616213031560362,-0.3502769091717185,2,9,-0.4877686086797539,-0.5025707110324167,-1.1846609731312947,-0.44402237354168095,0.4440223735417232,2,5,-0.7333772967185263,1,Rendah,0,Sedang,2,2
-0.4551346146387943,779,92,1,859,0,0.28641521086925475,-0.05261336417646587,-0.16376715599501857,-0.4950598481533429,-0.3502769091717185,2,4,-0.4877686086797539,-0.5025707110324167,0.5356933085673383,-0.44402237354168095,0.4440223735417232,2,5,-0.7333772967185263,2,Rendah,0,Rendah,0,0
-0.4333812063984869,627,92,1,848,0,0.28641521086925475,-0.05261336417646587,0.04212192925814235,-0.4950598481533429,-0.3502769091717185,2,4,-0.4877686086797539,-0.5025707110324167,0.5356933085673383,-0.44402237354168095,0.4440223735417232,2,7,-0.7333772967185263,2,Rendah,0,Rendah,0,0
-0.5058925671995116,696,92,1,633,0,0.28641521086925475,-0.05261336417646587,-0.5755453265013404,-0.4950598481533429,-0.3502769091717185,2,4,-0.4877686086797539,-0.5025707110324167,0.5356933085673383,-0.44402237354168095,0.4440223735417232,2,5,-0.7333772967185263,2,Rendah,0,Rendah,0,0
-0.7125499454824322,1038,40,1,591,0,-1.0104586321350097,-1.1180339887498951,-0.3402435147834422,-0.935874500465974,-0.3502769091717185,2,4,-0.4877686086797539,-0.5025707110324167,-1.1846609731312947,-0.44402237354168095,0.4440223735417232,2,3,0.5932530985862023,2,Rendah,0,Rendah,0,2
-0.799563578443662,580,40,1,902,0,-1.0104586321350097,-1.1180339887498951,-0.9873234970076623,-0.8624053917472021,-0.3502769091717185,1,4,-0.4877686086797539,-0.5025707110324167,-1.1846609731312947,-0.44402237354168095,0.4440223735417232,0,0,-0.7333772967185263,2,Rendah,0,Rendah,0,2
-0.28328268954036556,117,258,1,117,0,-1.0104586321350097,-0.05261336417646587,-0.2520053353892304,-0.0542451958407119,-2.0302234011860785,2,9,-0.4877686086797539,-0.5025707110324167,0.5356933085673383,-0.44402237354168095,0.4440223735417232,0,5,-0.7333772967185263,2,Rendah,0,Rendah,0,2
-0.42395472949435364,859,193,1,662,0,-1.0104586321350097,-0.05261336417646587,-0.6931962323602895,-0.47669257097365,1.3296695828426413,0,9,-0.4877686086797539,-0.5025707110324167,0.5356933085673383,3.0743723037614212,-3.074372303761379,2,7,-0.7333772967185263,2,Rendah,0,Rendah,0,3
-0.5747783599604852,64,193,1,1033,0,-1.0104586321350097,-0.05261336417646587,-0.6931962323602895,-0.8624053917472021,1.3296695828426413,0,23,-0.4877686086797539,-0.5025707110324167,0.5356933085673383,-0.44402237354168095,0.4440223735417232,2,3,-0.7333772967185263,2,Rendah,0,Rendah,0,0
-0.45948529628685575,1201,193,1,712,0,0.28641521086925475,-1.1180339887498951,-0.3402435147834422,-0.7154671743096584,-0.3502769091717185,1,9,-0.4877686086797539,-0.5025707110324167,-1.1846609731312947,-0.44402237354168095,0.4440223735417232,2,3,-0.7333772967185263,2,Rendah,0,Rendah,0,2
-0.5138688168876243,1201,193,1,555,0,-1.0104586321350097,-1.1180339887498951,-0.3402435147834422,-0.8807726689268951,-0.3502769091717185,1,9,-0.4877686086797539,-0.5025707110324167,-1.1846609731312947,-0.44402237354168095,0.4440223735417232,2,3,-0.7333772967185263,2,Rendah,0,Rendah,0,2
-0.6284367669532435,1202,193,1,713,0,-1.0104586321350097,-1.1180339887498951,-0.6931962323602895,-1.1011799950832106,-0.3502769091717185,1,9,-0.4877686086797539,-0.5025707110324167,-1.1846609731312947,-0.44402237354168095,0.4440223735417232,2,3,-0.7333772967185263,2,Rendah,0,Rendah,0,2
-0.5276459754398191,464,193,1,504,0,0.28641521086925475,-0.05261336417646587,-0.5755453265013404,-0.4950598481533429,-0.3502769091717185,2,4,-0.4877686086797539,-0.5025707110324167,0.5356933085673383,-0.44402237354168095,0.4440223735417232,2,5,1.919883493890931,1,Rendah,0,Rendah,0,0
-0.8807763025408097,904,193,1,468,0,-2.3073324751392743,-1.1180339887498951,-0.5167198735718659,-1.1562818266222894,-2.0302234011860785,0,4,-0.4877686086797539,-0.5025707110324167,-1.1846609731312947,-0.44402237354168095,0.4440223735417232,2,3,-0.7333772967185263,2,Rendah,0,Rendah,0,2
-0.7125499454824322,771,193,1,164,0,-1.0104586321350097,-1.1180339887498951,-0.6931962323602895,-0.8624053917472021,-0.3502769091717185,2,4,-0.4877686086797539,-0.5025707110324167,-1.1846609731312947,-0.44402237354168095,0.4440223735417232,2,4,-0.7333772967185263,2,Rendah,0,Rendah,0,2
-0.7125499454824322,783,193,1,209,0,-1.0104586321350097,-1.1180339887498951,-0.6931962323602895,-0.8624053917472021,-0.3502769091717185,2,4,-0.4877686086797539,-0.5025707110324167,-1.1846609731312947,-0.44402237354168095,0.4440223735417232,2,5,-0.7333772967185263,2,Rendah,0,Rendah,0,2
-0.6400385846814075,403,60,1,634,0,-1.0104586321350097,-0.05261336417646587,-0.6931962323602895,-0.7154671743096584,-0.3502769091717185,2,9,-0.4877686086797539,-0.5025707110324167,-1.1846609731312947,-0.44402237354168095,0.4440223735417232,0,3,0.5932530985862023,2,Rendah,0,Rendah,0,2
-0.023692017872696893,452,60,1,800,0,0.28641521086925475,-0.05261336417646587,0.3068364674407778,0.16616213031560362,-0.3502769091717185,2,9,-0.4877686086797539,-0.5025707110324167,0.5356933085673383,1.31517496510987,-1.315174965109828,2,3,-0.7333772967185263,1,Rendah,0,Sedang,2,3
-0.5537500653281879,749,60,1,492,0,-1.0104586321350097,-1.1180339887498951,0.18918556158182873,-0.935874500465974,-0.3502769091717185,2,4,-0.4877686086797539,-0.5025707110324167,-1.1846609731312947,1.31517496510987,-1.315174965109828,2,5,0.5932530985862023,2,Rendah,0,Rendah,0,3
-0.6030577906728848,449,60,1,238,0,-1.0104586321350097,-1.1180339887498951,-0.3990689677129168,-0.935874500465974,-0.3502769091717185,2,4,-0.4877686086797539,-0.5025707110324167,-1.1846609731312947,-0.44402237354168095,0.4440223735417232,2,5,0.5932530985862023,0,Rendah,0,Rendah,0,2
-0.6030577906728848,1041,60,1,978,0,-1.0104586321350097,-1.1180339887498951,-0.3990689677129168,-0.935874500465974,-0.3502769091717185,2,4,-0.4877686086797539,-0.5025707110324167,-1.1846609731312947,-0.44402237354168095,0.4440223735417232,2,5,0.5932530985862023,2,Rendah,0,Rendah,0,2
-0.6030577906728848,871,60,1,227,0,-1.0104586321350097,-1.1180339887498951,-0.3990689677129168,-0.935874500465974,-0.3502769091717185,2,4,-0.4877686086797539,-0.5025707110324167,-1.1846609731312947,-0.44402237354168095,0.4440223735417232,2,5,0.5932530985862023,2,Rendah,0,Rendah,0,2
-0.3441922326132264,909,60,1,195,0,-1.0104586321350097,-1.1180339887498951,1.2186309878476334,-0.7154671743096584,-0.3502769091717185,2,4,-0.4877686086797539,-0.5025707110324167,-1.1846609731312947,3.0743723037614212,-3.074372303761379,2,5,0.5932530985862023,1,Rendah,0,Rendah,0,3
-0.5305464298718601,43,60,1,309,0,-1.0104586321350097,-1.1180339887498951,0.012709202793405077,-0.7705690058487373,-0.3502769091717185,2,4,-0.4877686086797539,-0.5025707110324167,-1.1846609731312947,-0.44402237354168095,0.4440223735417232,2,5,-0.7333772967185263,2,Rendah,0,Rendah,0,2
-0.5305464298718601,344,60,1,313,0,-1.0104586321350097,-1.1180339887498951,0.012709202793405077,-0.7705690058487373,-0.3502769091717185,2,4,-0.4877686086797539,-0.5025707110324167,-1.1846609731312947,-0.44402237354168095,0.4440223735417232,2,5,-0.7333772967185263,2,Rendah,0,Rendah,0,2
-0.5305464298718601,346,60,1,561,0,-1.0104586321350097,-1.1180339887498951,0.012709202793405077,-0.7705690058487373,-0.3502769091717185,2,4,-0.4877686086797539,-0.5025707110324167,-1.1846609731312947,-0.44402237354168095,0.4440223735417232,2,5,-0.7333772967185263,2,Rendah,0,Rendah,0,2
-0.22672382811556627,433,60,1,308,0,0.28641521086925475,1.0128072603969633,0.012709202793405077,0.14779485313591065,-0.3502769091717185,2,9,1.9815599727615003,1.9897697538834456,-1.1846609731312947,3.0743723037614212,-3.074372303761379,2,5,0.5932530985862023,1,Rendah,0,Sedang,2,3
-0.6146596084010488,346,60,1,313,0,-1.0104586321350097,-1.1180339887498951,-0.3990689677129168,-0.935874500465974,-0.3502769091717185,2,4,-0.4877686086797539,-0.5025707110324167,-1.1846609731312947,-0.44402237354168095,0.4440223735417232,2,5,-0.7333772967185263,2,Rendah,0,Rendah,0,2
-0.6146596084010488,299,60,1,310,0,-1.0104586321350097,-1.1180339887498951,-0.3990689677129168,-0.935874500465974,-0.3502769091717185,2,4,-0.4877686086797539,-0.5025707110324167,-1.1846609731312947,-0.44402237354168095,0.4440223735417232,2,5,-0.7333772967185263,2,Rendah,0,Rendah,0,2
-0.6030577906728848,863,60,1,125,0,-1.0104586321350097,-1.1180339887498951,-0.3990689677129168,-0.935874500465974,-0.3502769091717185,2,4,-0.4877686086797539,-0.5025707110324167,-1.1846609731312947,-0.44402237354168095,0.4440223735417232,2,0,-0.7333772967185263,2,Rendah,0,Rendah,0,2
-0.6030577906728848,556,60,1,205,0,-1.0104586321350097,-1.1180339887498951,-0.3990689677129168,-0.935874500465974,-0.3502769091717185,2,4,-0.4877686086797539,-0.5025707110324167,-1.1846609731312947,-0.44402237354168095,0.4440223735417232,2,0,-0.7333772967185263,2,Rendah,0,Rendah,0,2
-0.6030577906728848,1132,60,1,12,0,-1.0104586321350097,-1.1180339887498951,-0.3990689677129168,-0.935874500465974,-0.3502769091717185,2,4,-0.4877686086797539,-0.5025707110324167,-1.1846609731312947,-0.44402237354168095,0.4440223735417232,2,5,-0.7333772967185263,2,Rendah,0,Rendah,0,2
-0.5232952937917575,1075,60,1,205,0,-1.0104586321350097,-1.1180339887498951,0.012709202793405077,-0.8624053917472021,-0.3502769091717185,2,4,-0.4877686086797539,-0.5025707110324167,-1.1846609731312947,-0.44402237354168095,0.4440223735417232,2,5,-0.7333772967185263,2,Rendah,0,Rendah,0,2
-0.16146360339464397,472,60,1,148,0,0.28641521086925475,1.0128072603969633,0.012709202793405077,0.14779485313591065,-0.3502769091717185,2,9,1.9815599727615003,1.9897697538834456,-1.1846609731312947,-0.44402237354168095,0.4440223735417232,2,5,-0.7333772967185263,2,Rendah,0,Sedang,2,1
-0.33476575570909317,753,60,1,12,0,-1.0104586321350097,-1.1180339887498951,1.2186309878476334,-0.7154671743096584,-0.3502769091717185,2,4,-0.4877686086797539,-0.5025707110324167,-1.1846609731312947,3.0743723037614212,-3.074372303761379,2,5,1.919883493890931,2,Rendah,0,Rendah,0,3
-0.6400385846814075,817,60,1,169,0,-1.0104586321350097,-1.1180339887498951,-0.3402435147834422,-0.935874500465974,-0.3502769091717185,2,4,1.9815599727615003,-0.5025707110324167,-1.1846609731312947,-0.44402237354168095,0.4440223735417232,2,5,0.5932530985862023,2,Rendah,0,Rendah,0,2
-0.6030577906728848,555,60,1,125,0,-1.0104586321350097,-1.1180339887498951,-0.3990689677129168,-0.935874500465974,-0.3502769091717185,2,4,-0.4877686086797539,-0.5025707110324167,-1.1846609731312947,-0.44402237354168095,0.4440223735417232,2,0,-0.7333772967185263,2,Rendah,0,Rendah,0,2
-0.29198405283648854,998,60,1,205,0,-1.0104586321350097,-1.1180339887498951,1.2186309878476334,-0.7154671743096584,-0.3502769091717185,2,4,-0.4877686086797539,-0.5025707110324167,-1.1846609731312947,-0.44402237354168095,0.4440223735417232,1,5,-0.7333772967185263,2,Rendah,0,Rendah,0,2
-0.5276459754398191,188,192,1,638,0,0.28641521086925475,-0.05261336417646587,-0.5755453265013404,-0.4950598481533429,-0.3502769091717185,2,4,-0.4877686086797539,-0.5025707110324167,0.5356933085673383,-0.44402237354168095,0.4440223735417232,2,5,1.919883493890931,1,Rendah,0,Rendah,0,0
-0.13245905907423405,575,192,1,541,0,0.28641521086925475,-0.05261336417646587,2.3951400464371244,-0.2379179676376415,-0.3502769091717185,2,9,-0.4877686086797539,-0.5025707110324167,0.5356933085673383,-0.44402237354168095,0.4440223735417232,2,0,0.5932530985862023,2,Rendah,0,Rendah,0,0
-0.4950158630793579,505,192,1,505,0,0.28641521086925475,-0.05261336417646587,-0.45789442064239133,-0.458325293793957,-0.3502769091717185,2,9,1.9815599727615003,1.9897697538834456,0.5356933085673383,-0.44402237354168095,0.4440223735417232,2,5,0.5932530985862023,2,Rendah,0,Rendah,0,0
-0.023692017872696893,168,192,1,473,0,0.28641521086925475,-0.05261336417646587,0.3068364674407778,0.16616213031560362,-0.3502769091717185,2,9,-0.4877686086797539,-0.5025707110324167,-1.1846609731312947,-0.44402237354168095,0.4440223735417232,2,5,-0.7333772967185263,1,Rendah,0,Sedang,2,2
-0.5058925671995116,628,192,1,640,0,0.28641521086925475,-0.05261336417646587,-0.5755453265013404,-0.4950598481533429,-0.3502769091717185,2,4,-0.4877686086797539,-0.5025707110324167,0.5356933085673383,-0.44402237354168095,0.4440223735417232,2,5,-0.7333772967185263,2,Rendah,0,Rendah,0,0
-0.6726686970418686,982,192,1,244,0,-1.0104586321350097,-1.1180339887498951,-0.5461326000366031,-0.935874500465974,-2.0302234011860785,2,4,-0.4877686086797539,-0.5025707110324167,-1.1846609731312947,-0.44402237354168095,0.4440223735417232,2,3,-0.7333772967185263,2,Rendah,0,Rendah,0,2
-0.7052988094023297,629,192,1,263,0,-1.0104586321350097,-1.1180339887498951,-0.6931962323602895,-0.935874500465974,-0.3502769091717185,2,4,-0.4877686086797539,-0.5025707110324167,-1.1846609731312947,-0.44402237354168095,0.4440223735417232,2,3,-0.7333772967185263,2,Rendah,0,Rendah,0,2
-0.6646924473537559,802,192,1,111,0,-1.0104586321350097,-1.1180339887498951,-0.6931962323602895,-0.8624053917472021,-0.3502769091717185,2,4,-0.4877686086797539,-0.5025707110324167,-1.1846609731312947,-0.44402237354168095,0.4440223735417232,2,4,-0.7333772967185263,2,Rendah,0,Rendah,0,2
-0.7125499454824322,783,192,1,113,0,-1.0104586321350097,-1.1180339887498951,-0.6931962323602895,-0.8624053917472021,-0.3502769091717185,2,4,-0.4877686086797539,-0.5025707110324167,-1.1846609731312947,-0.44402237354168095,0.4440223735417232,2,5,-0.7333772967185263,2,Rendah,0,Rendah,0,2
-0.7125499454824322,787,192,1,930,0,-1.0104586321350097,-1.1180339887498951,-0.6931962323602895,-0.8624053917472021,-0.3502769091717185,2,4,-0.4877686086797539,-0.5025707110324167,-1.1846609731312947,-0.44402237354168095,0.4440223735417232,2,3,-0.7333772967185263,2,Rendah,0,Rendah,0,2
-0.42250450227833314,780,192,1,255,0,0.28641521086925475,-0.05261336417646587,-0.3990689677129168,-0.4950598481533429,-0.3502769091717185,2,9,-0.4877686086797539,-0.5025707110324167,0.5356933085673383,-0.44402237354168095,0.4440223735417232,2,5,-0.7333772967185263,2,Rendah,0,Rendah,0,0
-0.45876018267884555,798,192,1,255,0,0.28641521086925475,-0.05261336417646587,-0.3990689677129168,-0.4950598481533429,-0.3502769091717185,2,9,-0.4877686086797539,-0.5025707110324167,0.5356933085673383,-0.44402237354168095,0.4440223735417232,2,4,-0.7333772967185263,2,Rendah,0,Rendah,0,0
-0.7125499454824322,1094,67,1,522,0,-1.0104586321350097,-1.1180339887498951,-0.3402435147834422,-0.935874500465974,-0.3502769091717185,2,4,-0.4877686086797539,-0.5025707110324167,-1.1846609731312947,-0.44402237354168095,0.4440223735417232,2,3,0.5932530985862023,2,Rendah,0,Rendah,0,2
-0.8394448268842256,747,67,1,759,0,-1.0104586321350097,-1.1180339887498951,-0.6931962323602895,-0.935874500465974,-0.3502769091717185,2,4,-0.4877686086797539,-0.5025707110324167,-1.1846609731312947,-0.44402237354168095,0.4440223735417232,2,5,-0.7333772967185263,2,Rendah,0,Rendah,0,2
-0.7161755135224834,1072,94,1,461,0,-1.0104586321350097,-1.1180339887498951,-0.3402435147834422,-0.935874500465974,-0.3502769091717185,2,4,-0.4877686086797539,-0.5025707110324167,-1.1846609731312947,-0.44402237354168095,0.4440223735417232,2,5,-0.7333772967185263,0,Rendah,0,Rendah,0,2
-0.023692017872696893,196,169,1,792,0,0.28641521086925475,-0.05261336417646587,0.3068364674407778,0.16616213031560362,-0.3502769091717185,2,9,-0.4877686086797539,-0.5025707110324167,-1.1846609731312947,-0.44402237354168095,0.4440223735417232,2,5,-0.7333772967185263,1,Rendah,0,Sedang,2,2
-0.03819429003290185,1071,169,1,284,0,0.28641521086925475,-0.05261336417646587,2.248076414113438,0.01922391287805994,1.3296695828426413,2,9,-0.4877686086797539,-0.5025707110324167,-1.1846609731312947,-0.44402237354168095,0.4440223735417232,0,5,-0.7333772967185263,2,Rendah,0,Rendah,0,0
-0.6574413112736534,176,251,1,820,0,-1.0104586321350097,-1.1180339887498951,0.07153465572287963,-0.8624053917472021,-0.3502769091717185,1,4,-0.4877686086797539,-0.5025707110324167,-1.1846609731312947,-0.44402237354168095,0.4440223735417232,2,5,-0.7333772967185263,2,Rendah,0,Rendah,0,2
-0.6110340403609975,1129,251,1,529,0,-1.0104586321350097,-1.1180339887498951,0.04212192925814235,-0.7705690058487373,-0.3502769091717185,2,4,-0.4877686086797539,-0.5025707110324167,-1.1846609731312947,-0.44402237354168095,0.4440223735417232,2,7,-0.7333772967185263,2,Rendah,0,Rendah,0,2
-0.5682523374883929,155,251,1,673,0,-1.0104586321350097,-1.1180339887498951,-1.2226253087255605,-0.0542451958407119,-2.0302234011860785,2,4,-0.4877686086797539,-0.5025707110324167,-1.1846609731312947,3.0743723037614212,-3.074372303761379,4,7,-0.7333772967185263,2,Rendah,0,Rendah,0,3
-0.023692017872696893,1118,172,1,811,0,0.28641521086925475,-0.05261336417646587,0.3068364674407778,0.16616213031560362,-0.3502769091717185,2,9,-0.4877686086797539,-0.5025707110324167,0.5356933085673383,-0.44402237354168095,0.4440223735417232,2,5,-0.7333772967185263,1,Rendah,0,Sedang,2,0
-0.6697682426098276,170,250,1,468,0,-1.0104586321350097,-1.1180339887498951,-0.6931962323602895,-1.0093436091847459,-0.3502769091717185,2,23,-0.4877686086797539,-0.5025707110324167,-1.1846609731312947,-0.44402237354168095,0.4440223735417232,2,2,-0.7333772967185263,2,Rendah,0,Rendah,0,2
0.8826999921401127,308,50,1,938,0,0.28641521086925475,1.0128072603969633,3.4834109256324037,1.81921707648797,1.3296695828426413,0,14,-0.4877686086797539,-0.5025707110324167,0.5356933085673383,3.0743723037614212,-3.074372303761379,2,6,1.919883493890931,0,Sedang,2,Tinggi,3,3
-0.36522052724552356,206,239,1,714,0,0.28641521086925475,-0.05261336417646587,0.24801101451130328,-0.2930197991767204,-0.3502769091717185,2,9,-0.4877686086797539,-0.5025707110324167,0.5356933085673383,-0.44402237354168095,0.4440223735417232,2,3,-0.7333772967185263,2,Rendah,0,Rendah,0,0
-0.023692017872696893,931,197,1,790,0,0.28641521086925475,-0.05261336417646587,0.3068364674407778,0.16616213031560362,-0.3502769091717185,2,9,-0.4877686086797539,-0.5025707110324167,-1.1846609731312947,-0.44402237354168095,0.4440223735417232,2,5,-0.7333772967185263,1,Rendah,0,Sedang,2,2
-0.023692017872696893,1119,228,1,844,0,0.28641521086925475,-0.05261336417646587,0.3068364674407778,0.16616213031560362,-0.3502769091717185,2,9,-0.4877686086797539,-0.5025707110324167,-1.1846609731312947,-0.44402237354168095,0.4440223735417232,2,5,-0.7333772967185263,1,Rendah,0,Sedang,2,2
-0.023692017872696893,217,55,1,793,0,0.28641521086925475,-0.05261336417646587,0.3068364674407778,0.16616213031560362,-0.3502769091717185,2,9,-0.4877686086797539,-0.5025707110324167,-1.1846609731312947,-0.44402237354168095,0.4440223735417232,2,5,-0.7333772967185263,1,Rendah,0,Sedang,2,2
-0.023692017872696893,1108,153,1,861,0,0.28641521086925475,-0.05261336417646587,0.3068364674407778,0.16616213031560362,-0.3502769091717185,2,9,-0.4877686086797539,-0.5025707110324167,-1.1846609731312947,-0.44402237354168095,0.4440223735417232,2,5,-0.7333772967185263,1,Rendah,0,Sedang,2,2
-0.023692017872696893,458,171,1,811,0,0.28641521086925475,-0.05261336417646587,0.3068364674407778,0.16616213031560362,-0.3502769091717185,2,9,-0.4877686086797539,-0.5025707110324167,-1.1846609731312947,-0.44402237354168095,0.4440223735417232,2,5,-0.7333772967185263,1,Rendah,0,Sedang,2,2
-0.023692017872696893,1080,152,1,862,0,0.28641521086925475,-0.05261336417646587,0.3068364674407778,0.16616213031560362,-0.3502769091717185,2,9,-0.4877686086797539,-0.5025707110324167,-1.1846609731312947,-0.44402237354168095,0.4440223735417232,2,5,-0.7333772967185263,1,Rendah,0,Sedang,2,2
-0.023692017872696893,460,242,1,791,0,0.28641521086925475,-0.05261336417646587,0.3068364674407778,0.16616213031560362,-0.3502769091717185,2,9,-0.4877686086797539,-0.5025707110324167,-1.1846609731312947,-0.44402237354168095,0.4440223735417232,2,5,-0.7333772967185263,1,Rendah,0,Sedang,2,2
-0.023692017872696893,1157,244,1,863,0,0.28641521086925475,-0.05261336417646587,0.3068364674407778,0.16616213031560362,-0.3502769091717185,2,9,-0.4877686086797539,-0.5025707110324167,-1.1846609731312947,-0.44402237354168095,0.4440223735417232,2,5,-0.7333772967185263,1,Rendah,0,Sedang,2,2
-0.023692017872696893,471,116,1,860,0,0.28641521086925475,-0.05261336417646587,0.3068364674407778,0.16616213031560362,-0.3502769091717185,2,9,-0.4877686086797539,-0.5025707110324167,-1.1846609731312947,-0.44402237354168095,0.4440223735417232,2,5,-0.7333772967185263,1,Rendah,0,Sedang,2,2
0.08507502332884026,953,116,1,511,0,1.5832890538735194,-0.05261336417646587,1.9539491494660652,0.23963123903437544,1.3296695828426413,2,9,-0.4877686086797539,-0.5025707110324167,0.5356933085673383,-0.44402237354168095,0.4440223735417232,2,7,-0.7333772967185263,2,Rendah,0,Sedang,2,0
-0.5058925671995116,693,89,1,798,0,0.28641521086925475,-0.05261336417646587,-0.5755453265013404,-0.4950598481533429,-0.3502769091717185,2,4,-0.4877686086797539,-0.5025707110324167,0.5356933085673383,-0.44402237354168095,0.4440223735417232,2,5,-0.7333772967185263,2,Rendah,0,Rendah,0,0
-0.7125499454824322,776,89,1,164,0,-1.0104586321350097,-1.1180339887498951,-0.6931962323602895,-0.8624053917472021,-0.3502769091717185,2,4,-0.4877686086797539,-0.5025707110324167,-1.1846609731312947,-0.44402237354168095,0.4440223735417232,2,5,-0.7333772967185263,2,Rendah,0,Rendah,0,2
-0.42250450227833314,796,89,1,254,0,0.28641521086925475,-0.05261336417646587,-0.3990689677129168,-0.4950598481533429,-0.3502769091717185,2,9,-0.4877686086797539,-0.5025707110324167,0.5356933085673383,-0.44402237354168095,0.4440223735417232,2,6,-0.7333772967185263,2,Rendah,0,Rendah,0,0
-0.7451800578428934,484,139,1,316,0,0.28641521086925475,-0.05261336417646587,-0.3402435147834422,-0.40322346225487815,-0.3502769091717185,0,4,-0.4877686086797539,-0.5025707110324167,-1.1846609731312947,-0.44402237354168095,0.4440223735417232,3,3,0.5932530985862023,2,Rendah,0,Rendah,0,2
-0.6907965372421248,53,139,1,319,0,0.28641521086925475,-0.05261336417646587,-0.3402435147834422,0.23963123903437544,-0.3502769091717185,0,4,-0.4877686086797539,-0.5025707110324167,-1.1846609731312947,-0.44402237354168095,0.4440223735417232,3,3,0.5932530985862023,2,Rendah,0,Sedang,2,2
-0.7488056258829446,52,139,1,288,0,-1.0104586321350097,-1.1180339887498951,0.18918556158182873,-0.5868962340518077,-0.3502769091717185,0,4,-0.4877686086797539,-0.5025707110324167,-1.1846609731312947,-0.44402237354168095,0.4440223735417232,4,3,-0.7333772967185263,2,Rendah,0,Rendah,0,2
-0.7488056258829446,1008,139,1,474,0,-1.0104586321350097,-1.1180339887498951,0.18918556158182873,-0.5868962340518077,-0.3502769091717185,0,4,-0.4877686086797539,-0.5025707110324167,-1.1846609731312947,-0.44402237354168095,0.4440223735417232,4,3,0.5932530985862023,2,Rendah,0,Rendah,0,2
-0.7488056258829446,1008,139,1,474,0,-1.0104586321350097,-1.1180339887498951,0.18918556158182873,-0.5868962340518077,-0.3502769091717185,0,4,-0.4877686086797539,-0.5025707110324167,-1.1846609731312947,-0.44402237354168095,0.4440223735417232,4,3,0.5932530985862023,2,Rendah,0,Rendah,0,2
-0.44063234247858935,679,48,1,934,0,0.28641521086925475,-0.05261336417646587,-0.3402435147834422,-0.32975435353610627,1.3296695828426413,2,9,-0.4877686086797539,-0.5025707110324167,0.5356933085673383,-0.44402237354168095,0.4440223735417232,2,5,0.5932530985862023,1,Rendah,0,Rendah,0,0
-0.3362159829251137,473,48,1,317,0,0.28641521086925475,-0.05261336417646587,0.7774400908765742,-0.32975435353610627,-0.3502769091717185,2,9,-0.4877686086797539,-0.5025707110324167,0.5356933085673383,-0.44402237354168095,0.4440223735417232,2,3,-0.7333772967185263,1,Rendah,0,Rendah,0,0
-0.3441922326132264,475,48,1,261,0,0.28641521086925475,-0.05261336417646587,0.7186146379470997,-0.32975435353610627,-0.3502769091717185,2,9,-0.4877686086797539,-0.5025707110324167,-1.1846609731312947,-0.44402237354168095,0.4440223735417232,2,3,-0.7333772967185263,1,Rendah,0,Rendah,0,2
-0.44063234247858935,394,48,1,250,0,0.28641521086925475,-0.05261336417646587,-0.3402435147834422,-0.32975435353610627,-0.3502769091717185,2,9,-0.4877686086797539,-0.5025707110324167,0.5356933085673383,-0.44402237354168095,0.4440223735417232,2,3,-0.7333772967185263,2,Rendah,0,Rendah,0,0
-0.720526195170545,1169,163,1,169,0,0.28641521086925475,1.0128072603969633,0.7774400908765742,1.360035146995646,1.3296695828426413,2,9,1.9815599727615003,-0.5025707110324167,0.5356933085673383,1.31517496510987,-1.315174965109828,2,0,-0.7333772967185263,1,Rendah,0,Tinggi,3,3
-0.7575069891790676,755,264,1,514,0,-1.0104586321350097,-1.1180339887498951,-0.3402435147834422,-0.935874500465974,-0.3502769091717185,0,4,-0.4877686086797539,-0.5025707110324167,-1.1846609731312947,-0.44402237354168095,0.4440223735417232,2,3,-0.7333772967185263,2,Rendah,0,Rendah,0,2
-0.4232296158863434,602,188,2,755,0,0.28641521086925475,-0.05261336417646587,-0.28141806185396767,-0.31138707635641333,-0.3502769091717185,2,9,-0.4877686086797539,-0.5025707110324167,0.5356933085673383,-0.44402237354168095,0.4440223735417232,2,5,-0.7333772967185263,2,Rendah,0,Rendah,0,0
-0.4145282525902204,605,188,2,466,0,0.28641521086925475,-0.05261336417646587,-0.3402435147834422,-0.31138707635641333,-2.0302234011860785,2,4,-0.4877686086797539,-0.5025707110324167,0.5356933085673383,-0.44402237354168095,0.4440223735417232,2,7,1.919883493890931,2,Rendah,0,Rendah,0,0
-0.7633078980431496,967,188,2,915,0,-1.0104586321350097,-1.1180339887498951,-0.6931962323602895,-0.8624053917472021,-0.3502769091717185,2,4,-0.4877686086797539,-0.5025707110324167,-1.1846609731312947,-0.44402237354168095,0.4440223735417232,2,3,0.5932530985862023,1,Rendah,0,Rendah,0,2
-0.2557283724359762,533,188,2,608,0,0.28641521086925475,-0.05261336417646587,-0.016703523671332196,0.05595846723744586,-2.0302234011860785,2,9,-0.4877686086797539,-0.5025707110324167,0.5356933085673383,1.31517496510987,-1.315174965109828,2,0,-0.7333772967185263,2,Rendah,0,Sedang,2,3
-0.3608698455974621,435,188,2,198,0,0.28641521086925475,1.0128072603969633,-0.8696725911487132,-0.035877918661018936,-0.3502769091717185,2,9,-0.4877686086797539,-0.5025707110324167,0.5356933085673383,-0.44402237354168095,0.4440223735417232,2,5,0.5932530985862023,2,Rendah,0,Rendah,0,0
-0.44063234247858935,487,188,2,143,0,0.28641521086925475,-0.05261336417646587,0.218598288046566,-0.21955069045794853,-0.3502769091717185,2,9,-0.4877686086797539,-0.5025707110324167,-1.1846609731312947,-0.44402237354168095,0.4440223735417232,2,5,0.5932530985862023,2,Rendah,0,Rendah,0,2
-0.34999314147730837,1183,188,2,110,0,-1.0104586321350097,-1.1180339887498951,-0.6931962323602895,-0.2746525219970274,-0.3502769091717185,2,4,-0.4877686086797539,-0.5025707110324167,-1.1846609731312947,-0.44402237354168095,0.4440223735417232,2,7,0.5932530985862023,1,Rendah,0,Rendah,0,2
-0.5312715434798703,147,188,2,981,0,-1.0104586321350097,-1.1180339887498951,-0.2520053353892304,-0.7705690058487373,-0.3502769091717185,2,4,-0.4877686086797539,-0.5025707110324167,-1.1846609731312947,1.31517496510987,-1.315174965109828,2,5,-0.7333772967185263,2,Rendah,0,Rendah,0,3
-0.4768880228791017,823,188,2,572,0,-1.0104586321350097,-1.1180339887498951,-0.45789442064239133,-0.8256708373878162,-0.3502769091717185,2,9,-0.4877686086797539,-0.5025707110324167,-1.1846609731312947,-0.44402237354168095,0.4440223735417232,0,7,-0.7333772967185263,2,Rendah,0,Rendah,0,2
-0.42250450227833314,415,188,2,143,0,0.28641521086925475,-0.05261336417646587,-0.3990689677129168,-0.2746525219970274,1.3296695828426413,2,9,-0.4877686086797539,-0.5025707110324167,0.5356933085673383,-0.44402237354168095,0.4440223735417232,2,5,1.919883493890931,1,Rendah,0,Rendah,0,0
-0.6443892663294689,935,188,2,25,0,-1.0104586321350097,-1.1180339887498951,-0.5167198735718659,-0.8624053917472021,-0.3502769091717185,2,4,-0.4877686086797539,-0.5025707110324167,-1.1846609731312947,-0.44402237354168095,0.4440223735417232,2,5,0.5932530985862023,2,Rendah,0,Rendah,0,2
-0.3209885971568985,418,188,2,12,0,0.28641521086925475,1.0128072603969633,0.13036010865235417,0.23963123903437544,1.3296695828426413,2,9,-0.4877686086797539,-0.5025707110324167,0.5356933085673383,-0.44402237354168095,0.4440223735417232,2,5,1.919883493890931,2,Rendah,0,Sedang,2,0
-0.5965317682007926,432,188,2,910,0,0.28641521086925475,-0.05261336417646587,-0.8402598646839758,-0.7338344514893514,-0.3502769091717185,2,4,-0.4877686086797539,-0.5025707110324167,0.5356933085673383,-0.44402237354168095,0.4440223735417232,2,5,0.5932530985862023,2,Rendah,0,Rendah,0,0
-0.7125499454824322,883,188,2,959,0,-1.0104586321350097,-1.1180339887498951,-0.45789442064239133,-0.7705690058487373,-0.3502769091717185,2,4,-0.4877686086797539,-0.5025707110324167,-1.1846609731312947,-0.44402237354168095,0.4440223735417232,2,7,-0.7333772967185263,2,Rendah,0,Rendah,0,2
-0.35361870951735963,962,188,2,32,0,0.28641521086925475,-0.05261336417646587,0.15977283511709145,-0.21955069045794853,-0.3502769091717185,2,9,-0.4877686086797539,-0.5025707110324167,-1.1846609731312947,-0.44402237354168095,0.4440223735417232,2,5,0.5932530985862023,1,Rendah,0,Rendah,0,2
-0.37537211775766705,420,188,2,22,0,0.28641521086925475,1.0128072603969633,-0.9873234970076623,-0.12771430455948374,1.3296695828426413,2,9,-0.4877686086797539,-0.5025707110324167,0.5356933085673383,-0.44402237354168095,0.4440223735417232,2,5,-0.7333772967185263,1,Rendah,0,Rendah,0,0
-0.19046814771505388,436,188,2,22,0,0.28641521086925475,1.0128072603969633,-0.3402435147834422,0.23963123903437544,-0.3502769091717185,2,9,-0.4877686086797539,-0.5025707110324167,0.5356933085673383,-0.44402237354168095,0.4440223735417232,2,5,1.919883493890931,2,Rendah,0,Sedang,2,0
-0.8430703949242768,750,188,2,949,0,-1.0104586321350097,-1.1180339887498951,-0.6931962323602895,-0.935874500465974,-0.3502769091717185,2,4,-0.4877686086797539,-0.5025707110324167,-1.1846609731312947,-0.44402237354168095,0.4440223735417232,2,5,-0.7333772967185263,2,Rendah,0,Rendah,0,2
-0.7198010815625348,988,188,2,287,0,-1.0104586321350097,-0.05261336417646587,1.9539491494660652,-0.6052635112315007,1.3296695828426413,2,4,-0.4877686086797539,-0.5025707110324167,-1.1846609731312947,-0.44402237354168095,0.4440223735417232,0,7,0.5932530985862023,2,Rendah,0,Rendah,0,2
0.1430841119696601,717,154,2,85,0,0.28641521086925475,1.0128072603969633,0.012709202793405077,0.05595846723744586,-0.3502769091717185,2,14,-0.4877686086797539,-0.5025707110324167,0.5356933085673383,-0.44402237354168095,0.4440223735417232,2,0,-0.7333772967185263,1,Rendah,0,Sedang,2,0
0.1430841119696601,142,72,2,494,0,0.28641521086925475,1.0128072603969633,0.012709202793405077,-0.035877918661018936,1.3296695828426413,2,14,-0.4877686086797539,-0.5025707110324167,0.5356933085673383,-0.44402237354168095,0.4440223735417232,2,7,-0.7333772967185263,0,Rendah,0,Rendah,0,0
-0.5711527919204339,365,72,2,678,0,-1.0104586321350097,-1.1180339887498951,0.13036010865235417,-0.8624053917472021,1.3296695828426413,2,4,-0.4877686086797539,-0.5025707110324167,-1.1846609731312947,-0.44402237354168095,0.4440223735417232,2,3,-0.7333772967185263,2,Rendah,0,Rendah,0,2
-0.42250450227833314,151,72,2,296,0,0.28641521086925475,1.0128072603969633,0.5127255526939387,-0.16444885891886965,-0.3502769091717185,2,14,-0.4877686086797539,-0.5025707110324167,0.5356933085673383,-0.44402237354168095,0.4440223735417232,2,0,0.5932530985862023,1,Rendah,0,Rendah,0,0
-0.3862488218778208,456,72,2,469,0,0.28641521086925475,-0.05261336417646587,-0.8108471382192386,-0.4950598481533429,-0.3502769091717185,2,4,-0.4877686086797539,-0.5025707110324167,0.5356933085673383,-0.44402237354168095,0.4440223735417232,1,5,-0.7333772967185263,2,Rendah,0,Rendah,0,0
-0.3942250715659335,692,72,2,945,0,0.28641521086925475,-0.05261336417646587,-0.3990689677129168,-0.32975435353610627,-2.0302234011860785,2,9,1.9815599727615003,-0.5025707110324167,0.5356933085673383,3.0743723037614212,-3.074372303761379,2,5,1.919883493890931,2,Rendah,0,Rendah,0,3
-0.5225701801837473,1051,72,2,579,0,-1.0104586321350097,-0.05261336417646587,-1.281450761655035,-0.6419980655908866,-0.3502769091717185,2,9,-0.4877686086797539,-0.5025707110324167,0.5356933085673383,-0.44402237354168095,0.4440223735417232,2,3,0.5932530985862023,2,Rendah,0,Rendah,0,0
-0.8140658506038669,777,90,2,755,0,-1.0104586321350097,-1.1180339887498951,-0.6931962323602895,-0.935874500465974,-0.3502769091717185,2,4,-0.4877686086797539,-0.5025707110324167,-1.1846609731312947,-0.44402237354168095,0.4440223735417232,2,7,-0.7333772967185263,2,Rendah,0,Rendah,0,2
-0.7379289217627909,311,90,2,918,0,-1.0104586321350097,-1.1180339887498951,-0.634370779430815,-0.935874500465974,-0.3502769091717185,2,4,-0.4877686086797539,-0.5025707110324167,-1.1846609731312947,-0.44402237354168095,0.4440223735417232,2,7,0.5932530985862023,2,Rendah,0,Rendah,0,2
-0.7052988094023297,366,90,2,1020,0,-1.0104586321350097,-1.1180339887498951,-0.5461326000366031,-0.935874500465974,-0.3502769091717185,2,4,-0.4877686086797539,-0.5025707110324167,-1.1846609731312947,-0.44402237354168095,0.4440223735417232,2,1,-0.7333772967185263,2,Rendah,0,Rendah,0,2
-0.7669334660832008,1073,90,2,153,0,-1.0104586321350097,-1.1180339887498951,-0.6931962323602895,-0.8624053917472021,-0.3502769091717185,2,4,-0.4877686086797539,-0.5025707110324167,-1.1846609731312947,-0.44402237354168095,0.4440223735417232,2,3,0.5932530985862023,2,Rendah,0,Rendah,0,2
-0.7669334660832008,1073,90,2,153,0,-1.0104586321350097,-1.1180339887498951,-0.6931962323602895,-0.8624053917472021,-0.3502769091717185,2,4,-0.4877686086797539,-0.5025707110324167,-1.1846609731312947,-0.44402237354168095,0.4440223735417232,2,3,0.5932530985862023,2,Rendah,0,Rendah,0,2
-0.7669334660832008,1068,90,2,155,0,-1.0104586321350097,-1.1180339887498951,-0.6931962323602895,-0.8624053917472021,-0.3502769091717185,2,4,-0.4877686086797539,-0.5025707110324167,-1.1846609731312947,-0.44402237354168095,0.4440223735417232,2,3,0.5932530985862023,2,Rendah,0,Rendah,0,2
-0.8938283474849942,336,90,2,145,0,-1.0104586321350097,-1.1180339887498951,-0.8402598646839758,-0.935874500465974,-2.0302234011860785,2,4,-0.4877686086797539,-0.5025707110324167,-1.1846609731312947,-0.44402237354168095,0.4440223735417232,2,1,0.5932530985862023,2,Rendah,0,Rendah,0,2
-0.3064863249966935,320,76,2,191,0,0.28641521086925475,-0.05261336417646587,-0.3990689677129168,0.5151403967297699,-0.3502769091717185,2,9,-0.4877686086797539,-0.5025707110324167,0.5356933085673383,-0.44402237354168095,0.4440223735417232,2,7,-0.7333772967185263,2,Rendah,0,Sedang,2,0
-0.556650519760229,342,76,2,31,0,-1.0104586321350097,-1.1180339887498951,-0.3990689677129168,-0.7154671743096584,-0.3502769091717185,2,4,-0.4877686086797539,-0.5025707110324167,-1.1846609731312947,-0.44402237354168095,0.4440223735417232,2,5,-0.7333772967185263,2,Rendah,0,Rendah,0,2
-0.44063234247858935,1128,76,2,143,0,0.28641521086925475,-0.05261336417646587,0.218598288046566,-0.31138707635641333,-0.3502769091717185,2,9,-0.4877686086797539,-0.5025707110324167,-1.1846609731312947,-0.44402237354168095,0.4440223735417232,2,5,0.5932530985862023,2,Rendah,0,Rendah,0,2
-0.5095181352395629,469,76,2,199,0,-1.0104586321350097,-0.05261336417646587,-0.5755453265013404,-0.4950598481533429,-0.3502769091717185,2,9,-0.4877686086797539,-0.5025707110324167,0.5356933085673383,-0.44402237354168095,0.4440223735417232,2,5,0.5932530985862023,1,Rendah,0,Rendah,0,0
-0.4950158630793579,958,76,2,143,0,-1.0104586321350097,-1.1180339887498951,0.6303764585528878,-0.5868962340518077,1.3296695828426413,2,4,-0.4877686086797539,-0.5025707110324167,-1.1846609731312947,-0.44402237354168095,0.4440223735417232,2,5,1.919883493890931,2,Rendah,0,Rendah,0,2
-0.5675272238803827,969,76,2,130,0,-1.0104586321350097,-1.1180339887498951,0.04212192925814235,-0.6787326199502726,-0.3502769091717185,2,9,-0.4877686086797539,-0.5025707110324167,-1.1846609731312947,-0.44402237354168095,0.4440223735417232,2,5,0.5932530985862023,2,Rendah,0,Rendah,0,2
-0.28110734871633486,437,76,2,199,0,1.5832890538735194,1.0128072603969633,-0.10494170306554403,0.14779485313591065,1.3296695828426413,2,9,-0.4877686086797539,-0.5025707110324167,0.5356933085673383,-0.44402237354168095,0.4440223735417232,2,3,1.919883493890931,2,Rendah,0,Sedang,2,0
-0.5747783599604852,327,76,2,29,0,-1.0104586321350097,-1.1180339887498951,-0.3990689677129168,-0.7154671743096584,-0.3502769091717185,2,4,-0.4877686086797539,-0.5025707110324167,-1.1846609731312947,-0.44402237354168095,0.4440223735417232,2,5,-0.7333772967185263,2,Rendah,0,Rendah,0,2
-0.4413574560865996,455,76,2,132,0,0.28641521086925475,-0.05261336417646587,-0.45789442064239133,-0.5685289568721148,-0.3502769091717185,2,9,-0.4877686086797539,-0.5025707110324167,0.5356933085673383,-0.44402237354168095,0.4440223735417232,2,5,0.5932530985862023,2,Rendah,0,Rendah,0,0
-0.4232296158863434,414,76,2,123,0,0.28641521086925475,-0.05261336417646587,-0.3990689677129168,-0.4950598481533429,-0.3502769091717185,2,9,-0.4877686086797539,-0.5025707110324167,0.5356933085673383,-0.44402237354168095,0.4440223735417232,2,7,0.5932530985862023,2,Rendah,0,Rendah,0,0
-0.5675272238803827,557,76,2,27,0,-1.0104586321350097,-1.1180339887498951,0.04212192925814235,-0.6787326199502726,-0.3502769091717185,2,4,-0.4877686086797539,-0.5025707110324167,-1.1846609731312947,-0.44402237354168095,0.4440223735417232,2,5,0.5932530985862023,2,Rendah,0,Rendah,0,2
-0.4768880228791017,558,76,2,196,0,-1.0104586321350097,-1.1180339887498951,-0.3990689677129168,-0.5868962340518077,-0.3502769091717185,2,4,-0.4877686086797539,-0.5025707110324167,-1.1846609731312947,-0.44402237354168095,0.4440223735417232,2,3,0.5932530985862023,1,Rendah,0,Rendah,0,2
-0.5095181352395629,416,76,2,26,0,-1.0104586321350097,-0.05261336417646587,-0.6931962323602895,-0.4950598481533429,-0.3502769091717185,2,9,-0.4877686086797539,-0.5025707110324167,0.5356933085673383,-0.44402237354168095,0.4440223735417232,2,5,0.5932530985862023,1,Rendah,0,Rendah,0,0
0.07782388724873779,1028,76,2,32,0,0.28641521086925475,1.0128072603969633,0.4244873732997269,0.7906495544251643,-0.3502769091717185,2,9,1.9815599727615003,1.9897697538834456,0.5356933085673383,-0.44402237354168095,0.4440223735417232,2,6,-0.7333772967185263,1,Rendah,0,Sedang,2,1
0.07782388724873779,450,76,2,213,0,0.28641521086925475,1.0128072603969633,0.3362491939055151,0.7906495544251643,1.3296695828426413,2,9,1.9815599727615003,1.9897697538834456,0.5356933085673383,-0.44402237354168095,0.4440223735417232,2,5,1.919883493890931,1,Rendah,0,Sedang,2,1
-0.6516404024095714,608,76,2,6,0,-1.0104586321350097,-1.1180339887498951,-0.3402435147834422,-0.7705690058487373,-2.0302234011860785,2,4,-0.4877686086797539,-0.5025707110324167,-1.1846609731312947,-0.44402237354168095,0.4440223735417232,2,3,-0.7333772967185263,2,Rendah,0,Rendah,0,2
-0.4732624548390505,326,76,2,129,0,-1.0104586321350097,-1.1180339887498951,0.5127255526939387,-0.7154671743096584,-0.3502769091717185,2,4,-0.4877686086797539,-0.5025707110324167,-1.1846609731312947,-0.44402237354168095,0.4440223735417232,2,5,-0.7333772967185263,2,Rendah,0,Rendah,0,2
-0.5747783599604852,334,76,2,197,0,-1.0104586321350097,-1.1180339887498951,-0.3990689677129168,-0.7154671743096584,-0.3502769091717185,2,4,-0.4877686086797539,-0.5025707110324167,-1.1846609731312947,-0.44402237354168095,0.4440223735417232,2,5,-0.7333772967185263,2,Rendah,0,Rendah,0,2
-0.5711527919204339,343,76,2,212,0,-1.0104586321350097,-1.1180339887498951,-0.3402435147834422,-0.7154671743096584,-0.3502769091717185,2,4,-0.4877686086797539,-0.5025707110324167,-1.1846609731312947,-0.44402237354168095,0.4440223735417232,2,0,-0.7333772967185263,2,Rendah,0,Rendah,0,2
-0.5733281327444647,261,76,2,28,0,-1.0104586321350097,-1.1180339887498951,-0.3990689677129168,-0.7154671743096584,-0.3502769091717185,2,4,-0.4877686086797539,-0.5025707110324167,-1.1846609731312947,-0.44402237354168095,0.4440223735417232,2,3,-0.7333772967185263,2,Rendah,0,Rendah,0,2
-0.5095181352395629,369,76,2,198,0,-1.0104586321350097,-1.1180339887498951,-0.3990689677129168,-0.7705690058487373,-0.3502769091717185,2,9,-0.4877686086797539,-0.5025707110324167,-1.1846609731312947,-0.44402237354168095,0.4440223735417232,2,3,0.5932530985862023,1,Rendah,0,Rendah,0,2
-0.3028607569566423,341,76,2,199,0,0.28641521086925475,-0.05261336417646587,-0.3990689677129168,0.5151403967297699,-0.3502769091717185,2,9,-0.4877686086797539,-0.5025707110324167,0.5356933085673383,-0.44402237354168095,0.4440223735417232,2,3,-0.7333772967185263,2,Rendah,0,Sedang,2,0
-0.5457738156400752,258,43,2,181,0,0.28641521086925475,-1.1180339887498951,-0.3402435147834422,-0.6419980655908866,-0.3502769091717185,2,9,1.9815599727615003,-0.5025707110324167,0.5356933085673383,-0.44402237354168095,0.4440223735417232,2,7,0.5932530985862023,2,Rendah,0,Rendah,0,0
-0.6516404024095714,359,43,2,7,0,-1.0104586321350097,-1.1180339887498951,-0.3402435147834422,-0.7705690058487373,-0.3502769091717185,2,4,-0.4877686086797539,-0.5025707110324167,-1.1846609731312947,-0.44402237354168095,0.4440223735417232,2,7,-0.7333772967185263,1,Rendah,0,Rendah,0,2
-0.4333812063984869,116,43,2,437,0,0.28641521086925475,-0.05261336417646587,0.012709202793405077,-0.31138707635641333,-0.3502769091717185,2,9,-0.4877686086797539,-0.5025707110324167,0.5356933085673383,1.31517496510987,-1.315174965109828,0,2,-0.7333772967185263,2,Rendah,0,Rendah,0,3
-0.27820689428429385,375,71,2,567,0,0.28641521086925475,-0.05261336417646587,0.15977283511709145,-0.12771430455948374,1.3296695828426413,2,9,-0.4877686086797539,-0.5025707110324167,0.5356933085673383,-0.44402237354168095,0.4440223735417232,2,5,1.919883493890931,2,Rendah,0,Rendah,0,0
-0.44063234247858935,965,71,2,755,0,0.28641521086925475,-0.05261336417646587,-0.4873071471071286,-0.40322346225487815,1.3296695828426413,2,9,-0.4877686086797539,-0.5025707110324167,0.5356933085673383,-0.44402237354168095,0.4440223735417232,2,7,-0.7333772967185263,2,Rendah,0,Rendah,0,0
-0.4768880228791017,434,71,2,198,0,0.28641521086925475,-0.05261336417646587,-0.5167198735718659,-0.5685289568721148,1.3296695828426413,2,9,-0.4877686086797539,-0.5025707110324167,0.5356933085673383,-0.44402237354168095,0.4440223735417232,2,5,1.919883493890931,2,Rendah,0,Rendah,0,0
-0.28110734871633486,417,71,2,68,0,0.28641521086925475,1.0128072603969633,0.3362491939055151,0.23963123903437544,1.3296695828426413,2,9,-0.4877686086797539,-0.5025707110324167,0.5356933085673383,-0.44402237354168095,0.4440223735417232,2,5,1.919883493890931,2,Rendah,0,Sedang,2,0
-0.49574097668736816,1084,71,2,913,0,0.28641521086925475,-0.05261336417646587,-0.5167198735718659,-0.5685289568721148,1.3296695828426413,2,9,-0.4877686086797539,-0.5025707110324167,0.5356933085673383,-0.44402237354168095,0.4440223735417232,2,5,-0.7333772967185263,2,Rendah,0,Rendah,0,0
-0.8430703949242768,750,71,2,1001,0,-1.0104586321350097,-1.1180339887498951,-0.6931962323602895,-0.935874500465974,-0.3502769091717185,2,4,-0.4877686086797539,-0.5025707110324167,-1.1846609731312947,-0.44402237354168095,0.4440223735417232,2,5,-0.7333772967185263,2,Rendah,0,Rendah,0,2
-0.42250450227833314,75,245,2,0,0,0.28641521086925475,-0.05261336417646587,-0.3990689677129168,-0.34812163071579927,1.3296695828426413,2,9,-0.4877686086797539,-0.5025707110324167,0.5356933085673383,-0.44402237354168095,0.4440223735417232,1,5,1.919883493890931,2,Rendah,0,Rendah,0,0
-0.28110734871633486,1130,245,2,904,0,0.28641521086925475,-0.05261336417646587,-0.3402435147834422,-0.31138707635641333,-0.3502769091717185,2,9,-0.4877686086797539,-0.5025707110324167,0.5356933085673383,-0.44402237354168095,0.4440223735417232,0,0,0.5932530985862023,2,Rendah,0,Rendah,0,0
-0.20497041987525882,1182,221,2,948,0,0.28641521086925475,2.0782278849703926,-0.3402435147834422,0.33146762493284027,-0.3502769091717185,2,9,-0.4877686086797539,-0.5025707110324167,0.5356933085673383,1.31517496510987,-1.315174965109828,0,3,0.5932530985862023,2,Rendah,0,Sedang,2,3
-0.6509152888015611,972,221,2,7,0,-1.0104586321350097,-1.1180339887498951,0.012709202793405077,-0.5868962340518077,-0.3502769091717185,2,4,-0.4877686086797539,-0.5025707110324167,-1.1846609731312947,-0.44402237354168095,0.4440223735417232,2,3,-0.7333772967185263,2,Rendah,0,Rendah,0,2
0.07057275116863532,920,77,2,1030,0,0.28641521086925475,-0.05261336417646587,-0.6931962323602895,-0.25628524481733445,1.3296695828426413,2,9,-0.4877686086797539,-0.5025707110324167,0.5356933085673383,-0.44402237354168095,0.4440223735417232,0,3,1.919883493890931,2,Rendah,0,Rendah,0,0
-0.299235188916591,328,77,2,130,0,0.28641521086925475,-0.05261336417646587,-0.3990689677129168,0.5151403967297699,-0.3502769091717185,2,9,-0.4877686086797539,-0.5025707110324167,0.5356933085673383,-0.44402237354168095,0.4440223735417232,2,3,-0.7333772967185263,2,Rendah,0,Sedang,2,0
-0.42250450227833314,207,77,2,112,0,0.28641521086925475,1.0128072603969633,-0.5461326000366031,-0.16444885891886965,-0.3502769091717185,2,14,1.9815599727615003,1.9897697538834456,0.5356933085673383,-0.44402237354168095,0.4440223735417232,2,0,-0.7333772967185263,2,Rendah,0,Rendah,0,0
-0.35724427755741084,209,77,2,200,0,0.28641521086925475,1.0128072603969633,0.5127255526939387,-0.16444885891886965,-0.3502769091717185,2,14,-0.4877686086797539,-0.5025707110324167,0.5356933085673383,-0.44402237354168095,0.4440223735417232,2,0,0.5932530985862023,1,Rendah,0,Rendah,0,0
-0.023692017872696893,934,77,2,968,0,0.28641521086925475,1.0128072603969633,-0.10494170306554403,0.9375877718627079,1.3296695828426413,2,9,1.9815599727615003,1.9897697538834456,0.5356933085673383,-0.44402237354168095,0.4440223735417232,2,5,-0.7333772967185263,2,Rendah,0,Sedang,2,1
-0.6219107444811512,1044,77,2,185,0,-1.0104586321350097,-1.1180339887498951,-0.2520053353892304,-0.935874500465974,-0.3502769091717185,2,4,-0.4877686086797539,-0.5025707110324167,-1.1846609731312947,-0.44402237354168095,0.4440223735417232,2,3,0.5932530985862023,2,Rendah,0,Rendah,0,2
-0.1542124673145415,694,77,2,950,0,0.28641521086925475,-0.05261336417646587,0.27742374097604056,0.01922391287805994,1.3296695828426413,2,9,-0.4877686086797539,-0.5025707110324167,0.5356933085673383,-0.44402237354168095,0.4440223735417232,2,5,-0.7333772967185263,2,Rendah,0,Rendah,0,0
-0.1542124673145415,694,189,2,951,0,0.28641521086925475,-0.05261336417646587,0.27742374097604056,0.01922391287805994,1.3296695828426413,2,9,-0.4877686086797539,-0.5025707110324167,0.5356933085673383,-0.44402237354168095,0.4440223735417232,2,5,-0.7333772967185263,2,Rendah,0,Rendah,0,0
-0.785061306283457,985,227,2,111,0,-1.0104586321350097,-1.1180339887498951,-0.6931962323602895,-0.8624053917472021,-0.3502769091717185,2,4,-0.4877686086797539,-0.5025707110324167,-1.1846609731312947,-0.44402237354168095,0.4440223735417232,2,3,0.5932530985862023,1,Rendah,0,Rendah,0,2
-0.8321936908041231,792,227,2,195,0,-1.0104586321350097,-1.1180339887498951,-0.9873234970076623,-0.935874500465974,-2.0302234011860785,2,4,-0.4877686086797539,-0.5025707110324167,-1.1846609731312947,-0.44402237354168095,0.4440223735417232,2,5,0.5932530985862023,1,Rendah,0,Rendah,0,2
-0.3492680278692981,599,227,2,1016,0,0.28641521086925475,1.0128072603969633,0.5127255526939387,-0.16444885891886965,-0.3502769091717185,2,14,-0.4877686086797539,-0.5025707110324167,0.5356933085673383,-0.44402237354168095,0.4440223735417232,2,0,0.5932530985862023,1,Rendah,0,Rendah,0,0
-0.3492680278692981,441,227,2,1006,0,0.28641521086925475,1.0128072603969633,0.5127255526939387,0.07432574441713882,-0.3502769091717185,2,14,-0.4877686086797539,-0.5025707110324167,0.5356933085673383,-0.44402237354168095,0.4440223735417232,2,0,0.5932530985862023,1,Rendah,0,Sedang,2,0
-0.19771928379515635,553,227,2,1006,0,1.5832890538735194,1.0128072603969633,0.218598288046566,0.2579985162140684,1.3296695828426413,2,14,-0.4877686086797539,-0.5025707110324167,0.5356933085673383,-0.44402237354168095,0.4440223735417232,2,5,1.919883493890931,1,Rendah,0,Sedang,2,0
-0.6509152888015611,864,227,2,123,0,-1.0104586321350097,-1.1180339887498951,-0.6931962323602895,-0.7705690058487373,-0.3502769091717185,2,4,-0.4877686086797539,-0.5025707110324167,-1.1846609731312947,-0.44402237354168095,0.4440223735417232,2,5,-0.7333772967185263,1,Rendah,0,Rendah,0,2
-0.13245905907423405,318,227,2,23,0,-1.0104586321350097,-0.05261336417646587,0.012709202793405077,-0.21955069045794853,-2.0302234011860785,2,9,1.9815599727615003,1.9897697538834456,0.5356933085673383,1.31517496510987,-1.315174965109828,2,5,1.919883493890931,1,Rendah,0,Rendah,0,3
-0.42250450227833314,571,227,2,947,0,0.28641521086925475,-0.05261336417646587,-0.45789442064239133,-0.5685289568721148,1.3296695828426413,2,9,-0.4877686086797539,-0.5025707110324167,0.5356933085673383,-0.44402237354168095,0.4440223735417232,0,5,1.919883493890931,2,Rendah,0,Rendah,0,0
-0.45876018267884555,451,227,2,567,0,0.28641521086925475,-0.05261336417646587,-0.3990689677129168,-0.32975435353610627,1.3296695828426413,2,9,-0.4877686086797539,-0.5025707110324167,0.5356933085673383,-0.44402237354168095,0.4440223735417232,0,5,1.919883493890931,2,Rendah,0,Rendah,0,0
-0.5675272238803827,570,227,2,572,0,-1.0104586321350097,-1.1180339887498951,-0.45789442064239133,-0.899139946106588,-0.3502769091717185,2,4,-0.4877686086797539,-0.5025707110324167,-1.1846609731312947,-0.44402237354168095,0.4440223735417232,2,5,0.5932530985862023,2,Rendah,0,Rendah,0,2
-0.5312715434798703,175,227,2,929,0,0.28641521086925475,-1.1180339887498951,-0.3402435147834422,-0.6419980655908866,-0.3502769091717185,2,9,-0.4877686086797539,-0.5025707110324167,0.5356933085673383,-0.44402237354168095,0.4440223735417232,2,7,0.5932530985862023,2,Rendah,0,Rendah,0,0
-0.31373746107679595,341,227,2,188,0,1.5832890538735194,-0.05261336417646587,-0.3990689677129168,0.5702422282688487,-0.3502769091717185,2,9,-0.4877686086797539,-0.5025707110324167,0.5356933085673383,-0.44402237354168095,0.4440223735417232,2,3,-0.7333772967185263,2,Rendah,0,Sedang,2,0
-0.31011189303674475,322,227,2,195,0,0.28641521086925475,-0.05261336417646587,-0.3990689677129168,0.5151403967297699,-0.3502769091717185,2,9,-0.4877686086797539,-0.5025707110324167,0.5356933085673383,-0.44402237354168095,0.4440223735417232,2,3,-0.7333772967185263,2,Rendah,0,Sedang,2,0
0.35336705829263193,724,227,2,193,0,1.5832890538735194,2.0782278849703926,1.189218261382896,0.882485940323629,1.3296695828426413,2,9,-0.4877686086797539,-0.5025707110324167,0.5356933085673383,-0.44402237354168095,0.4440223735417232,2,5,-0.7333772967185263,2,Rendah,0,Sedang,2,0
-0.7959380104036107,983,227,2,135,0,-1.0104586321350097,-1.1180339887498951,-0.6049580529660777,-0.8624053917472021,-0.3502769091717185,2,4,-0.4877686086797539,-0.5025707110324167,-1.1846609731312947,-0.44402237354168095,0.4440223735417232,2,3,0.5932530985862023,1,Rendah,0,Rendah,0,2
0.8029374952589855,110,227,2,909,0,1.5832890538735194,2.0782278849703926,2.1892509611839635,0.8457513859642432,1.3296695828426413,2,9,1.9815599727615003,1.9897697538834456,0.5356933085673383,-0.44402237354168095,0.4440223735417232,2,7,1.919883493890931,1,Sedang,2,Sedang,2,1
0.6506636375768335,28,227,2,182,0,0.28641521086925475,1.0128072603969633,1.718647337748167,0.7171804457063924,1.3296695828426413,2,9,1.9815599727615003,1.9897697538834456,0.5356933085673383,-0.44402237354168095,0.4440223735417232,2,3,1.919883493890931,2,Sedang,2,Sedang,2,1
-0.8358192588441743,294,227,2,144,0,-1.0104586321350097,-1.1180339887498951,-0.9873234970076623,-0.935874500465974,-0.3502769091717185,2,4,-0.4877686086797539,-0.5025707110324167,-1.1846609731312947,-0.44402237354168095,0.4440223735417232,2,5,0.5932530985862023,1,Rendah,0,Rendah,0,2
-0.42250450227833314,361,227,2,186,0,0.28641521086925475,1.0128072603969633,0.5127255526939387,-0.16444885891886965,-0.3502769091717185,2,14,-0.4877686086797539,-0.5025707110324167,0.5356933085673383,-0.44402237354168095,0.4440223735417232,2,0,0.5932530985862023,1,Rendah,0,Rendah,0,0
-0.7219764223865655,866,227,2,123,0,-1.0104586321350097,-1.1180339887498951,-0.8402598646839758,-0.8256708373878162,-0.3502769091717185,2,4,-0.4877686086797539,-0.5025707110324167,-1.1846609731312947,-0.44402237354168095,0.4440223735417232,2,3,0.5932530985862023,2,Rendah,0,Rendah,0,2
-0.6509152888015611,539,227,2,986,0,-1.0104586321350097,-1.1180339887498951,-0.3402435147834422,-0.8256708373878162,-0.3502769091717185,2,4,-0.4877686086797539,-0.5025707110324167,-1.1846609731312947,-0.44402237354168095,0.4440223735417232,2,5,-0.7333772967185263,2,Rendah,0,Rendah,0,2
-0.6799198331219711,267,227,2,133,0,1.5832890538735194,-0.05261336417646587,-0.6931962323602895,-0.12771430455948374,-0.3502769091717185,2,9,-0.4877686086797539,-0.5025707110324167,-1.1846609731312947,1.31517496510987,-1.315174965109828,0,7,0.5932530985862023,1,Rendah,0,Rendah,0,3
-0.8575726670844818,1025,227,2,745,0,-1.0104586321350097,-1.1180339887498951,-0.9873234970076623,-0.935874500465974,-0.3502769091717185,2,4,-0.4877686086797539,-0.5025707110324167,-1.1846609731312947,-0.44402237354168095,0.4440223735417232,1,3,0.5932530985862023,1,Rendah,0,Rendah,0,2
-0.45876018267884555,745,227,2,568,0,-1.0104586321350097,-1.1180339887498951,-0.5167198735718659,-0.6787326199502726,-0.3502769091717185,2,4,-0.4877686086797539,-0.5025707110324167,-1.1846609731312947,1.31517496510987,-1.315174965109828,0,7,-0.7333772967185263,1,Rendah,0,Rendah,0,3
0.6506636375768335,32,227,2,160,0,0.28641521086925475,1.0128072603969633,0.7774400908765742,0.2947330705734543,1.3296695828426413,2,16,1.9815599727615003,1.9897697538834456,0.5356933085673383,1.31517496510987,-1.315174965109828,2,3,-0.7333772967185263,0,Sedang,2,Sedang,2,1
0.2083443366905824,924,227,2,164,0,0.28641521086925475,-0.05261336417646587,0.36566192037025236,0.2947330705734543,1.3296695828426413,2,9,1.9815599727615003,1.9897697538834456,0.5356933085673383,1.31517496510987,-1.315174965109828,2,3,-0.7333772967185263,2,Rendah,0,Sedang,2,1
0.01981479860791797,87,227,2,168,0,0.28641521086925475,-0.05261336417646587,0.012709202793405077,-0.035877918661018936,1.3296695828426413,2,9,-0.4877686086797539,-0.5025707110324167,0.5356933085673383,1.31517496510987,-1.315174965109828,2,5,-0.7333772967185263,2,Rendah,0,Rendah,0,3
-0.03819429003290185,88,227,2,255,0,-1.0104586321350097,-0.05261336417646587,0.012709202793405077,-0.21955069045794853,1.3296695828426413,2,9,-0.4877686086797539,-0.5025707110324167,0.5356933085673383,1.31517496510987,-1.315174965109828,2,3,-0.7333772967185263,2,Rendah,0,Rendah,0,3
0.4041250108533493,50,227,2,158,0,-1.0104586321350097,-0.05261336417646587,0.6597891850176252,-0.21955069045794853,-0.3502769091717185,2,16,-0.4877686086797539,-0.5025707110324167,0.5356933085673383,1.31517496510987,-1.315174965109828,2,3,-0.7333772967185263,0,Rendah,0,Rendah,0,3
1.0204715776620599,837,227,2,280,0,1.5832890538735194,2.0782278849703926,1.3362818937065823,0.6069767826282346,1.3296695828426413,2,16,1.9815599727615003,1.9897697538834456,0.5356933085673383,1.31517496510987,-1.315174965109828,2,3,-0.7333772967185263,0,Sedang,2,Sedang,2,1
-0.03819429003290185,259,227,2,166,0,0.28641521086925475,1.0128072603969633,0.012709202793405077,-0.21955069045794853,1.3296695828426413,2,9,-0.4877686086797539,-0.5025707110324167,0.5356933085673383,-0.44402237354168095,0.4440223735417232,2,5,-0.7333772967185263,1,Rendah,0,Rendah,0,0
0.08507502332884026,38,227,2,142,0,1.5832890538735194,2.0782278849703926,0.36566192037025236,0.2947330705734543,1.3296695828426413,2,9,1.9815599727615003,1.9897697538834456,0.5356933085673383,1.31517496510987,-1.315174965109828,2,5,1.919883493890931,1,Rendah,0,Sedang,2,1
-0.20497041987525882,71,227,2,975,0,0.28641521086925475,-0.05261336417646587,0.24801101451130328,-0.2379179676376415,1.3296695828426413,2,9,-0.4877686086797539,-0.5025707110324167,0.5356933085673383,-0.44402237354168095,0.4440223735417232,2,3,1.919883493890931,1,Rendah,0,Rendah,0,0
-0.4232296158863434,378,227,2,1010,0,0.28641521086925475,-0.05261336417646587,-0.22259260892449312,-0.38485618507518515,1.3296695828426413,2,9,-0.4877686086797539,-0.5025707110324167,0.5356933085673383,-0.44402237354168095,0.4440223735417232,2,7,1.919883493890931,1,Rendah,0,Rendah,0,0
-0.4551346146387943,250,227,2,975,0,0.28641521086925475,-0.05261336417646587,-0.2520053353892304,-0.4950598481533429,1.3296695828426413,2,9,-0.4877686086797539,-0.5025707110324167,0.5356933085673383,-0.44402237354168095,0.4440223735417232,2,3,1.919883493890931,1,Rendah,0,Rendah,0,0
-0.11070565083392662,73,227,2,1008,0,-1.0104586321350097,-0.05261336417646587,1.1009800819886844,-0.2930197991767204,1.3296695828426413,2,9,-0.4877686086797539,-0.5025707110324167,0.5356933085673383,-0.44402237354168095,0.4440223735417232,2,3,1.919883493890931,1,Rendah,0,Rendah,0,0
-0.3681209816775646,427,244,2,971,0,0.28641521086925475,-0.05261336417646587,-0.3990689677129168,-0.32975435353610627,1.3296695828426413,2,9,-0.4877686086797539,-0.5025707110324167,0.5356933085673383,-0.44402237354168095,0.4440223735417232,2,0,-0.7333772967185263,2,Rendah,0,Rendah,0,0
-0.28110734871633486,703,29,2,946,0,0.28641521086925475,-0.05261336417646587,-0.3402435147834422,-0.21955069045794853,1.3296695828426413,2,9,-0.4877686086797539,-0.5025707110324167,0.5356933085673383,-0.44402237354168095,0.4440223735417232,0,5,1.919883493890931,2,Rendah,0,Rendah,0,0
-0.45440950103078404,827,29,2,935,0,-1.0104586321350097,-0.05261336417646587,-0.6931962323602895,-0.6603653427705796,1.3296695828426413,2,9,-0.4877686086797539,-0.5025707110324167,0.5356933085673383,-0.44402237354168095,0.4440223735417232,2,5,-0.7333772967185263,2,Rendah,0,Rendah,0,0
0.0415682068482254,882,29,2,25,0,0.28641521086925475,1.0128072603969633,0.39507464683498966,0.7906495544251643,1.3296695828426413,2,9,1.9815599727615003,-0.5025707110324167,0.5356933085673383,-0.44402237354168095,0.4440223735417232,2,5,1.919883493890931,1,Rendah,0,Sedang,2,0
-0.023692017872696893,727,29,2,152,0,0.28641521086925475,1.0128072603969633,0.5421382791586761,0.6069767826282346,1.3296695828426413,2,9,-0.4877686086797539,-0.5025707110324167,0.5356933085673383,-0.44402237354168095,0.4440223735417232,2,5,1.919883493890931,2,Rendah,0,Sedang,2,0
-0.31373746107679595,454,29,2,96,0,0.28641521086925475,-0.05261336417646587,-0.7814344117545013,-0.2746525219970274,-0.3502769091717185,2,4,-0.4877686086797539,-0.5025707110324167,0.5356933085673383,-0.44402237354168095,0.4440223735417232,2,3,-0.7333772967185263,2,Rendah,0,Rendah,0,0
0.15758638412986503,833,29,2,237,0,1.5832890538735194,1.0128072603969633,0.48331282622920146,0.6069767826282346,-0.3502769091717185,2,9,-0.4877686086797539,-0.5025707110324167,0.5356933085673383,-0.44402237354168095,0.4440223735417232,2,3,-0.7333772967185263,1,Rendah,0,Sedang,2,0
-0.28110734871633486,966,29,2,226,0,0.28641521086925475,-0.05261336417646587,-0.3402435147834422,-0.21955069045794853,1.3296695828426413,2,9,-0.4877686086797539,-0.5025707110324167,0.5356933085673383,-0.44402237354168095,0.4440223735417232,0,5,-0.7333772967185263,2,Rendah,0,Rendah,0,0
0.6651659097370385,269,29,2,606,0,2.880162896877784,3.1436485095438216,1.2774564407771078,1.4886060872534967,1.3296695828426413,2,14,1.9815599727615003,1.9897697538834456,0.5356933085673383,-0.44402237354168095,0.4440223735417232,2,0,-0.7333772967185263,2,Sedang,2,Tinggi,3,1
0.41137614693345176,385,116,2,482,0,0.28641521086925475,1.0128072603969633,1.2186309878476334,0.900853217503322,1.3296695828426413,2,9,1.9815599727615003,1.9897697538834456,0.5356933085673383,-0.44402237354168095,0.4440223735417232,2,7,-0.7333772967185263,2,Rendah,0,Sedang,2,1
-0.44425791051864055,364,116,2,617,0,-1.0104586321350097,-1.1180339887498951,-0.3402435147834422,-0.8256708373878162,1.3296695828426413,2,4,-0.4877686086797539,-0.5025707110324167,-1.1846609731312947,-0.44402237354168095,0.4440223735417232,2,0,-0.7333772967185263,2,Rendah,0,Rendah,0,2
0.2518511531711972,1122,177,2,914,0,0.28641521086925475,1.0128072603969633,-0.10494170306554403,0.23963123903437544,1.3296695828426413,2,9,1.9815599727615003,1.9897697538834456,0.5356933085673383,-0.44402237354168095,0.4440223735417232,2,3,-0.7333772967185263,2,Rendah,0,Sedang,2,1
-0.7488056258829446,82,93,2,654,0,-1.0104586321350097,-1.1180339887498951,-0.9873234970076623,-0.935874500465974,-0.3502769091717185,2,4,-0.4877686086797539,-0.5025707110324167,-1.1846609731312947,-0.44402237354168095,0.4440223735417232,2,5,-0.7333772967185263,2,Rendah,0,Rendah,0,2
-0.42250450227833314,913,165,2,25,0,0.28641521086925475,-0.05261336417646587,-0.10494170306554403,-0.31138707635641333,-0.3502769091717185,2,4,-0.4877686086797539,-0.5025707110324167,0.5356933085673383,-0.44402237354168095,0.4440223735417232,2,5,-0.7333772967185263,0,Rendah,0,Rendah,0,0
-0.1542124673145415,694,165,2,951,0,0.28641521086925475,-0.05261336417646587,0.27742374097604056,0.01922391287805994,1.3296695828426413,2,9,-0.4877686086797539,-0.5025707110324167,0.5356933085673383,-0.44402237354168095,0.4440223735417232,2,5,-0.7333772967185263,2,Rendah,0,Rendah,0,0
0.04881934292832788,880,258,2,163,0,0.28641521086925475,1.0128072603969633,0.4244873732997269,0.7906495544251643,1.3296695828426413,2,9,1.9815599727615003,-0.5025707110324167,0.5356933085673383,-0.44402237354168095,0.4440223735417232,2,5,1.919883493890931,2,Rendah,0,Sedang,2,0
-0.059947698273209275,774,258,2,572,0,0.28641521086925475,1.0128072603969633,0.4244873732997269,0.7906495544251643,1.3296695828426413,2,9,-0.4877686086797539,-0.5025707110324167,0.5356933085673383,1.31517496510987,-1.315174965109828,2,5,-0.7333772967185263,1,Rendah,0,Sedang,2,3
0.6724170458171409,725,258,2,69,0,2.880162896877784,3.1436485095438216,1.2774564407771078,1.7090134134098123,1.3296695828426413,2,9,1.9815599727615003,1.9897697538834456,0.5356933085673383,-0.44402237354168095,0.4440223735417232,2,0,-0.7333772967185263,1,Sedang,2,Tinggi,3,1
-0.635687903033346,448,66,2,83,0,-1.0104586321350097,-0.05261336417646587,-1.281450761655035,-0.7522017286690443,-0.3502769091717185,2,9,-0.4877686086797539,-0.5025707110324167,0.5356933085673383,-0.44402237354168095,0.4440223735417232,2,3,0.5932530985862023,2,Rendah,0,Rendah,0,0
-0.1542124673145415,694,107,2,950,0,-1.0104586321350097,-1.1180339887498951,0.27742374097604056,0.01922391287805994,1.3296695828426413,2,4,-0.4877686086797539,-0.5025707110324167,-1.1846609731312947,-0.44402237354168095,0.4440223735417232,2,5,-0.7333772967185263,2,Rendah,0,Rendah,0,2
-0.1542124673145415,694,107,2,950,0,-1.0104586321350097,-1.1180339887498951,0.27742374097604056,0.01922391287805994,1.3296695828426413,2,4,-0.4877686086797539,-0.5025707110324167,-1.1846609731312947,-0.44402237354168095,0.4440223735417232,2,5,-0.7333772967185263,2,Rendah,0,Rendah,0,2
0.15033524804976256,901,137,3,1027,0,0.28641521086925475,1.0128072603969633,-1.3108634881197723,0.42330401083130503,-0.3502769091717185,2,9,-0.4877686086797539,-0.5025707110324167,2.2560475902659713,-0.44402237354168095,0.4440223735417232,2,7,-0.7333772967185263,2,Rendah,0,Sedang,2,0
0.23734888101099227,291,119,5,1,0,0.28641521086925475,1.0128072603969633,-0.10494170306554403,0.7906495544251643,-0.3502769091717185,2,9,1.9815599727615003,1.9897697538834456,0.5356933085673383,-0.44402237354168095,0.4440223735417232,2,7,0.5932530985862023,1,Rendah,0,Sedang,2,1
0.41137614693345176,283,119,5,691,0,1.5832890538735194,2.0782278849703926,0.3362491939055151,1.1579950980190234,1.3296695828426413,2,9,-0.4877686086797539,-0.5025707110324167,0.5356933085673383,-0.44402237354168095,0.4440223735417232,2,3,-0.7333772967185263,1,Rendah,0,Sedang,2,0
0.7376772705380632,303,119,5,569,0,1.5832890538735194,2.0782278849703926,0.865678270270786,1.341667869815953,1.3296695828426413,2,9,-0.4877686086797539,-0.5025707110324167,0.5356933085673383,-0.44402237354168095,0.4440223735417232,2,5,1.919883493890931,1,Sedang,2,Tinggi,3,0
0.12133070372935265,293,119,5,271,0,0.28641521086925475,1.0128072603969633,-0.3990689677129168,0.6069767826282346,-2.0302234011860785,2,9,-0.4877686086797539,-0.5025707110324167,0.5356933085673383,-0.44402237354168095,0.4440223735417232,2,7,0.5932530985862023,1,Rendah,0,Sedang,2,0
-0.4986414311194092,333,119,5,394,0,-1.0104586321350097,-0.05261336417646587,-1.281450761655035,-0.12771430455948374,-0.3502769091717185,2,9,-0.4877686086797539,-0.5025707110324167,0.5356933085673383,-0.44402237354168095,0.4440223735417232,2,7,-0.7333772967185263,2,Rendah,0,Rendah,0,2
0.04881934292832788,881,119,5,766,0,0.28641521086925475,1.0128072603969633,0.39507464683498966,0.7906495544251643,1.3296695828426413,2,9,1.9815599727615003,1.9897697538834456,0.5356933085673383,-0.44402237354168095,0.4440223735417232,2,5,1.919883493890931,1,Rendah,0,Sedang,2,1
1.6803249609513855,284,119,5,973,0,1.5832890538735194,2.0782278849703926,0.8362655438060488,2.81105004419139,1.3296695828426413,2,9,4.450888554202755,1.9897697538834456,2.2560475902659713,-0.44402237354168095,0.4440223735417232,2,5,1.919883493890931,2,Sedang,2,Sangat Tinggi,1,1
0.4476318273339641,1142,119,5,503,0,2.880162896877784,3.1436485095438216,1.2186309878476334,1.341667869815953,1.3296695828426413,2,12,-0.4877686086797539,1.9897697538834456,0.5356933085673383,1.31517496510987,-1.315174965109828,2,3,1.919883493890931,1,Rendah,0,Tinggi,3,1
0.41137614693345176,716,119,5,409,0,0.28641521086925475,1.0128072603969633,0.36566192037025236,1.1579950980190234,1.3296695828426413,2,9,1.9815599727615003,1.9897697538834456,2.2560475902659713,-0.44402237354168095,0.4440223735417232,2,5,0.5932530985862023,1,Rendah,0,Sedang,2,1
0.41137614693345176,716,119,5,409,0,0.28641521086925475,1.0128072603969633,0.36566192037025236,1.1579950980190234,1.3296695828426413,2,9,1.9815599727615003,1.9897697538834456,2.2560475902659713,-0.44402237354168095,0.4440223735417232,2,5,0.5932530985862023,1,Rendah,0,Sedang,2,1
1.6803249609513855,282,119,5,644,0,2.880162896877784,3.1436485095438216,1.6304091583539553,2.81105004419139,1.3296695828426413,2,14,-0.4877686086797539,-0.5025707110324167,0.5356933085673383,-0.44402237354168095,0.4440223735417232,2,6,-0.7333772967185263,1,Sedang,2,Sangat Tinggi,1,1
1.6948272331115903,528,119,5,761,0,1.5832890538735194,2.0782278849703926,0.8362655438060488,2.81105004419139,1.3296695828426413,2,14,4.450888554202755,1.9897697538834456,2.2560475902659713,-0.44402237354168095,0.4440223735417232,2,5,1.919883493890931,1,Sedang,2,Sangat Tinggi,1,1
1.5353022393493356,260,119,5,852,0,1.5832890538735194,1.0128072603969633,1.512758252495006,2.0763589570036713,-0.3502769091717185,2,12,1.9815599727615003,-0.5025707110324167,0.5356933085673383,-0.44402237354168095,0.4440223735417232,2,3,1.919883493890931,1,Sedang,2,Tinggi,3,1
0.37512046653293935,279,119,5,890,0,1.5832890538735194,2.0782278849703926,0.18918556158182873,1.1579950980190234,1.3296695828426413,2,9,-0.4877686086797539,-0.5025707110324167,0.5356933085673383,-0.44402237354168095,0.4440223735417232,2,3,-0.7333772967185263,1,Rendah,0,Sedang,2,0
0.6651659097370385,874,119,5,784,0,0.28641521086925475,1.0128072603969633,1.0715673555239469,1.4335042557144178,1.3296695828426413,2,9,-0.4877686086797539,1.9897697538834456,0.5356933085673383,-0.44402237354168095,0.4440223735417232,2,5,-0.7333772967185263,2,Sedang,2,Tinggi,3,1
0.04881934292832788,813,119,5,571,0,0.28641521086925475,1.0128072603969633,-0.6049580529660777,0.23963123903437544,1.3296695828426413,2,9,-0.4877686086797539,-0.5025707110324167,0.5356933085673383,-0.44402237354168095,0.4440223735417232,2,5,-0.7333772967185263,2,Rendah,0,Sedang,2,0
0.21559547277068486,480,37,5,806,0,0.28641521086925475,1.0128072603969633,-0.6931962323602895,0.8273841087845502,-0.3502769091717185,2,9,-0.4877686086797539,-0.5025707110324167,2.2560475902659713,-0.44402237354168095,0.4440223735417232,2,0,-0.7333772967185263,2,Rendah,0,Sedang,2,0
-0.06719883435331175,805,37,5,870,0,0.28641521086925475,-0.05261336417646587,-0.6931962323602895,-0.31138707635641333,-0.3502769091717185,2,9,-0.4877686086797539,-0.5025707110324167,0.5356933085673383,-0.44402237354168095,0.4440223735417232,0,7,-0.7333772967185263,2,Rendah,0,Rendah,0,0
0.9552113529411376,288,146,5,895,0,0.28641521086925475,1.0128072603969633,1.0127419025944724,1.7090134134098123,1.3296695828426413,2,9,1.9815599727615003,1.9897697538834456,0.5356933085673383,-0.44402237354168095,0.4440223735417232,2,0,-0.7333772967185263,2,Sedang,2,Tinggi,3,1
0.7014215901375508,1174,190,7,771,0,0.28641521086925475,1.0128072603969633,-0.2520053353892304,0.20289668467498953,1.3296695828426413,1,15,1.9815599727615003,1.9897697538834456,0.5356933085673383,1.31517496510987,-1.315174965109828,2,6,-0.7333772967185263,2,Sedang,2,Sedang,2,1
1.281512476545749,124,190,7,401,0,0.28641521086925475,1.0128072603969633,0.48331282622920146,0.6069767826282346,1.3296695828426413,1,15,1.9815599727615003,1.9897697538834456,0.5356933085673383,-0.44402237354168095,0.4440223735417232,2,3,-0.7333772967185263,2,Sedang,2,Sedang,2,1
1.281512476545749,124,190,7,411,0,0.28641521086925475,1.0128072603969633,0.48331282622920146,0.6069767826282346,1.3296695828426413,1,15,1.9815599727615003,1.9897697538834456,0.5356933085673383,-0.44402237354168095,0.4440223735417232,2,3,-0.7333772967185263,2,Sedang,2,Sedang,2,1
1.172745435344212,489,190,7,423,0,0.28641521086925475,1.0128072603969633,0.18918556158182873,0.6069767826282346,1.3296695828426413,2,9,1.9815599727615003,1.9897697538834456,0.5356933085673383,-0.44402237354168095,0.4440223735417232,2,3,-0.7333772967185263,2,Sedang,2,Sedang,2,1
-0.059947698273209275,16,216,3,10,0,0.28641521086925475,1.0128072603969633,-0.8108471382192386,1.1579950980190234,-2.0302234011860785,2,9,-0.4877686086797539,-0.5025707110324167,2.2560475902659713,-0.44402237354168095,0.4440223735417232,2,7,-0.7333772967185263,1,Rendah,0,Sedang,2,0
-0.7067490366183502,1049,267,6,841,0,-1.0104586321350097,-1.1180339887498951,-1.9285307438792552,-0.9542417776456669,-2.0302234011860785,2,9,-0.4877686086797539,-0.5025707110324167,0.5356933085673383,-0.44402237354168095,0.4440223735417232,2,0,-0.7333772967185263,2,Rendah,0,Rendah,0,2
-0.6994979005382478,786,267,6,672,0,-1.0104586321350097,-1.1180339887498951,-1.9285307438792552,-0.9542417776456669,-2.0302234011860785,2,9,-0.4877686086797539,-0.5025707110324167,0.5356933085673383,-0.44402237354168095,0.4440223735417232,2,3,-0.7333772967185263,2,Rendah,0,Rendah,0,2
-0.6994979005382478,786,267,6,581,0,-1.0104586321350097,-1.1180339887498951,-1.9285307438792552,-0.9542417776456669,-2.0302234011860785,2,9,-0.4877686086797539,-0.5025707110324167,0.5356933085673383,-0.44402237354168095,0.4440223735417232,2,3,-0.7333772967185263,2,Rendah,0,Rendah,0,2
-0.6994979005382478,799,267,6,894,0,-1.0104586321350097,-0.05261336417646587,-1.9285307438792552,-0.9909763320050529,-2.0302234011860785,2,9,-0.4877686086797539,-0.5025707110324167,0.5356933085673383,-0.44402237354168095,0.4440223735417232,2,3,-0.7333772967185263,2,Rendah,0,Rendah,0,2
2.1153931257575342,862,112,3,889,0,0.28641521086925475,1.0128072603969633,1.7774727906776415,2.0763589570036713,1.3296695828426413,2,15,1.9815599727615003,1.9897697538834456,0.5356933085673383,3.0743723037614212,-3.074372303761379,2,3,-0.7333772967185263,2,Tinggi,3,Tinggi,3,1
0.8391931756594979,1187,45,6,578,0,0.28641521086925475,2.0782278849703926,0.4244873732997269,0.5151403967297699,-2.0302234011860785,2,14,1.9815599727615003,1.9897697538834456,0.5356933085673383,3.0743723037614212,-3.074372303761379,0,7,-0.7333772967185263,2,Sedang,2,Sedang,2,3
-0.635687903033346,807,47,4,656,0,-1.0104586321350097,-0.05261336417646587,-1.7814671115555687,-0.8073035602081232,-2.0302234011860785,2,9,-0.4877686086797539,-0.5025707110324167,0.5356933085673383,-0.44402237354168095,0.4440223735417232,2,3,-0.7333772967185263,2,Rendah,0,Rendah,0,2
0.06332161508853283,763,47,4,839,0,0.28641521086925475,-0.05261336417646587,-1.399101667513984,-0.34812163071579927,-0.3502769091717185,2,9,-0.4877686086797539,-0.5025707110324167,2.2560475902659713,-0.44402237354168095,0.4440223735417232,2,7,-0.7333772967185263,2,Rendah,0,Rendah,0,0
-0.635687903033346,807,47,4,832,0,-1.0104586321350097,-0.05261336417646587,-1.7814671115555687,-0.8073035602081232,-2.0302234011860785,2,9,-0.4877686086797539,-0.5025707110324167,0.5356933085673383,-0.44402237354168095,0.4440223735417232,2,3,-0.7333772967185263,2,Rendah,0,Rendah,0,2
0.06332161508853283,763,47,4,831,0,0.28641521086925475,-0.05261336417646587,-1.399101667513984,-0.34812163071579927,-0.3502769091717185,2,9,-0.4877686086797539,-0.5025707110324167,2.2560475902659713,-0.44402237354168095,0.4440223735417232,2,7,-0.7333772967185263,2,Rendah,0,Rendah,0,0
0.07057275116863532,828,47,4,586,0,-1.0104586321350097,-0.05261336417646587,-1.399101667513984,-0.32975435353610627,-0.3502769091717185,2,9,-0.4877686086797539,-0.5025707110324167,0.5356933085673383,-0.44402237354168095,0.4440223735417232,2,7,0.5932530985862023,2,Rendah,0,Rendah,0,0
2.3329272081606085,12,203,3,880,0,1.5832890538735194,-0.05261336417646587,3.424585472702929,2.0763589570036713,3.009616074857001,2,9,1.9815599727615003,1.9897697538834456,0.5356933085673383,-0.44402237354168095,0.4440223735417232,1,0,-0.7333772967185263,1,Tinggi,3,Tinggi,3,1
-0.42250450227833314,1213,214,3,571,0,0.28641521086925475,1.0128072603969633,-0.9284980440781877,-0.2930197991767204,-0.3502769091717185,2,9,-0.4877686086797539,-0.5025707110324167,-1.1846609731312947,-0.44402237354168095,0.4440223735417232,2,0,0.5932530985862023,2,Rendah,0,Rendah,0,0
2.2604158473595835,651,252,7,769,0,1.5832890538735194,2.0782278849703926,1.0715673555239469,2.81105004419139,1.3296695828426413,2,14,-0.4877686086797539,-0.5025707110324167,0.5356933085673383,1.31517496510987,-1.315174965109828,2,3,-0.7333772967185263,2,Tinggi,3,Sangat Tinggi,1,1
0.5201431881349889,482,224,6,659,0,0.28641521086925475,-0.05261336417646587,1.4245200731007943,0.01922391287805994,1.3296695828426413,2,9,-0.4877686086797539,-0.5025707110324167,0.5356933085673383,-0.44402237354168095,0.4440223735417232,2,3,-0.7333772967185263,2,Sedang,2,Rendah,0,0
0.8826999921401127,56,224,6,831,0,0.28641521086925475,1.0128072603969633,0.48331282622920146,0.7906495544251643,1.3296695828426413,2,14,1.9815599727615003,1.9897697538834456,0.5356933085673383,-0.44402237354168095,0.4440223735417232,2,5,-0.7333772967185263,2,Sedang,2,Sedang,2,1
-0.6835454011620223,408,155,7,582,0,-1.0104586321350097,-0.05261336417646587,-1.8402925644850432,-0.8256708373878162,-2.0302234011860785,2,4,-0.4877686086797539,-0.5025707110324167,0.5356933085673383,-0.44402237354168095,0.4440223735417232,2,5,-0.7333772967185263,2,Rendah,0,Rendah,0,2
-0.5385226795599728,793,83,6,566,0,-1.0104586321350097,-0.05261336417646587,-1.399101667513984,-0.4950598481533429,-0.3502769091717185,2,9,-0.4877686086797539,-0.5025707110324167,0.5356933085673383,-0.44402237354168095,0.4440223735417232,2,7,-0.7333772967185263,2,Rendah,0,Rendah,0,2
-0.1759658755548489,688,83,6,664,0,0.28641521086925475,1.0128072603969633,-1.399101667513984,-0.2930197991767204,-0.3502769091717185,2,9,-0.4877686086797539,-0.5025707110324167,0.5356933085673383,-0.44402237354168095,0.4440223735417232,2,3,-0.7333772967185263,2,Rendah,0,Rendah,0,0
0.5128920520548864,424,83,6,835,0,0.28641521086925475,1.0128072603969633,-0.22259260892449312,0.05595846723744586,-0.3502769091717185,2,9,-0.4877686086797539,-0.5025707110324167,0.5356933085673383,-0.44402237354168095,0.4440223735417232,2,3,-0.7333772967185263,2,Sedang,2,Sedang,2,0
-0.1759658755548489,697,83,6,563,0,-1.0104586321350097,-0.05261336417646587,-1.399101667513984,-0.2930197991767204,-0.3502769091717185,2,9,-0.4877686086797539,-0.5025707110324167,0.5356933085673383,-0.44402237354168095,0.4440223735417232,2,3,0.5932530985862023,2,Rendah,0,Rendah,0,0
2.296671527760096,126,83,6,488,0,2.880162896877784,2.0782278849703926,2.042187328860277,1.7090134134098123,1.3296695828426413,2,12,-0.4877686086797539,-0.5025707110324167,0.5356933085673383,1.31517496510987,-1.315174965109828,0,5,1.919883493890931,0,Tinggi,3,Tinggi,3,1
-0.4370067744385381,732,215,6,565,0,0.28641521086925475,1.0128072603969633,-1.3696889410492468,-0.34812163071579927,-0.3502769091717185,2,9,-0.4877686086797539,-0.5025707110324167,0.5356933085673383,-0.44402237354168095,0.4440223735417232,2,0,-0.7333772967185263,2,Rendah,0,Rendah,0,0
-0.4370067744385381,732,215,6,565,0,0.28641521086925475,1.0128072603969633,-1.3696889410492468,-0.34812163071579927,-0.3502769091717185,2,9,-0.4877686086797539,-0.5025707110324167,0.5356933085673383,-0.44402237354168095,0.4440223735417232,2,0,-0.7333772967185263,2,Rendah,0,Rendah,0,0
-0.38044791301373876,762,215,6,1002,0,0.28641521086925475,1.0128072603969633,-1.3108634881197723,-0.43995801661426404,-0.3502769091717185,2,9,-0.4877686086797539,-0.5025707110324167,0.5356933085673383,-0.44402237354168095,0.4440223735417232,2,0,-0.7333772967185263,2,Rendah,0,Rendah,0,0
-0.4370067744385381,732,215,6,565,0,0.28641521086925475,1.0128072603969633,-1.3696889410492468,-0.34812163071579927,-0.3502769091717185,2,9,-0.4877686086797539,-0.5025707110324167,0.5356933085673383,-0.44402237354168095,0.4440223735417232,2,0,-0.7333772967185263,2,Rendah,0,Rendah,0,0
-0.38044791301373876,762,215,6,896,0,0.28641521086925475,1.0128072603969633,-1.3108634881197723,-0.43995801661426404,-0.3502769091717185,2,9,-0.4877686086797539,-0.5025707110324167,0.5356933085673383,-0.44402237354168095,0.4440223735417232,2,0,-0.7333772967185263,2,Rendah,0,Rendah,0,0
-0.4348314336145073,809,215,6,584,0,-1.0104586321350097,-0.05261336417646587,-1.5167525733729332,-0.43995801661426404,-0.3502769091717185,2,9,-0.4877686086797539,-0.5025707110324167,0.5356933085673383,-0.44402237354168095,0.4440223735417232,2,3,-0.7333772967185263,2,Rendah,0,Rendah,0,2
-0.4370067744385381,355,215,6,106,0,-1.0104586321350097,-0.05261336417646587,-1.487339846908196,-0.4950598481533429,-0.3502769091717185,2,9,-0.4877686086797539,-0.5025707110324167,0.5356933085673383,-0.44402237354168095,0.4440223735417232,2,7,0.5932530985862023,2,Rendah,0,Rendah,0,0
-0.6197354036571205,752,255,3,671,0,-1.0104586321350097,-0.05261336417646587,-1.810879838020306,-0.8256708373878162,-2.0302234011860785,2,9,-0.4877686086797539,-0.5025707110324167,0.5356933085673383,-0.44402237354168095,0.4440223735417232,2,5,-0.7333772967185263,2,Rendah,0,Rendah,0,2
-0.5950815409847721,830,255,3,666,0,-1.0104586321350097,-0.05261336417646587,-1.810879838020306,-0.8256708373878162,-2.0302234011860785,2,9,-0.4877686086797539,-0.5025707110324167,0.5356933085673383,-0.44402237354168095,0.4440223735417232,2,5,-0.7333772967185263,2,Rendah,0,Rendah,0,2
-0.6197354036571205,752,255,3,581,0,-1.0104586321350097,-0.05261336417646587,-1.810879838020306,-0.8256708373878162,-2.0302234011860785,2,9,-0.4877686086797539,-0.5025707110324167,0.5356933085673383,-0.44402237354168095,0.4440223735417232,2,5,-0.7333772967185263,2,Rendah,0,Rendah,0,2
-0.5950815409847721,830,255,3,831,0,-1.0104586321350097,-0.05261336417646587,-1.810879838020306,-0.8256708373878162,-2.0302234011860785,2,9,-0.4877686086797539,-0.5025707110324167,0.5356933085673383,-0.44402237354168095,0.4440223735417232,2,5,-0.7333772967185263,2,Rendah,0,Rendah,0,2
-0.2789320078923041,812,150,3,836,0,0.28641521086925475,-0.05261336417646587,-1.4579271204434587,-0.3664889078954922,-0.3502769091717185,2,9,-0.4877686086797539,-0.5025707110324167,0.5356933085673383,-0.44402237354168095,0.4440223735417232,2,3,-0.7333772967185263,2,Rendah,0,Rendah,0,0
-0.4355565472225176,356,131,6,667,0,-1.0104586321350097,-0.05261336417646587,-1.487339846908196,-0.34812163071579927,-0.3502769091717185,2,9,-0.4877686086797539,-0.5025707110324167,0.5356933085673383,-0.44402237354168095,0.4440223735417232,2,3,-0.7333772967185263,2,Rendah,0,Rendah,0,2
-0.4355565472225176,356,131,6,831,0,-1.0104586321350097,-0.05261336417646587,-1.487339846908196,-0.34812163071579927,-0.3502769091717185,2,9,-0.4877686086797539,-0.5025707110324167,0.5356933085673383,-0.44402237354168095,0.4440223735417232,2,3,-0.7333772967185263,2,Rendah,0,Rendah,0,2
-0.2774817806762836,537,131,6,834,0,-1.0104586321350097,-0.05261336417646587,-1.163799855796086,0.05595846723744586,-0.3502769091717185,2,9,-0.4877686086797539,-0.5025707110324167,0.5356933085673383,-0.44402237354168095,0.4440223735417232,2,3,-0.7333772967185263,2,Rendah,0,Sedang,2,0
-0.44860859216670207,744,178,6,649,0,-1.0104586321350097,-1.1180339887498951,-1.5167525733729332,-0.5685289568721148,-0.3502769091717185,2,9,-0.4877686086797539,-0.5025707110324167,0.5356933085673383,-0.44402237354168095,0.4440223735417232,2,5,-0.7333772967185263,2,Rendah,0,Rendah,0,2
-0.44860859216670207,744,178,6,616,0,-1.0104586321350097,-1.1180339887498951,-1.5167525733729332,-0.5685289568721148,-0.3502769091717185,2,9,-0.4877686086797539,-0.5025707110324167,0.5356933085673383,-0.44402237354168095,0.4440223735417232,2,5,-0.7333772967185263,2,Rendah,0,Rendah,0,2
-0.5493993836801265,922,178,6,498,0,-1.0104586321350097,-0.05261336417646587,-1.5755780263024077,-0.4950598481533429,-0.3502769091717185,2,9,-0.4877686086797539,-0.5025707110324167,0.5356933085673383,1.31517496510987,-1.315174965109828,2,5,0.5932530985862023,2,Rendah,0,Rendah,0,3
-0.5682523374883929,1067,158,4,853,0,-1.0104586321350097,-0.05261336417646587,-1.5461652998376705,-0.7889362830284302,-2.0302234011860785,2,9,-0.4877686086797539,-0.5025707110324167,0.5356933085673383,-0.44402237354168095,0.4440223735417232,2,5,-0.7333772967185263,2,Rendah,0,Rendah,0,2
-0.615384722009059,459,158,4,651,0,-1.0104586321350097,-0.05261336417646587,-1.6638162056966197,-0.8256708373878162,-2.0302234011860785,2,9,-0.4877686086797539,-0.5025707110324167,0.5356933085673383,-0.44402237354168095,0.4440223735417232,2,0,-0.7333772967185263,2,Rendah,0,Rendah,0,2
-0.6400385846814075,826,158,4,565,0,-1.0104586321350097,-0.05261336417646587,-1.7814671115555687,-0.8073035602081232,-2.0302234011860785,2,9,-0.4877686086797539,-0.5025707110324167,0.5356933085673383,-0.44402237354168095,0.4440223735417232,2,5,-0.7333772967185263,2,Rendah,0,Rendah,0,2
-0.6806449467299813,1046,158,4,812,0,-1.0104586321350097,-0.05261336417646587,-1.6638162056966197,-0.8256708373878162,-2.0302234011860785,2,9,-0.4877686086797539,-0.5025707110324167,0.5356933085673383,-0.44402237354168095,0.4440223735417232,2,7,-0.7333772967185263,2,Rendah,0,Rendah,0,2
0.37512046653293935,992,196,5,653,0,0.28641521086925475,1.0128072603969633,-0.4873071471071286,1.1579950980190234,-2.0302234011860785,2,9,1.9815599727615003,1.9897697538834456,2.2560475902659713,-0.44402237354168095,0.4440223735417232,2,5,1.919883493890931,2,Rendah,0,Sedang,2,1
2.0356306288764077,313,199,5,831,0,1.5832890538735194,1.0128072603969633,2.01277460239554,1.81921707648797,1.3296695828426413,2,9,1.9815599727615003,1.9897697538834456,0.5356933085673383,1.31517496510987,-1.315174965109828,2,3,-0.7333772967185263,2,Tinggi,3,Tinggi,3,1
2.0356306288764077,937,199,5,758,0,1.5832890538735194,1.0128072603969633,2.01277460239554,1.81921707648797,1.3296695828426413,2,12,1.9815599727615003,1.9897697538834456,0.5356933085673383,-0.44402237354168095,0.4440223735417232,2,3,-0.7333772967185263,1,Tinggi,3,Tinggi,3,1
0.37512046653293935,808,56,5,879,0,0.28641521086925475,1.0128072603969633,0.18918556158182873,1.1579950980190234,1.3296695828426413,2,9,1.9815599727615003,1.9897697538834456,0.5356933085673383,-0.44402237354168095,0.4440223735417232,2,3,-0.7333772967185263,2,Rendah,0,Sedang,2,1
0.41137614693345176,534,56,5,876,0,0.28641521086925475,1.0128072603969633,0.24801101451130328,1.1579950980190234,1.3296695828426413,2,9,1.9815599727615003,1.9897697538834456,0.5356933085673383,-0.44402237354168095,0.4440223735417232,2,3,-0.7333772967185263,2,Rendah,0,Sedang,2,1
-0.2412261002757712,877,56,5,583,0,0.28641521086925475,1.0128072603969633,-0.8990853176134505,0.23963123903437544,-0.3502769091717185,2,9,-0.4877686086797539,-0.5025707110324167,0.5356933085673383,-0.44402237354168095,0.4440223735417232,2,3,-0.7333772967185263,1,Rendah,0,Sedang,2,0
0.9552113529411376,728,168,5,768,0,1.5832890538735194,2.0782278849703926,1.2480437143123706,1.1579950980190234,1.3296695828426413,2,9,-0.4877686086797539,-0.5025707110324167,0.5356933085673383,-0.44402237354168095,0.4440223735417232,2,0,-0.7333772967185263,1,Sedang,2,Sedang,2,0
1.1002340745431871,295,168,5,802,0,1.5832890538735194,2.0782278849703926,0.9539164496649979,1.5253406416128825,1.3296695828426413,2,14,-0.4877686086797539,-0.5025707110324167,0.5356933085673383,-0.44402237354168095,0.4440223735417232,2,5,-0.7333772967185263,1,Sedang,2,Tinggi,3,1
1.0639783941426746,287,168,5,888,0,0.28641521086925475,1.0128072603969633,0.8950909967355233,1.1579950980190234,1.3296695828426413,2,15,1.9815599727615003,1.9897697538834456,-1.1846609731312947,1.31517496510987,-1.315174965109828,2,5,-0.7333772967185263,2,Sedang,2,Sedang,2,1
0.8464443117396003,89,168,5,499,0,1.5832890538735194,2.0782278849703926,0.5127255526939387,1.1579950980190234,1.3296695828426413,2,12,1.9815599727615003,1.9897697538834456,0.5356933085673383,-0.44402237354168095,0.4440223735417232,2,5,1.919883493890931,1,Sedang,2,Sedang,2,1
-0.5711527919204339,963,168,5,619,0,0.28641521086925475,-1.1180339887498951,-0.3402435147834422,-0.6419980655908866,-0.3502769091717185,2,4,-0.4877686086797539,-0.5025707110324167,0.5356933085673383,-0.44402237354168095,0.4440223735417232,2,5,0.5932530985862023,1,Rendah,0,Rendah,0,0
0.12133070372935265,592,135,6,854,0,0.28641521086925475,1.0128072603969633,0.3068364674407778,0.7906495544251643,1.3296695828426413,2,9,-0.4877686086797539,-0.5025707110324167,0.5356933085673383,-0.44402237354168095,0.4440223735417232,2,0,-0.7333772967185263,2,Rendah,0,Sedang,2,0
1.644069280550873,252,65,5,788,0,0.28641521086925475,-0.05261336417646587,0.6009637320881506,0.7171804457063924,-0.3502769091717185,2,9,1.9815599727615003,1.9897697538834456,0.5356933085673383,1.31517496510987,-1.315174965109828,2,7,0.5932530985862023,2,Sedang,2,Sedang,2,1
1.4990465589488233,286,65,5,897,0,1.5832890538735194,2.0782278849703926,0.3068364674407778,2.0763589570036713,1.3296695828426413,2,9,1.9815599727615003,1.9897697538834456,2.2560475902659713,-0.44402237354168095,0.4440223735417232,2,3,-0.7333772967185263,2,Sedang,2,Tinggi,3,1
1.4990465589488233,942,65,5,886,0,1.5832890538735194,1.0128072603969633,0.3068364674407778,2.0763589570036713,1.3296695828426413,2,12,1.9815599727615003,1.9897697538834456,2.2560475902659713,-0.44402237354168095,0.4440223735417232,2,3,-0.7333772967185263,1,Sedang,2,Tinggi,3,1
1.644069280550873,314,65,5,897,0,1.5832890538735194,1.0128072603969633,0.7480273644118369,2.0763589570036713,1.3296695828426413,2,9,1.9815599727615003,1.9897697538834456,2.2560475902659713,-0.44402237354168095,0.4440223735417232,2,7,-0.7333772967185263,2,Sedang,2,Tinggi,3,1
1.644069280550873,803,65,5,661,0,0.28641521086925475,1.0128072603969633,1.2774564407771078,1.0110568805814797,1.3296695828426413,2,9,1.9815599727615003,1.9897697538834456,0.5356933085673383,-0.44402237354168095,0.4440223735417232,2,3,-0.7333772967185263,2,Sedang,2,Sedang,2,1
0.4258784190936567,453,65,5,855,0,0.28641521086925475,1.0128072603969633,-0.1343544295302813,0.6069767826282346,-0.3502769091717185,2,9,1.9815599727615003,1.9897697538834456,0.5356933085673383,-0.44402237354168095,0.4440223735417232,2,3,-0.7333772967185263,2,Rendah,0,Sedang,2,1
-0.6755691514739096,824,230,4,581,0,-1.0104586321350097,-1.1180339887498951,-1.8697052909497804,-0.917507223286281,-2.0302234011860785,2,9,-0.4877686086797539,-0.5025707110324167,0.5356933085673383,-0.44402237354168095,0.4440223735417232,2,0,-0.7333772967185263,2,Rendah,0,Rendah,0,2
-0.5907308593367107,329,194,4,616,0,-1.0104586321350097,-1.1180339887498951,-1.8402925644850432,-0.8624053917472021,-2.0302234011860785,2,9,-0.4877686086797539,-0.5025707110324167,0.5356933085673383,-0.44402237354168095,0.4440223735417232,2,7,-0.7333772967185263,2,Rendah,0,Rendah,0,2
-0.07444997043341424,603,54,6,635,0,0.28641521086925475,-0.05261336417646587,0.04212192925814235,-0.12771430455948374,1.3296695828426413,2,9,-0.4877686086797539,-0.5025707110324167,0.5356933085673383,-0.44402237354168095,0.4440223735417232,0,3,1.919883493890931,2,Rendah,0,Rendah,0,0
0.7376772705380632,600,96,6,789,0,0.28641521086925475,1.0128072603969633,0.6597891850176252,1.1579950980190234,1.3296695828426413,2,9,1.9815599727615003,1.9897697538834456,0.5356933085673383,3.0743723037614212,-3.074372303761379,1,7,-0.7333772967185263,2,Sedang,2,Sedang,2,3
0.08507502332884026,968,96,6,644,0,0.28641521086925475,-0.05261336417646587,-0.5167198735718659,0.42330401083130503,-2.0302234011860785,2,9,-0.4877686086797539,-0.5025707110324167,-1.1846609731312947,1.31517496510987,-1.315174965109828,2,3,-0.7333772967185263,2,Rendah,0,Sedang,2,3
0.37512046653293935,11,98,3,563,0,0.28641521086925475,1.0128072603969633,-0.5461326000366031,0.882485940323629,1.3296695828426413,2,9,-0.4877686086797539,-0.5025707110324167,2.2560475902659713,-0.44402237354168095,0.4440223735417232,1,7,-0.7333772967185263,1,Rendah,0,Sedang,2,0
-0.6219107444811512,1035,262,7,562,0,-1.0104586321350097,-1.1180339887498951,-1.7520543850908314,-0.7889362830284302,-2.0302234011860785,2,4,-0.4877686086797539,-0.5025707110324167,0.5356933085673383,-0.44402237354168095,0.4440223735417232,2,3,-0.7333772967185263,2,Rendah,0,Rendah,0,2
-0.6581664248816637,1034,262,7,565,0,-1.0104586321350097,-1.1180339887498951,-1.8402925644850432,-0.9909763320050529,-2.0302234011860785,2,4,-0.4877686086797539,-0.5025707110324167,0.5356933085673383,-0.44402237354168095,0.4440223735417232,2,3,-0.7333772967185263,2,Rendah,0,Rendah,0,2
0.8464443117396003,709,46,6,446,0,1.5832890538735194,1.0128072603969633,1.8068855171423788,0.6988131685266994,1.3296695828426413,2,9,1.9815599727615003,1.9897697538834456,0.5356933085673383,-0.44402237354168095,0.4440223735417232,2,5,1.919883493890931,1,Sedang,2,Sedang,2,1
-0.4768880228791017,377,160,7,774,0,-1.0104586321350097,-0.05261336417646587,-1.4579271204434587,-0.4215907394345711,-0.3502769091717185,2,9,-0.4877686086797539,-0.5025707110324167,2.2560475902659713,-0.44402237354168095,0.4440223735417232,2,5,-0.7333772967185263,2,Rendah,0,Rendah,0,0
-0.2412261002757712,708,174,6,840,0,0.28641521086925475,-0.05261336417646587,-0.8108471382192386,-0.31138707635641333,-0.3502769091717185,2,9,-0.4877686086797539,-0.5025707110324167,-1.1846609731312947,-0.44402237354168095,0.4440223735417232,2,3,-0.7333772967185263,2,Rendah,0,Rendah,0,2
-0.2412261002757712,708,174,6,840,0,0.28641521086925475,-0.05261336417646587,-0.8108471382192386,-0.31138707635641333,-0.3502769091717185,2,9,-0.4877686086797539,-0.5025707110324167,-1.1846609731312947,-0.44402237354168095,0.4440223735417232,2,3,-0.7333772967185263,2,Rendah,0,Rendah,0,2
-0.3362159829251137,345,85,6,544,0,0.28641521086925475,-0.05261336417646587,-0.428481694177654,-0.4950598481533429,-0.3502769091717185,2,9,-0.4877686086797539,-0.5025707110324167,-1.1846609731312947,-0.44402237354168095,0.4440223735417232,2,3,-0.7333772967185263,2,Rendah,0,Rendah,0,2
1.3177681569462614,17,254,3,1034,0,2.880162896877784,2.0782278849703926,0.36566192037025236,2.351868114699066,3.009616074857001,2,9,1.9815599727615003,-0.5025707110324167,2.2560475902659713,-0.44402237354168095,0.4440223735417232,2,7,-0.7333772967185263,2,Sedang,2,Tinggi,3,1
0.810188631339088,1027,138,3,507,0,0.28641521086925475,1.0128072603969633,0.6303764585528878,1.1579950980190234,-0.3502769091717185,2,9,1.9815599727615003,1.9897697538834456,0.5356933085673383,-0.44402237354168095,0.4440223735417232,2,5,1.919883493890931,2,Sedang,2,Sedang,2,1
0.8826999921401127,1211,248,7,760,0,1.5832890538735194,1.0128072603969633,-0.19317988245975584,2.443704500597531,1.3296695828426413,2,16,1.9815599727615003,1.9897697538834456,2.2560475902659713,3.0743723037614212,-3.074372303761379,0,3,-0.7333772967185263,1,Sedang,2,Sangat Tinggi,1,1
-0.009189745712491938,10,42,3,827,0,1.5832890538735194,-0.05261336417646587,1.0715673555239469,1.341667869815953,1.3296695828426413,2,9,-0.4877686086797539,-0.5025707110324167,0.5356933085673383,-0.44402237354168095,0.4440223735417232,1,0,-0.7333772967185263,2,Rendah,0,Tinggi,3,0
1.9703704041554846,358,99,5,755,0,1.5832890538735194,2.0782278849703926,0.7186146379470997,2.443704500597531,-0.3502769091717185,2,16,-0.4877686086797539,-0.5025707110324167,2.2560475902659713,3.0743723037614212,-3.074372303761379,2,5,0.5932530985862023,2,Tinggi,3,Sangat Tinggi,1,3
-0.5929062001607414,850,205,6,882,0,-1.0104586321350097,-1.1180339887498951,-1.5167525733729332,-0.899139946106588,-0.3502769091717185,2,4,-0.4877686086797539,-0.5025707110324167,0.5356933085673383,-0.44402237354168095,0.4440223735417232,2,3,0.5932530985862023,2,Rendah,0,Rendah,0,2
1.7745897299927176,1147,0,8,387,0,0.28641521086925475,1.0128072603969633,0.6303764585528878,0.882485940323629,-0.3502769091717185,2,14,-0.4877686086797539,1.9897697538834456,0.5356933085673383,-0.44402237354168095,0.4440223735417232,2,3,1.919883493890931,1,Sedang,2,Sedang,2,1
3.2465703542535205,907,0,8,349,0,1.5832890538735194,1.0128072603969633,2.248076414113438,2.241664451620908,-0.3502769091717185,2,14,-0.4877686086797539,1.9897697538834456,0.5356933085673383,-0.44402237354168095,0.4440223735417232,2,7,1.919883493890931,1,Tinggi,3,Tinggi,3,1
2.65922833176522,431,0,8,72,0,1.5832890538735194,1.0128072603969633,1.6598218848186925,1.6355443046910403,-0.3502769091717185,2,14,-0.4877686086797539,1.9897697538834456,0.5356933085673383,-0.44402237354168095,0.4440223735417232,2,7,-0.7333772967185263,1,Tinggi,3,Tinggi,3,1
4.029693050904588,842,0,8,342,0,1.5832890538735194,2.0782278849703926,3.5716491050266153,2.829417321371083,3.009616074857001,1,14,1.9815599727615003,1.9897697538834456,2.2560475902659713,-0.44402237354168095,0.4440223735417232,2,5,-0.7333772967185263,1,Sangat Tinggi,1,Sangat Tinggi,1,1
1.7745897299927176,77,0,8,58,0,0.28641521086925475,-0.05261336417646587,0.6303764585528878,0.864118663143936,1.3296695828426413,2,9,1.9815599727615003,1.9897697538834456,0.5356933085673383,-0.44402237354168095,0.4440223735417232,2,3,-0.7333772967185263,1,Sedang,2,Sedang,2,1
1.7745897299927176,838,0,8,597,0,0.28641521086925475,1.0128072603969633,0.6303764585528878,0.864118663143936,1.3296695828426413,2,14,1.9815599727615003,1.9897697538834456,0.5356933085673383,-0.44402237354168095,0.4440223735417232,2,3,-0.7333772967185263,0,Sedang,2,Sedang,2,1
1.7745897299927176,201,0,8,751,0,0.28641521086925475,1.0128072603969633,0.6009637320881506,0.882485940323629,-0.3502769091717185,2,14,-0.4877686086797539,1.9897697538834456,0.5356933085673383,-0.44402237354168095,0.4440223735417232,2,3,1.919883493890931,1,Sedang,2,Sedang,2,1
1.7745897299927176,42,0,8,331,0,1.5832890538735194,2.0782278849703926,0.6303764585528878,0.864118663143936,-2.0302234011860785,2,14,-0.4877686086797539,-0.5025707110324167,0.5356933085673383,-0.44402237354168095,0.4440223735417232,2,7,-0.7333772967185263,1,Sedang,2,Sedang,2,0
3.8266612406617186,347,0,8,41,0,2.880162896877784,2.0782278849703926,1.7774727906776415,3.4906392998400295,1.3296695828426413,2,16,1.9815599727615003,1.9897697538834456,2.2560475902659713,-0.44402237354168095,0.4440223735417232,2,4,1.919883493890931,1,Sangat Tinggi,1,Sangat Tinggi,1,1
1.7745897299927176,349,0,8,55,0,0.28641521086925475,1.0128072603969633,0.6303764585528878,0.864118663143936,-0.3502769091717185,2,9,-0.4877686086797539,1.9897697538834456,0.5356933085673383,-0.44402237354168095,0.4440223735417232,2,3,1.919883493890931,1,Sedang,2,Sedang,2,1
3.2465703542535205,172,0,8,51,0,1.5832890538735194,1.0128072603969633,2.248076414113438,2.241664451620908,-0.3502769091717185,2,14,-0.4877686086797539,1.9897697538834456,0.5356933085673383,-0.44402237354168095,0.4440223735417232,2,7,-0.7333772967185263,1,Tinggi,3,Tinggi,3,1
2.65922833176522,275,0,8,52,0,1.5832890538735194,1.0128072603969633,1.6598218848186925,1.6355443046910403,-0.3502769091717185,2,23,-0.4877686086797539,1.9897697538834456,0.5356933085673383,-0.44402237354168095,0.4440223735417232,2,7,1.919883493890931,1,Tinggi,3,Tinggi,3,1
1.7745897299927176,918,0,8,71,0,1.5832890538735194,1.0128072603969633,0.6303764585528878,0.864118663143936,1.3296695828426413,2,9,-0.4877686086797539,1.9897697538834456,0.5356933085673383,-0.44402237354168095,0.4440223735417232,2,3,-0.7333772967185263,1,Sedang,2,Sedang,2,1
2.216909030878969,350,0,8,267,0,2.880162896877784,4.209069134117251,0.7186146379470997,1.9845225711052066,1.3296695828426413,2,14,1.9815599727615003,1.9897697538834456,2.2560475902659713,3.0743723037614212,-3.074372303761379,1,3,1.919883493890931,1,Tinggi,3,Tinggi,3,1
2.0936397175172266,1191,0,8,267,0,1.5832890538735194,1.0128072603969633,3.424585472702929,1.2498314839174882,1.3296695828426413,2,9,1.9815599727615003,1.9897697538834456,0.5356933085673383,3.0743723037614212,-3.074372303761379,2,3,1.919883493890931,1,Tinggi,3,Tinggi,3,1
1.7745897299927176,249,0,8,382,0,0.28641521086925475,1.0128072603969633,0.6303764585528878,0.882485940323629,-0.3502769091717185,2,14,-0.4877686086797539,1.9897697538834456,0.5356933085673383,-0.44402237354168095,0.4440223735417232,2,3,1.919883493890931,0,Sedang,2,Sedang,2,1
3.2465703542535205,233,0,8,65,0,1.5832890538735194,2.0782278849703926,2.248076414113438,2.241664451620908,-0.3502769091717185,2,14,-0.4877686086797539,-0.5025707110324167,0.5356933085673383,-0.44402237354168095,0.4440223735417232,2,7,1.919883493890931,1,Tinggi,3,Tinggi,3,1
1.7745897299927176,232,0,8,387,0,0.28641521086925475,1.0128072603969633,0.6303764585528878,0.882485940323629,-0.3502769091717185,2,14,-0.4877686086797539,1.9897697538834456,0.5356933085673383,-0.44402237354168095,0.4440223735417232,2,3,1.919883493890931,1,Sedang,2,Sedang,2,1
2.65922833176522,202,0,8,463,0,1.5832890538735194,1.0128072603969633,1.6598218848186925,1.6355443046910403,-0.3502769091717185,2,14,1.9815599727615003,1.9897697538834456,0.5356933085673383,-0.44402237354168095,0.4440223735417232,2,7,1.919883493890931,1,Tinggi,3,Tinggi,3,1
1.7745897299927176,1178,0,8,385,0,0.28641521086925475,-0.05261336417646587,0.6303764585528878,0.864118663143936,1.3296695828426413,2,14,1.9815599727615003,1.9897697538834456,0.5356933085673383,-0.44402237354168095,0.4440223735417232,2,3,-0.7333772967185263,1,Sedang,2,Sedang,2,1
2.65922833176522,33,0,8,66,0,1.5832890538735194,1.0128072603969633,1.6598218848186925,1.6355443046910403,1.3296695828426413,2,16,1.9815599727615003,1.9897697538834456,-1.1846609731312947,-0.44402237354168095,0.4440223735417232,2,7,-0.7333772967185263,1,Tinggi,3,Tinggi,3,1
3.8049078324214114,841,0,8,365,0,1.5832890538735194,2.0782278849703926,3.5716491050266153,2.829417321371083,3.009616074857001,2,14,1.9815599727615003,1.9897697538834456,2.2560475902659713,-0.44402237354168095,0.4440223735417232,2,2,-0.7333772967185263,0,Sangat Tinggi,1,Sangat Tinggi,1,1
3.2465703542535205,274,0,8,384,0,1.5832890538735194,1.0128072603969633,2.248076414113438,2.241664451620908,-0.3502769091717185,2,14,1.9815599727615003,1.9897697538834456,-1.1846609731312947,-0.44402237354168095,0.4440223735417232,2,7,1.919883493890931,1,Tinggi,3,Tinggi,3,1
1.7745897299927176,265,0,8,379,0,-1.0104586321350097,-0.05261336417646587,0.6303764585528878,0.864118663143936,1.3296695828426413,1,14,-0.4877686086797539,-0.5025707110324167,0.5356933085673383,-0.44402237354168095,0.4440223735417232,2,7,-0.7333772967185263,1,Sedang,2,Sedang,2,0
1.7745897299927176,280,0,8,331,0,0.28641521086925475,1.0128072603969633,0.6303764585528878,0.882485940323629,-0.3502769091717185,2,14,-0.4877686086797539,1.9897697538834456,0.5356933085673383,-0.44402237354168095,0.4440223735417232,2,3,-0.7333772967185263,1,Sedang,2,Sedang,2,1
3.8266612406617186,23,0,8,367,0,2.880162896877784,2.0782278849703926,1.7774727906776415,3.4906392998400295,-0.3502769091717185,2,16,1.9815599727615003,1.9897697538834456,2.2560475902659713,-0.44402237354168095,0.4440223735417232,2,5,-0.7333772967185263,1,Sangat Tinggi,1,Sangat Tinggi,1,1
1.310517020866159,263,0,8,339,0,0.28641521086925475,-0.05261336417646587,1.189218261382896,0.9375877718627079,-0.3502769091717185,2,12,1.9815599727615003,1.9897697538834456,0.5356933085673383,-0.44402237354168095,0.4440223735417232,2,3,1.919883493890931,1,Sedang,2,Sedang,2,1
1.7745897299927176,832,0,8,331,0,0.28641521086925475,1.0128072603969633,0.6303764585528878,0.864118663143936,-0.3502769091717185,2,14,-0.4877686086797539,-0.5025707110324167,0.5356933085673383,-0.44402237354168095,0.4440223735417232,2,3,-0.7333772967185263,1,Sedang,2,Sedang,2,0
2.6084703792045025,309,0,8,75,0,1.5832890538735194,1.0128072603969633,3.424585472702929,1.9477880167458206,1.3296695828426413,2,9,1.9815599727615003,1.9897697538834456,0.5356933085673383,1.31517496510987,-1.315174965109828,2,3,-0.7333772967185263,1,Tinggi,3,Tinggi,3,1
2.0936397175172266,90,0,8,397,0,1.5832890538735194,1.0128072603969633,3.424585472702929,1.2498314839174882,1.3296695828426413,2,9,1.9815599727615003,1.9897697538834456,0.5356933085673383,1.31517496510987,-1.315174965109828,2,5,-0.7333772967185263,1,Tinggi,3,Tinggi,3,1
2.876762414168294,302,0,8,60,0,4.177036739882048,4.209069134117251,1.2480437143123706,2.6457445495741534,-2.0302234011860785,2,14,1.9815599727615003,1.9897697538834456,2.2560475902659713,3.0743723037614212,-3.074372303761379,2,4,1.919883493890931,0,Tinggi,3,Sangat Tinggi,1,1
3.8266612406617186,868,0,8,38,0,2.880162896877784,2.0782278849703926,1.7774727906776415,3.4906392998400295,-0.3502769091717185,2,16,-0.4877686086797539,1.9897697538834456,2.2560475902659713,-0.44402237354168095,0.4440223735417232,2,3,1.919883493890931,1,Sangat Tinggi,1,Sangat Tinggi,1,1
2.216909030878969,335,0,8,53,0,1.5832890538735194,1.0128072603969633,0.7186146379470997,1.9845225711052066,-0.3502769091717185,2,14,-0.4877686086797539,1.9897697538834456,2.2560475902659713,-0.44402237354168095,0.4440223735417232,2,4,1.919883493890931,1,Tinggi,3,Tinggi,3,1
3.8266612406617186,277,0,8,39,0,2.880162896877784,2.0782278849703926,1.7774727906776415,3.4906392998400295,-0.3502769091717185,2,16,1.9815599727615003,1.9897697538834456,2.2560475902659713,1.31517496510987,-1.315174965109828,2,3,1.919883493890931,1,Sangat Tinggi,1,Sangat Tinggi,1,1
1.310517020866159,1195,0,8,361,0,0.28641521086925475,-0.05261336417646587,1.189218261382896,0.9375877718627079,-0.3502769091717185,2,14,1.9815599727615003,1.9897697538834456,0.5356933085673383,-0.44402237354168095,0.4440223735417232,2,7,-0.7333772967185263,1,Sedang,2,Sedang,2,1
2.0936397175172266,177,0,8,339,0,1.5832890538735194,1.0128072603969633,3.424585472702929,1.2498314839174882,-0.3502769091717185,2,14,1.9815599727615003,1.9897697538834456,0.5356933085673383,-0.44402237354168095,0.4440223735417232,2,3,0.5932530985862023,1,Tinggi,3,Tinggi,3,1
1.7238317774320002,5,0,8,388,0,0.28641521086925475,1.0128072603969633,0.6303764585528878,0.864118663143936,1.3296695828426413,2,9,1.9815599727615003,1.9897697538834456,0.5356933085673383,-0.44402237354168095,0.4440223735417232,2,3,-0.7333772967185263,1,Sedang,2,Sedang,2,1
2.65922833176522,276,0,8,82,0,1.5832890538735194,1.0128072603969633,1.6598218848186925,1.6355443046910403,-0.3502769091717185,2,14,-0.4877686086797539,1.9897697538834456,0.5356933085673383,-0.44402237354168095,0.4440223735417232,2,7,1.919883493890931,1,Tinggi,3,Tinggi,3,1
3.8266612406617186,1,0,8,331,0,2.880162896877784,2.0782278849703926,1.7774727906776415,3.4906392998400295,-0.3502769091717185,2,16,1.9815599727615003,1.9897697538834456,2.2560475902659713,-0.44402237354168095,0.4440223735417232,2,3,1.919883493890931,1,Sangat Tinggi,1,Sangat Tinggi,1,1
1.687576097031488,41,0,8,685,0,2.880162896877784,2.0782278849703926,0.6303764585528878,0.864118663143936,-2.0302234011860785,2,9,-0.4877686086797539,-0.5025707110324167,0.5356933085673383,-0.44402237354168095,0.4440223735417232,2,3,1.919883493890931,1,Sedang,2,Sedang,2,0
3.8194101045816162,714,0,8,342,0,1.5832890538735194,2.0782278849703926,3.424585472702929,2.9947228159883195,1.3296695828426413,1,16,1.9815599727615003,1.9897697538834456,0.5356933085673383,1.31517496510987,-1.315174965109828,2,2,-0.7333772967185263,0,Sangat Tinggi,1,Sangat Tinggi,1,1
2.876762414168294,272,0,8,48,0,1.5832890538735194,1.0128072603969633,1.2480437143123706,2.6457445495741534,-0.3502769091717185,2,14,1.9815599727615003,1.9897697538834456,2.2560475902659713,1.31517496510987,-1.315174965109828,2,6,1.919883493890931,1,Tinggi,3,Sangat Tinggi,1,1
3.8266612406617186,226,0,8,35,0,2.880162896877784,2.0782278849703926,1.7774727906776415,3.4906392998400295,-0.3502769091717185,2,16,1.9815599727615003,1.9897697538834456,2.2560475902659713,1.31517496510987,-1.315174965109828,2,6,1.919883493890931,1,Sangat Tinggi,1,Sangat Tinggi,1,1
1.7745897299927176,680,0,8,717,0,0.28641521086925475,1.0128072603969633,0.6303764585528878,0.864118663143936,1.3296695828426413,2,14,1.9815599727615003,1.9897697538834456,0.5356933085673383,-0.44402237354168095,0.4440223735417232,2,7,-0.7333772967185263,1,Sedang,2,Sedang,2,1
1.7745897299927176,227,0,8,367,0,0.28641521086925475,1.0128072603969633,0.6303764585528878,0.882485940323629,-0.3502769091717185,2,14,-0.4877686086797539,1.9897697538834456,0.5356933085673383,-0.44402237354168095,0.4440223735417232,2,3,-0.7333772967185263,1,Sedang,2,Sedang,2,1
3.2465703542535205,1150,0,8,44,0,1.5832890538735194,1.0128072603969633,2.248076414113438,2.241664451620908,1.3296695828426413,2,15,1.9815599727615003,1.9897697538834456,0.5356933085673383,-0.44402237354168095,0.4440223735417232,2,3,-0.7333772967185263,1,Tinggi,3,Tinggi,3,1
2.65922833176522,1151,0,8,351,0,1.5832890538735194,1.0128072603969633,1.6598218848186925,1.6355443046910403,1.3296695828426413,2,14,1.9815599727615003,1.9897697538834456,0.5356933085673383,-0.44402237354168095,0.4440223735417232,2,5,-0.7333772967185263,1,Tinggi,3,Tinggi,3,1
1.1437408910238018,228,100,8,576,0,1.5832890538735194,1.0128072603969633,0.36566192037025236,0.5335076739094629,1.3296695828426413,1,9,1.9815599727615003,1.9897697538834456,0.5356933085673383,1.31517496510987,-1.315174965109828,4,7,-0.7333772967185263,2,Sedang,2,Sedang,2,1
2.65922833176522,410,100,8,64,0,1.5832890538735194,1.0128072603969633,1.6598218848186925,1.6355443046910403,-0.3502769091717185,2,14,-0.4877686086797539,1.9897697538834456,0.5356933085673383,-0.44402237354168095,0.4440223735417232,2,7,1.919883493890931,1,Tinggi,3,Tinggi,3,1
4.145711228186228,704,100,8,75,0,1.5832890538735194,1.0128072603969633,3.895189096138725,3.600842962918187,1.3296695828426413,2,16,1.9815599727615003,1.9897697538834456,0.5356933085673383,-0.44402237354168095,0.4440223735417232,2,3,0.5932530985862023,2,Sangat Tinggi,1,Sangat Tinggi,1,1
0.9552113529411376,21,100,8,370,0,0.28641521086925475,1.0128072603969633,0.012709202793405077,0.7539150000657783,1.3296695828426413,2,9,-0.4877686086797539,-0.5025707110324167,2.2560475902659713,-0.44402237354168095,0.4440223735417232,0,3,1.919883493890931,0,Sedang,2,Sedang,2,0
2.855009005927987,401,100,8,77,0,0.28641521086925475,1.0128072603969633,2.8363309434081834,3.1232937562461704,3.009616074857001,2,16,1.9815599727615003,1.9897697538834456,0.5356933085673383,-0.44402237354168095,0.4440223735417232,2,6,-0.7333772967185263,2,Tinggi,3,Sangat Tinggi,1,1
0.4041250108533493,834,100,8,37,0,0.28641521086925475,-0.05261336417646587,-0.10494170306554403,0.2763657933937614,-0.3502769091717185,2,9,-0.4877686086797539,-0.5025707110324167,-1.1846609731312947,-0.44402237354168095,0.4440223735417232,2,5,1.919883493890931,2,Rendah,0,Sedang,2,0
1.2452567961452365,173,100,8,673,0,0.28641521086925475,1.0128072603969633,1.306869167241845,0.7722822772454713,1.3296695828426413,2,9,-0.4877686086797539,-0.5025707110324167,-1.1846609731312947,-0.44402237354168095,0.4440223735417232,2,5,-0.7333772967185263,2,Sedang,2,Sedang,2,0
-0.13245905907423405,640,100,8,820,0,0.28641521086925475,1.0128072603969633,-0.3402435147834422,0.6069767826282346,-0.3502769091717185,2,9,-0.4877686086797539,-0.5025707110324167,0.5356933085673383,-0.44402237354168095,0.4440223735417232,0,6,-0.7333772967185263,1,Rendah,0,Sedang,2,0
1.1437408910238018,74,100,8,329,0,1.5832890538735194,1.0128072603969633,0.36566192037025236,0.5335076739094629,1.3296695828426413,1,9,-0.4877686086797539,-0.5025707110324167,0.5356933085673383,3.0743723037614212,-3.074372303761379,0,7,-0.7333772967185263,2,Sedang,2,Sedang,2,3
0.012563662527815494,1198,100,8,77,0,-1.0104586321350097,-0.05261336417646587,-1.0461489499371368,-0.43995801661426404,-0.3502769091717185,2,9,-0.4877686086797539,-0.5025707110324167,0.5356933085673383,1.31517496510987,-1.315174965109828,2,3,-0.7333772967185263,0,Rendah,0,Rendah,0,3
1.5353022393493356,888,100,8,366,0,1.5832890538735194,1.0128072603969633,1.306869167241845,1.341667869815953,-0.3502769091717185,1,15,-0.4877686086797539,1.9897697538834456,0.5356933085673383,3.0743723037614212,-3.074372303761379,1,6,0.5932530985862023,1,Sedang,2,Tinggi,3,3
2.6954840121657324,518,100,8,322,0,0.28641521086925475,1.0128072603969633,2.8363309434081834,3.1232937562461704,3.009616074857001,2,14,1.9815599727615003,1.9897697538834456,0.5356933085673383,-0.44402237354168095,0.4440223735417232,2,7,-0.7333772967185263,2,Tinggi,3,Sangat Tinggi,1,1
0.05607047900843036,405,100,8,36,0,-1.0104586321350097,-0.05261336417646587,-1.0461489499371368,-0.43995801661426404,-0.3502769091717185,2,9,-0.4877686086797539,-0.5025707110324167,0.5356933085673383,-0.44402237354168095,0.4440223735417232,2,3,-0.7333772967185263,0,Rendah,0,Rendah,0,0
4.022441914824485,246,100,8,37,0,1.5832890538735194,1.0128072603969633,3.895189096138725,3.600842962918187,1.3296695828426413,2,19,1.9815599727615003,1.9897697538834456,0.5356933085673383,1.31517496510987,-1.315174965109828,2,3,0.5932530985862023,2,Sangat Tinggi,1,Sangat Tinggi,1,1
-0.4551346146387943,742,100,8,104,0,0.28641521086925475,-0.05261336417646587,-0.16376715599501857,-0.4950598481533429,-0.3502769091717185,2,4,-0.4877686086797539,-0.5025707110324167,0.5356933085673383,-0.44402237354168095,0.4440223735417232,2,7,-0.7333772967185263,2,Rendah,0,Rendah,0,0
-0.4333812063984869,781,100,8,720,0,0.28641521086925475,-0.05261336417646587,0.04212192925814235,-0.4950598481533429,-0.3502769091717185,2,4,-0.4877686086797539,-0.5025707110324167,0.5356933085673383,-0.44402237354168095,0.4440223735417232,2,7,-0.7333772967185263,2,Rendah,0,Rendah,0,0
0.9697136251013425,132,100,8,356,0,0.28641521086925475,-0.05261336417646587,1.7774727906776415,2.9947228159883195,-0.3502769091717185,2,14,1.9815599727615003,1.9897697538834456,0.5356933085673383,3.0743723037614212,-3.074372303761379,0,3,0.5932530985862023,1,Sedang,2,Sangat Tinggi,1,1
2.65922833176522,290,5,8,383,0,1.5832890538735194,1.0128072603969633,1.6598218848186925,1.6355443046910403,-0.3502769091717185,2,14,1.9815599727615003,1.9897697538834456,0.5356933085673383,-0.44402237354168095,0.4440223735417232,2,7,1.919883493890931,1,Tinggi,3,Tinggi,3,1
0.9552113529411376,1164,5,8,392,0,0.28641521086925475,1.0128072603969633,0.012709202793405077,0.7171804457063924,1.3296695828426413,2,9,-0.4877686086797539,-0.5025707110324167,2.2560475902659713,-0.44402237354168095,0.4440223735417232,2,3,-0.7333772967185263,0,Sedang,2,Sedang,2,0
1.8978590433544598,1165,5,8,519,0,1.5832890538735194,2.0782278849703926,1.306869167241845,1.764115244948891,1.3296695828426413,2,15,1.9815599727615003,1.9897697538834456,2.2560475902659713,-0.44402237354168095,0.4440223735417232,0,3,-0.7333772967185263,2,Tinggi,3,Tinggi,3,1
-0.2774817806762836,734,5,8,381,0,0.28641521086925475,1.0128072603969633,-0.6049580529660777,-0.07261247302040486,1.3296695828426413,2,12,-0.4877686086797539,-0.5025707110324167,0.5356933085673383,-0.44402237354168095,0.4440223735417232,2,3,1.919883493890931,0,Rendah,0,Rendah,0,0
0.2300977449308898,301,5,8,279,0,0.28641521086925475,-0.05261336417646587,-0.6931962323602895,-0.25628524481733445,-0.3502769091717185,2,9,-0.4877686086797539,-0.5025707110324167,0.5356933085673383,-0.44402237354168095,0.4440223735417232,2,3,-0.7333772967185263,0,Rendah,0,Rendah,0,0
-0.059947698273209275,321,5,8,47,0,-1.0104586321350097,-1.1180339887498951,-1.0461489499371368,-0.7705690058487373,-0.3502769091717185,2,9,-0.4877686086797539,-0.5025707110324167,0.5356933085673383,-0.44402237354168095,0.4440223735417232,0,3,0.5932530985862023,0,Rendah,0,Rendah,0,2
-0.5682523374883929,393,5,8,105,0,0.28641521086925475,-0.05261336417646587,-0.3990689677129168,-0.6787326199502726,-0.3502769091717185,2,4,-0.4877686086797539,-0.5025707110324167,0.5356933085673383,-0.44402237354168095,0.4440223735417232,2,7,1.919883493890931,2,Rendah,0,Rendah,0,0
0.04881934292832788,562,5,8,282,0,0.28641521086925475,-0.05261336417646587,-0.9873234970076623,-0.34812163071579927,-0.3502769091717185,2,9,-0.4877686086797539,-0.5025707110324167,0.5356933085673383,1.31517496510987,-1.315174965109828,2,3,-0.7333772967185263,0,Rendah,0,Rendah,0,3
0.15758638412986503,268,5,8,575,0,1.5832890538735194,-0.05261336417646587,-0.6931962323602895,-0.16444885891886965,1.3296695828426413,2,9,-0.4877686086797539,-0.5025707110324167,0.5356933085673383,1.31517496510987,-1.315174965109828,0,3,-0.7333772967185263,2,Rendah,0,Rendah,0,3
-0.2774817806762836,769,5,8,373,0,-1.0104586321350097,-0.05261336417646587,-0.5755453265013404,-0.40322346225487815,-2.0302234011860785,2,9,-0.4877686086797539,-0.5025707110324167,0.5356933085673383,-0.44402237354168095,0.4440223735417232,2,5,-0.7333772967185263,2,Rendah,0,Rendah,0,2
-0.34999314147730837,739,5,8,580,0,-1.0104586321350097,-0.05261336417646587,-0.8990853176134505,-0.4950598481533429,1.3296695828426413,2,9,-0.4877686086797539,-0.5025707110324167,0.5356933085673383,3.0743723037614212,-3.074372303761379,2,5,-0.7333772967185263,2,Rendah,0,Rendah,0,3
1.2452567961452365,659,5,8,531,0,0.28641521086925475,1.0128072603969633,2.865743669872921,1.745747967769198,3.009616074857001,2,15,1.9815599727615003,1.9897697538834456,0.5356933085673383,1.31517496510987,-1.315174965109828,1,5,0.5932530985862023,0,Sedang,2,Tinggi,3,1
0.2300977449308898,219,5,8,390,0,-1.0104586321350097,-0.05261336417646587,-0.6931962323602895,-0.3664889078954922,-0.3502769091717185,2,9,-0.4877686086797539,-0.5025707110324167,0.5356933085673383,-0.44402237354168095,0.4440223735417232,1,7,0.5932530985862023,2,Rendah,0,Rendah,0,0
-0.059947698273209275,273,5,8,380,0,1.5832890538735194,-0.05261336417646587,-1.5167525733729332,0.05595846723744586,1.3296695828426413,2,9,-0.4877686086797539,-0.5025707110324167,2.2560475902659713,3.0743723037614212,-3.074372303761379,0,3,-0.7333772967185263,1,Rendah,0,Sedang,2,3
-0.42250450227833314,396,5,8,673,0,0.28641521086925475,-0.05261336417646587,-0.6931962323602895,-0.40322346225487815,1.3296695828426413,2,9,-0.4877686086797539,-0.5025707110324167,0.5356933085673383,-0.44402237354168095,0.4440223735417232,2,3,-0.7333772967185263,2,Rendah,0,Rendah,0,0
2.680981740005527,1190,5,8,684,0,1.5832890538735194,2.0782278849703926,2.042187328860277,1.1028932664799445,1.3296695828426413,1,15,1.9815599727615003,1.9897697538834456,0.5356933085673383,-0.44402237354168095,0.4440223735417232,2,7,-0.7333772967185263,2,Tinggi,3,Sedang,2,1
0.012563662527815494,740,5,8,346,0,-1.0104586321350097,-0.05261336417646587,-0.6931962323602895,-0.7705690058487373,-2.0302234011860785,1,9,-0.4877686086797539,-0.5025707110324167,0.5356933085673383,1.31517496510987,-1.315174965109828,0,7,1.919883493890931,0,Rendah,0,Rendah,0,3
-0.4333812063984869,630,5,8,726,0,0.28641521086925475,-0.05261336417646587,0.04212192925814235,-0.4950598481533429,-2.0302234011860785,2,4,-0.4877686086797539,-0.5025707110324167,0.5356933085673383,-0.44402237354168095,0.4440223735417232,2,7,-0.7333772967185263,2,Rendah,0,Rendah,0,0
0.19384206453037742,1007,5,8,268,0,-1.0104586321350097,-0.05261336417646587,-0.6931962323602895,-0.25628524481733445,-0.3502769091717185,1,9,-0.4877686086797539,-0.5025707110324167,0.5356933085673383,3.0743723037614212,-3.074372303761379,0,5,-0.7333772967185263,2,Rendah,0,Rendah,0,3
-0.6726686970418686,100,64,8,701,0,-1.0104586321350097,-1.1180339887498951,-0.3402435147834422,-0.2746525219970274,-0.3502769091717185,2,4,-0.4877686086797539,-0.5025707110324167,-1.1846609731312947,-0.44402237354168095,0.4440223735417232,2,7,0.5932530985862023,2,Rendah,0,Rendah,0,2
-0.5131437032796141,104,64,8,293,0,0.28641521086925475,-0.05261336417646587,-0.3402435147834422,0.42330401083130503,-0.3502769091717185,0,9,-0.4877686086797539,-0.5025707110324167,0.5356933085673383,-0.44402237354168095,0.4440223735417232,2,5,0.5932530985862023,2,Rendah,0,Sedang,2,0
-0.5058925671995116,107,64,8,534,0,0.28641521086925475,-1.1180339887498951,-0.3402435147834422,-0.40322346225487815,-0.3502769091717185,0,9,-0.4877686086797539,-0.5025707110324167,-1.1846609731312947,1.31517496510987,-1.315174965109828,2,3,0.5932530985862023,2,Rendah,0,Rendah,0,3
-0.2774817806762836,1209,3,8,376,0,0.28641521086925475,-0.05261336417646587,-0.6637835058955522,-0.32975435353610627,1.3296695828426413,2,9,-0.4877686086797539,-0.5025707110324167,0.5356933085673383,1.31517496510987,-1.315174965109828,2,5,1.919883493890931,2,Rendah,0,Rendah,0,3
1.0059693055018548,646,3,8,509,0,1.5832890538735194,1.0128072603969633,0.012709202793405077,0.7171804457063924,-0.3502769091717185,2,9,-0.4877686086797539,-0.5025707110324167,2.2560475902659713,-0.44402237354168095,0.4440223735417232,2,7,-0.7333772967185263,0,Sedang,2,Sedang,2,0
3.348086259374955,1197,3,8,377,0,1.5832890538735194,3.1436485095438216,1.5421709789597433,2.847784598550776,-2.0302234011860785,2,15,1.9815599727615003,1.9897697538834456,-1.1846609731312947,-0.44402237354168095,0.4440223735417232,2,5,1.919883493890931,2,Sangat Tinggi,1,Sangat Tinggi,1,1
0.37512046653293935,1171,3,8,391,0,1.5832890538735194,1.0128072603969633,-0.5167198735718659,-0.01751064148132598,-0.3502769091717185,2,9,-0.4877686086797539,-0.5025707110324167,0.5356933085673383,-0.44402237354168095,0.4440223735417232,2,5,-0.7333772967185263,0,Rendah,0,Rendah,0,0
4.653290753793401,984,3,8,335,0,1.5832890538735194,2.0782278849703926,2.8363309434081834,3.5457411313791085,1.3296695828426413,2,16,1.9815599727615003,1.9897697538834456,2.2560475902659713,3.0743723037614212,-3.074372303761379,0,7,0.5932530985862023,2,Sangat Tinggi,1,Sangat Tinggi,1,1
-0.5203948393597165,791,3,8,695,0,0.28641521086925475,-0.05261336417646587,0.04212192925814235,-0.4950598481533429,-0.3502769091717185,2,4,-0.4877686086797539,-0.5025707110324167,0.5356933085673383,-0.44402237354168095,0.4440223735417232,2,7,1.919883493890931,1,Rendah,0,Rendah,0,0
-0.24847723635587368,590,3,8,54,0,0.28641521086925475,1.0128072603969633,-0.6049580529660777,-0.07261247302040486,1.3296695828426413,2,14,-0.4877686086797539,-0.5025707110324167,0.5356933085673383,-0.44402237354168095,0.4440223735417232,2,3,-0.7333772967185263,2,Rendah,0,Rendah,0,0
0.034317070768122925,609,3,8,358,0,0.28641521086925475,1.0128072603969633,-0.45789442064239133,-0.12771430455948374,-0.3502769091717185,2,14,-0.4877686086797539,-0.5025707110324167,0.5356933085673383,-0.44402237354168095,0.4440223735417232,2,7,-0.7333772967185263,1,Rendah,0,Rendah,0,0
3.3118305789744427,479,3,8,510,0,1.5832890538735194,3.1436485095438216,1.5421709789597433,2.847784598550776,1.3296695828426413,2,15,1.9815599727615003,1.9897697538834456,2.2560475902659713,-0.44402237354168095,0.4440223735417232,2,7,-0.7333772967185263,1,Sangat Tinggi,1,Sangat Tinggi,1,1
1.1364897549436994,895,3,8,378,0,0.28641521086925475,1.0128072603969633,2.042187328860277,2.6273772723944604,1.3296695828426413,2,14,1.9815599727615003,1.9897697538834456,0.5356933085673383,1.31517496510987,-1.315174965109828,1,7,-0.7333772967185263,1,Sedang,2,Sangat Tinggi,1,1
-0.2774817806762836,1206,3,8,50,0,0.28641521086925475,-0.05261336417646587,-0.28141806185396767,-0.32975435353610627,1.3296695828426413,2,9,-0.4877686086797539,-0.5025707110324167,0.5356933085673383,-0.44402237354168095,0.4440223735417232,2,0,-0.7333772967185263,1,Rendah,0,Rendah,0,0
1.0059693055018548,567,3,8,682,0,1.5832890538735194,1.0128072603969633,0.012709202793405077,0.7171804457063924,-0.3502769091717185,2,9,-0.4877686086797539,-0.5025707110324167,2.2560475902659713,-0.44402237354168095,0.4440223735417232,2,7,-0.7333772967185263,0,Sedang,2,Sedang,2,0
-0.4478834785586918,789,3,8,46,0,0.28641521086925475,-0.05261336417646587,-0.6931962323602895,-0.12771430455948374,-0.3502769091717185,2,9,-0.4877686086797539,-0.5025707110324167,0.5356933085673383,-0.44402237354168095,0.4440223735417232,2,3,0.5932530985862023,2,Rendah,0,Rendah,0,0
-0.5276459754398191,189,3,8,694,0,0.28641521086925475,-0.05261336417646587,-0.45789442064239133,-0.4950598481533429,-0.3502769091717185,2,4,-0.4877686086797539,-0.5025707110324167,0.5356933085673383,-0.44402237354168095,0.4440223735417232,2,5,1.919883493890931,1,Rendah,0,Rendah,0,0
0.5273943242150914,551,3,8,508,0,1.5832890538735194,-0.05261336417646587,-0.10494170306554403,-0.16444885891886965,-0.3502769091717185,1,9,-0.4877686086797539,-0.5025707110324167,0.5356933085673383,-0.44402237354168095,0.4440223735417232,2,7,-0.7333772967185263,0,Sedang,2,Rendah,0,0
-0.5276459754398191,722,3,8,694,0,0.28641521086925475,-0.05261336417646587,-0.6637835058955522,-0.4950598481533429,-0.3502769091717185,2,4,-0.4877686086797539,-0.5025707110324167,0.5356933085673383,-0.44402237354168095,0.4440223735417232,2,5,1.919883493890931,1,Rendah,0,Rendah,0,0
-0.5058925671995116,623,222,8,718,0,0.28641521086925475,-0.05261336417646587,-0.5755453265013404,-0.4950598481533429,-0.3502769091717185,2,4,-0.4877686086797539,-0.5025707110324167,0.5356933085673383,-0.44402237354168095,0.4440223735417232,2,5,-0.7333772967185263,2,Rendah,0,Rendah,0,0
0.9914670333416499,238,240,8,389,0,1.5832890538735194,2.0782278849703926,2.8363309434081834,2.333500837519373,3.009616074857001,2,14,1.9815599727615003,1.9897697538834456,0.5356933085673383,-0.44402237354168095,0.4440223735417232,2,0,-0.7333772967185263,1,Sedang,2,Tinggi,3,1
1.0277227137421623,65,240,8,386,0,1.5832890538735194,1.0128072603969633,2.248076414113438,1.8926861852067418,1.3296695828426413,2,14,1.9815599727615003,1.9897697538834456,0.5356933085673383,-0.44402237354168095,0.4440223735417232,2,3,-0.7333772967185263,2,Sedang,2,Tinggi,3,1
0.3026091057319146,130,240,8,728,0,0.28641521086925475,1.0128072603969633,2.8363309434081834,1.0110568805814797,-0.3502769091717185,1,16,1.9815599727615003,-0.5025707110324167,0.5356933085673383,3.0743723037614212,-3.074372303761379,0,0,1.919883493890931,2,Rendah,0,Sedang,2,3
-0.4551346146387943,729,88,8,104,0,0.28641521086925475,-0.05261336417646587,-0.16376715599501857,-0.4950598481533429,-0.3502769091717185,2,4,-0.4877686086797539,-0.5025707110324167,0.5356933085673383,-0.44402237354168095,0.4440223735417232,2,7,-0.7333772967185263,2,Rendah,0,Rendah,0,0
-0.42250450227833314,730,88,8,357,0,0.28641521086925475,-0.05261336417646587,-0.6931962323602895,-0.31138707635641333,1.3296695828426413,2,9,-0.4877686086797539,-0.5025707110324167,0.5356933085673383,-0.44402237354168095,0.4440223735417232,2,3,1.919883493890931,2,Rendah,0,Rendah,0,0
-0.310837006644755,390,92,8,614,0,1.5832890538735194,-0.05261336417646587,-0.3402435147834422,-0.07261247302040486,-0.3502769091717185,0,9,-0.4877686086797539,-0.5025707110324167,0.5356933085673383,1.31517496510987,-1.315174965109828,2,3,-0.7333772967185263,2,Rendah,0,Rendah,0,3
-0.059947698273209275,406,92,8,375,0,2.880162896877784,1.0128072603969633,0.7186146379470997,2.0763589570036713,1.3296695828426413,2,9,-0.4877686086797539,-0.5025707110324167,0.5356933085673383,3.0743723037614212,-3.074372303761379,1,5,-0.7333772967185263,1,Rendah,0,Tinggi,3,3
-0.3993008668220052,564,92,8,779,0,1.5832890538735194,-0.05261336417646587,-0.3402435147834422,-0.16444885891886965,-0.3502769091717185,2,9,-0.4877686086797539,-0.5025707110324167,0.5356933085673383,1.31517496510987,-1.315174965109828,1,3,0.5932530985862023,2,Rendah,0,Rendah,0,3
-0.5327217706958908,1093,92,8,273,0,-1.0104586321350097,-1.1180339887498951,-0.3402435147834422,-0.8807726689268951,-2.0302234011860785,2,4,-0.4877686086797539,-0.5025707110324167,-1.1846609731312947,3.0743723037614212,-3.074372303761379,1,3,-0.7333772967185263,2,Rendah,0,Rendah,0,3
-0.3913246171338925,1078,92,8,57,0,-1.0104586321350097,-0.05261336417646587,-0.3402435147834422,-0.6052635112315007,-0.3502769091717185,2,9,-0.4877686086797539,-0.5025707110324167,0.5356933085673383,1.31517496510987,-1.315174965109828,2,7,0.5932530985862023,1,Rendah,0,Rendah,0,3
-0.5102432488475731,738,187,8,37,0,-1.0104586321350097,-1.1180339887498951,-0.3402435147834422,-0.935874500465974,-0.3502769091717185,2,9,-0.4877686086797539,-0.5025707110324167,-1.1846609731312947,-0.44402237354168095,0.4440223735417232,2,3,0.5932530985862023,2,Rendah,0,Rendah,0,2
-0.4551346146387943,625,154,8,326,0,0.28641521086925475,-0.05261336417646587,-0.16376715599501857,-0.4950598481533429,-0.3502769091717185,2,4,-0.4877686086797539,-0.5025707110324167,0.5356933085673383,-0.44402237354168095,0.4440223735417232,2,7,-0.7333772967185263,2,Rendah,0,Rendah,0,0
-0.4333812063984869,721,154,8,718,0,0.28641521086925475,-0.05261336417646587,0.04212192925814235,-0.4950598481533429,-0.3502769091717185,2,4,-0.4877686086797539,-0.5025707110324167,0.5356933085673383,-0.44402237354168095,0.4440223735417232,2,7,-0.7333772967185263,2,Rendah,0,Rendah,0,0
-0.3173630291168472,820,144,8,369,0,1.5832890538735194,-0.05261336417646587,-0.3402435147834422,-0.07261247302040486,-0.3502769091717185,2,9,-0.4877686086797539,-0.5025707110324167,0.5356933085673383,-0.44402237354168095,0.4440223735417232,2,3,0.5932530985862023,2,Rendah,0,Rendah,0,0
-0.34999314147730837,412,144,8,750,0,1.5832890538735194,-0.05261336417646587,-0.3402435147834422,-0.07261247302040486,-0.3502769091717185,2,9,-0.4877686086797539,-0.5025707110324167,0.5356933085673383,1.31517496510987,-1.315174965109828,0,5,-0.7333772967185263,2,Rendah,0,Rendah,0,3
-0.3173630291168472,672,144,8,374,0,1.5832890538735194,-0.05261336417646587,-0.3402435147834422,-0.07261247302040486,1.3296695828426413,2,9,-0.4877686086797539,-0.5025707110324167,0.5356933085673383,-0.44402237354168095,0.4440223735417232,2,3,-0.7333772967185263,2,Rendah,0,Rendah,0,0
-0.2956096208765398,1105,144,8,88,0,1.5832890538735194,-0.05261336417646587,-0.3402435147834422,-0.16444885891886965,-0.3502769091717185,2,9,-0.4877686086797539,-0.5025707110324167,0.5356933085673383,-0.44402237354168095,0.4440223735417232,2,3,0.5932530985862023,2,Rendah,0,Rendah,0,0
-0.42250450227833314,399,144,8,967,0,0.28641521086925475,-0.05261336417646587,-0.6931962323602895,-0.40322346225487815,1.3296695828426413,2,9,-0.4877686086797539,-0.5025707110324167,0.5356933085673383,-0.44402237354168095,0.4440223735417232,2,3,-0.7333772967185263,2,Rendah,0,Rendah,0,0
-0.4551346146387943,778,61,8,354,0,0.28641521086925475,-0.05261336417646587,-0.16376715599501857,-0.4950598481533429,-0.3502769091717185,2,4,-0.4877686086797539,-0.5025707110324167,0.5356933085673383,-0.44402237354168095,0.4440223735417232,2,5,-0.7333772967185263,2,Rendah,0,Rendah,0,0
-0.4333812063984869,758,61,8,719,0,0.28641521086925475,-0.05261336417646587,0.04212192925814235,-0.4950598481533429,-0.3502769091717185,2,4,-0.4877686086797539,-0.5025707110324167,0.5356933085673383,-0.44402237354168095,0.4440223735417232,2,7,-0.7333772967185263,2,Rendah,0,Rendah,0,0
-0.6762942650819198,243,53,8,93,0,-1.0104586321350097,-0.05261336417646587,-0.6931962323602895,-0.7522017286690443,-2.0302234011860785,2,9,-0.4877686086797539,-0.5025707110324167,0.5356933085673383,1.31517496510987,-1.315174965109828,2,5,1.919883493890931,2,Rendah,0,Rendah,0,3
0.6289102293365261,57,63,8,462,0,0.28641521086925475,1.0128072603969633,2.248076414113438,0.864118663143936,1.3296695828426413,2,14,1.9815599727615003,1.9897697538834456,0.5356933085673383,-0.44402237354168095,0.4440223735417232,2,7,-0.7333772967185263,2,Sedang,2,Sedang,2,1
-0.059947698273209275,139,63,8,477,0,0.28641521086925475,-0.05261336417646587,-0.8696725911487132,0.6804458913470065,1.3296695828426413,1,15,1.9815599727615003,1.9897697538834456,2.2560475902659713,3.0743723037614212,-3.074372303761379,0,3,-0.7333772967185263,1,Rendah,0,Sedang,2,3
-0.11070565083392662,106,236,8,372,0,-1.0104586321350097,-0.05261336417646587,-0.3696562412481795,-0.458325293793957,-0.3502769091717185,2,9,-0.4877686086797539,-0.5025707110324167,0.5356933085673383,3.0743723037614212,-3.074372303761379,2,1,-0.7333772967185263,1,Rendah,0,Rendah,0,3
-0.32388905158893944,463,173,8,370,0,1.5832890538735194,-0.05261336417646587,-0.3402435147834422,-0.07261247302040486,-0.3502769091717185,2,9,-0.4877686086797539,-0.5025707110324167,-1.1846609731312947,-0.44402237354168095,0.4440223735417232,0,3,0.5932530985862023,2,Rendah,0,Rendah,0,0
-0.4580350690708353,388,173,8,603,0,-1.0104586321350097,-0.05261336417646587,-0.016703523671332196,-0.34812163071579927,-0.3502769091717185,0,9,-0.4877686086797539,-0.5025707110324167,0.5356933085673383,1.31517496510987,-1.315174965109828,2,7,-0.7333772967185263,2,Rendah,0,Rendah,0,3
0.2300977449308898,1207,84,8,278,0,-1.0104586321350097,-0.05261336417646587,-0.6049580529660777,0.23963123903437544,-0.3502769091717185,2,15,-0.4877686086797539,-0.5025707110324167,0.5356933085673383,3.0743723037614212,-3.074372303761379,4,7,-0.7333772967185263,1,Rendah,0,Sedang,2,3
-0.4551346146387943,669,84,8,326,0,0.28641521086925475,-0.05261336417646587,-0.16376715599501857,-0.4950598481533429,-0.3502769091717185,2,4,-0.4877686086797539,-0.5025707110324167,0.5356933085673383,-0.44402237354168095,0.4440223735417232,2,7,-0.7333772967185263,2,Rendah,0,Rendah,0,0
-0.4333812063984869,695,84,8,720,0,0.28641521086925475,-0.05261336417646587,0.04212192925814235,-0.4950598481533429,-0.3502769091717185,2,4,-0.4877686086797539,-0.5025707110324167,0.5356933085673383,-0.44402237354168095,0.4440223735417232,2,7,-0.7333772967185263,2,Rendah,0,Rendah,0,0
-0.1542124673145415,62,261,8,464,0,0.28641521086925475,1.0128072603969633,-0.2520053353892304,0.09269302159683178,1.3296695828426413,2,9,-0.4877686086797539,-0.5025707110324167,0.5356933085673383,-0.44402237354168095,0.4440223735417232,2,3,-0.7333772967185263,2,Rendah,0,Sedang,2,0
0.2736045614115047,63,261,8,464,0,0.28641521086925475,1.0128072603969633,0.6303764585528878,0.7171804457063924,1.3296695828426413,2,14,1.9815599727615003,1.9897697538834456,0.5356933085673383,-0.44402237354168095,0.4440223735417232,2,3,-0.7333772967185263,2,Rendah,0,Sedang,2,1
-0.2956096208765398,376,261,8,363,0,1.5832890538735194,-0.05261336417646587,-0.3402435147834422,-0.2746525219970274,-0.3502769091717185,2,9,-0.4877686086797539,-0.5025707110324167,0.5356933085673383,-0.44402237354168095,0.4440223735417232,2,5,0.5932530985862023,2,Rendah,0,Rendah,0,0
-0.34999314147730837,103,209,8,817,0,-1.0104586321350097,1.0128072603969633,-0.3990689677129168,-0.01751064148132598,-0.3502769091717185,2,14,1.9815599727615003,-0.5025707110324167,0.5356933085673383,-0.44402237354168095,0.4440223735417232,2,3,-0.7333772967185263,2,Rendah,0,Rendah,0,0
-0.6509152888015611,601,209,8,475,0,-1.0104586321350097,-1.1180339887498951,-0.3990689677129168,-0.8624053917472021,-0.3502769091717185,2,4,-0.4877686086797539,-0.5025707110324167,-1.1846609731312947,-0.44402237354168095,0.4440223735417232,2,3,-0.7333772967185263,2,Rendah,0,Rendah,0,2
-0.5240204073997679,622,209,8,326,0,0.28641521086925475,-0.05261336417646587,-0.5755453265013404,-0.4950598481533429,-0.3502769091717185,2,4,-0.4877686086797539,-0.5025707110324167,0.5356933085673383,-0.44402237354168095,0.4440223735417232,2,5,-0.7333772967185263,2,Rendah,0,Rendah,0,0
-0.5276459754398191,610,209,8,694,0,0.28641521086925475,-0.05261336417646587,-0.5755453265013404,-0.4950598481533429,-0.3502769091717185,2,4,-0.4877686086797539,-0.5025707110324167,0.5356933085673383,-0.44402237354168095,0.4440223735417232,2,5,1.919883493890931,1,Rendah,0,Rendah,0,0
-0.1179567869140291,806,110,8,548,0,0.28641521086925475,-0.05261336417646587,-0.6931962323602895,-0.4950598481533429,-0.3502769091717185,2,9,-0.4877686086797539,-0.5025707110324167,0.5356933085673383,-0.44402237354168095,0.4440223735417232,0,5,-0.7333772967185263,2,Rendah,0,Rendah,0,0
-0.5276459754398191,190,183,8,694,0,0.28641521086925475,-0.05261336417646587,-0.5755453265013404,-0.4950598481533429,-0.3502769091717185,2,4,-0.4877686086797539,-0.5025707110324167,0.5356933085673383,-0.44402237354168095,0.4440223735417232,2,5,1.919883493890931,1,Rendah,0,Rendah,0,0
0.4476318273339641,531,15,8,545,0,0.28641521086925475,-0.05261336417646587,0.4244873732997269,0.7906495544251643,-2.0302234011860785,2,9,1.9815599727615003,1.9897697538834456,0.5356933085673383,-0.44402237354168095,0.4440223735417232,2,2,0.5932530985862023,1,Rendah,0,Sedang,2,1
0.44038069125386164,544,15,8,972,0,0.28641521086925475,-0.05261336417646587,0.4244873732997269,0.7906495544251643,-0.3502769091717185,2,9,1.9815599727615003,1.9897697538834456,0.5356933085673383,1.31517496510987,-1.315174965109828,2,6,-0.7333772967185263,2,Rendah,0,Sedang,2,1
0.44038069125386164,544,15,8,972,0,0.28641521086925475,-0.05261336417646587,0.4244873732997269,0.7906495544251643,-0.3502769091717185,2,9,1.9815599727615003,1.9897697538834456,0.5356933085673383,1.31517496510987,-1.315174965109828,2,6,-0.7333772967185263,2,Rendah,0,Sedang,2,1
-0.2774817806762836,886,15,8,753,0,0.28641521086925475,1.0128072603969633,2.1010127817897515,0.7906495544251643,-0.3502769091717185,2,9,-0.4877686086797539,-0.5025707110324167,-1.1846609731312947,3.0743723037614212,-3.074372303761379,0,0,-0.7333772967185263,2,Rendah,0,Sedang,2,3
1.1002340745431871,1179,225,8,101,0,0.28641521086925475,-0.05261336417646587,0.7480273644118369,1.0661587121205587,1.3296695828426413,2,15,1.9815599727615003,1.9897697538834456,0.5356933085673383,-0.44402237354168095,0.4440223735417232,2,0,1.919883493890931,2,Sedang,2,Sedang,2,1
1.0277227137421623,387,225,8,689,0,1.5832890538735194,1.0128072603969633,0.6303764585528878,0.9192204946830149,1.3296695828426413,2,9,1.9815599727615003,1.9897697538834456,0.5356933085673383,-0.44402237354168095,0.4440223735417232,2,0,-0.7333772967185263,2,Sedang,2,Sedang,2,1
-0.5675272238803827,964,195,8,344,0,-1.0104586321350097,-0.05261336417646587,-0.3402435147834422,-0.43995801661426404,-2.0302234011860785,2,9,-0.4877686086797539,-0.5025707110324167,0.5356933085673383,1.31517496510987,-1.315174965109828,2,5,1.919883493890931,2,Rendah,0,Rendah,0,3
0.4041250108533493,858,195,8,465,0,0.28641521086925475,1.0128072603969633,1.0715673555239469,1.1028932664799445,1.3296695828426413,1,9,1.9815599727615003,1.9897697538834456,-1.1846609731312947,-0.44402237354168095,0.4440223735417232,2,7,-0.7333772967185263,2,Rendah,0,Sedang,2,1
-0.08170110651351671,508,38,8,60,0,0.28641521086925475,-0.05261336417646587,0.6303764585528878,-0.6603653427705796,-0.3502769091717185,2,9,-0.4877686086797539,-0.5025707110324167,-1.1846609731312947,-0.44402237354168095,0.4440223735417232,2,7,1.919883493890931,2,Rendah,0,Rendah,0,0
-0.5414231339920138,767,49,8,747,0,0.28641521086925475,-0.05261336417646587,-0.5167198735718659,-0.4950598481533429,-0.3502769091717185,2,4,1.9815599727615003,-0.5025707110324167,0.5356933085673383,-0.44402237354168095,0.4440223735417232,2,5,-0.7333772967185263,1,Rendah,0,Rendah,0,0
-0.059947698273209275,633,49,8,396,0,0.28641521086925475,1.0128072603969633,-0.10494170306554403,-0.07261247302040486,1.3296695828426413,2,12,-0.4877686086797539,-0.5025707110324167,0.5356933085673383,-0.44402237354168095,0.4440223735417232,2,7,1.919883493890931,2,Rendah,0,Rendah,0,0
-0.6037829042808951,197,265,8,716,0,0.28641521086925475,-0.05261336417646587,-0.6931962323602895,-0.5501616796924218,-0.3502769091717185,2,9,-0.4877686086797539,-0.5025707110324167,0.5356933085673383,-0.44402237354168095,0.4440223735417232,2,7,-0.7333772967185263,2,Rendah,0,Rendah,0,0
-0.6037829042808951,109,265,8,752,0,-1.0104586321350097,-1.1180339887498951,1.6598218848186925,-0.7705690058487373,-0.3502769091717185,2,4,-0.4877686086797539,-0.5025707110324167,-1.1846609731312947,3.0743723037614212,-3.074372303761379,3,5,0.5932530985862023,2,Rendah,0,Rendah,0,3
-0.6037829042808951,1011,25,8,92,0,0.28641521086925475,-0.05261336417646587,-0.6931962323602895,-0.5501616796924218,-2.0302234011860785,2,9,-0.4877686086797539,-0.5025707110324167,0.5356933085673383,-0.44402237354168095,0.4440223735417232,2,5,0.5932530985862023,2,Rendah,0,Rendah,0,0
-0.5428733612080343,899,207,8,748,0,0.28641521086925475,-0.05261336417646587,-0.5755453265013404,-0.4950598481533429,-0.3502769091717185,2,4,1.9815599727615003,-0.5025707110324167,0.5356933085673383,-0.44402237354168095,0.4440223735417232,2,5,-0.7333772967185263,1,Rendah,0,Rendah,0,0
-0.5240204073997679,631,24,8,718,0,0.28641521086925475,-0.05261336417646587,-0.5755453265013404,-0.4950598481533429,-0.3502769091717185,2,4,-0.4877686086797539,-0.5025707110324167,0.5356933085673383,-0.44402237354168095,0.4440223735417232,2,7,-0.7333772967185263,2,Rendah,0,Rendah,0,0
-0.5276459754398191,191,24,8,694,0,0.28641521086925475,-0.05261336417646587,-0.45789442064239133,-0.4950598481533429,-0.3502769091717185,2,4,-0.4877686086797539,-0.5025707110324167,0.5356933085673383,-0.44402237354168095,0.4440223735417232,2,5,1.919883493890931,1,Rendah,0,Rendah,0,0
-0.9409607320056602,245,219,8,43,0,-1.0104586321350097,-1.1180339887498951,-0.6931962323602895,-0.8624053917472021,-0.3502769091717185,0,4,-0.4877686086797539,-0.5025707110324167,-1.1846609731312947,3.0743723037614212,-3.074372303761379,0,5,0.5932530985862023,2,Rendah,0,Rendah,0,3
0.2953579696518121,14,35,8,550,0,-1.0104586321350097,1.0128072603969633,-0.9873234970076623,-0.458325293793957,-0.3502769091717185,2,14,-0.4877686086797539,-0.5025707110324167,0.5356933085673383,-0.44402237354168095,0.4440223735417232,2,7,-0.7333772967185263,2,Rendah,0,Rendah,0,0
-0.4551346146387943,621,74,8,726,0,0.28641521086925475,-0.05261336417646587,-0.16376715599501857,-0.4950598481533429,-0.3502769091717185,2,4,-0.4877686086797539,-0.5025707110324167,0.5356933085673383,-0.44402237354168095,0.4440223735417232,2,7,-0.7333772967185263,2,Rendah,0,Rendah,0,0
-0.4333812063984869,626,74,8,725,0,0.28641521086925475,-0.05261336417646587,0.04212192925814235,-0.4950598481533429,-0.3502769091717185,2,4,-0.4877686086797539,-0.5025707110324167,0.5356933085673383,-0.44402237354168095,0.4440223735417232,2,7,-0.7333772967185263,2,Rendah,0,Rendah,0,0
-0.4333812063984869,626,74,8,725,0,0.28641521086925475,-0.05261336417646587,0.04212192925814235,-0.4950598481533429,-0.3502769091717185,2,4,-0.4877686086797539,-0.5025707110324167,0.5356933085673383,-0.44402237354168095,0.4440223735417232,2,7,-0.7333772967185263,2,Rendah,0,Rendah,0,0
-0.5058925671995116,720,22,8,103,0,0.28641521086925475,-0.05261336417646587,-0.5755453265013404,-0.4950598481533429,-0.3502769091717185,2,4,-0.4877686086797539,-0.5025707110324167,0.5356933085673383,-0.44402237354168095,0.4440223735417232,2,5,-0.7333772967185263,2,Rendah,0,Rendah,0,0
-0.13245905907423405,135,22,8,551,0,0.28641521086925475,-0.05261336417646587,-0.6931962323602895,-0.16444885891886965,-0.3502769091717185,2,16,-0.4877686086797539,-0.5025707110324167,0.5356933085673383,1.31517496510987,-1.315174965109828,0,0,-0.7333772967185263,2,Rendah,0,Rendah,0,3
-0.5058925671995116,719,22,8,104,0,0.28641521086925475,-0.05261336417646587,-0.5755453265013404,-0.4950598481533429,-0.3502769091717185,2,4,-0.4877686086797539,-0.5025707110324167,0.5356933085673383,-0.44402237354168095,0.4440223735417232,2,5,-0.7333772967185263,2,Rendah,0,Rendah,0,0
-0.4333812063984869,759,170,8,723,0,0.28641521086925475,-0.05261336417646587,0.04212192925814235,-0.4950598481533429,-0.3502769091717185,2,4,-0.4877686086797539,-0.5025707110324167,0.5356933085673383,-0.44402237354168095,0.4440223735417232,2,7,-0.7333772967185263,2,Rendah,0,Rendah,0,0
-0.4551346146387943,718,170,8,354,0,0.28641521086925475,-0.05261336417646587,-0.16376715599501857,-0.4950598481533429,-0.3502769091717185,2,4,-0.4877686086797539,-0.5025707110324167,0.5356933085673383,-0.44402237354168095,0.4440223735417232,2,7,-0.7333772967185263,2,Rendah,0,Rendah,0,0
-0.42250450227833314,399,16,8,967,0,0.28641521086925475,-0.05261336417646587,-0.6931962323602895,-0.40322346225487815,1.3296695828426413,2,9,-0.4877686086797539,-0.5025707110324167,0.5356933085673383,-0.44402237354168095,0.4440223735417232,2,3,-0.7333772967185263,0,Rendah,0,Rendah,0,0
-0.5276459754398191,407,241,8,694,0,0.28641521086925475,-0.05261336417646587,-0.5755453265013404,-0.4950598481533429,-0.3502769091717185,2,4,-0.4877686086797539,-0.5025707110324167,0.5356933085673383,-0.44402237354168095,0.4440223735417232,2,5,1.919883493890931,1,Rendah,0,Rendah,0,0
