price_in_rp,title,district,city,facilities,property_type,bedrooms,bathrooms,land_size_m2,building_size_m2,carports,certificate,electricity,maid_bedrooms,maid_bathrooms,floors,building_age,year_built,property_condition,building_orientation,garages,furnishing,price_in_rp_bin,price_in_rp_bin_enc,building_size_m2_bin,building_size_m2_bin_enc,Target
125000000.0,Rumah mewah Sertategis di Jatiasih Bekasi,Summarecon Bekasi, Bekasi,Taman,rumah,3.0,1.0,110.0,110.0,0.0,shm - sertifikat hak milik,1300 mah,0.0,0.0,2.0,0.0,2022.0,baru,barat,0.0,unfurnished,Rendah,0,Sedang,2,2
1980000000.0,Rumah Siap Huni di Summarecon Bekasi,Summarecon Bekasi, Bekasi,"Tempat Jemuran,  Jogging Track,  Track Lari,  One Gate System,  Kolam Renang, Akses Parkir, Keamanan 24 jam,  Taman,  CCTV, Ac, Taman,  Playground, Lapangan Voli, AC,  Keamanan, Lapangan Basket",rumah,2.0,2.0,119.0,98.0,1.0,shm - sertifikat hak milik,3500 mah,0.0,0.0,2.0,2.0,2020.0,bagus,utara,1.0,semi furnished,Rendah,0,Sedang,2,3
480000000.0,Rumah minimalis termurah di jatiasih bekasi,Summarecon Bekasi, Bekasi,"Keamanan, Taman",rumah,2.0,1.0,55.0,30.000000000000007,1.0,shm - sertifikat hak milik,1300 mah,0.0,0.0,1.0,0.0,2022.0,baru,selatan,0.0,unfurnished,Rendah,0,Rendah,0,2
300000000.0,"Rumah murah di Bekasi, gabus tambun utara Dekat Akses Toll Cilincing-cibitung",Bekasi, Bekasi," Taman, Ac, AC,  Masjid, Jalur Telepon,  Keamanan",rumah,2.0,1.0,60.0,36.0,1.0,shm - sertifikat hak milik,1300 mah,0.0,0.0,1.0,0.0,2022.0,baru,timur,0.0,semi furnished,Rendah,0,Rendah,0,2
1200000000.0,Rumah 2lantai di bekasi kota deket tol bekasi timur,Bekasi, Bekasi,"AC,  Ac, Track Lari,  Akses Parkir,  One Gate System,  Kolam Renang, Masjid, Keamanan 24 jam, Kolam Renang,  Taman,  Tempat Laundry,  CCTV, Taman,  Playground, Jogging Track,  Masjid,  Keamanan",rumah,3.0,2.0,120.0,90.0,2.0,shm - sertifikat hak milik,2200 mah,0.0,0.0,2.0,0.0,2022.0,baru,barat,0.0,semi furnished,Rendah,0,Sedang,2,0
280000000.0,Rumah Baru Minimalis Modern Strategis,Bekasi, Bekasi,"Tempat Jemuran, Lapangan Bulu Tangkis, Lapangan Tenis,  Akses Parkir,  One Gate System, Masjid, Keamanan 24 jam,  Taman,  Tempat Laundry,  CCTV,  Playground, Wastafel, CCTV, Jalur Telepon,  Track Lari",rumah,2.0,1.0,70.0,40.0,1.0,shm - sertifikat hak milik,1300 mah,0.0,0.0,1.0,0.0,2022.0,baru,timur,1.0,semi furnished,Rendah,0,Rendah,0,2
999000000.0,Rumah 2 Lantai Luas Modern,Bekasi, Bekasi,"Tempat Jemuran, Track Lari,  Akses Parkir,  One Gate System, Masjid, Keamanan 24 jam,  Taman,  Tempat Laundry,  CCTV,  Playground, Wastafel, AC, Jalur Telepon",rumah,6.0,2.0,127.0,190.0,1.0,shm - sertifikat hak milik,3500 mah,1.0,1.0,2.0,1.0,2021.0,bagus,selatan,1.0,semi furnished,Rendah,0,Tinggi,3,1
1500000000.0,Rumah 2 Lantai Bagus Murah Di Jatikramat,Bekasi, Bekasi,"Lapangan Tenis,  AC, Masjid,  Lapangan Bulu Tangkis, Kulkas, Wastafel,  Pemanas Air, Jalur Telepon, Tempat Jemuran, Lapangan Bola,  Akses Parkir,  One Gate System,  Lapangan Voli, Keamanan 24 jam,  Taman,  Tempat Laundry,  Playground,  Kolam Ikan,  Lapangan Basket,  Kitchen Set,  Mesin Cuci,  Track Lari",rumah,3.0,2.0,100.0,136.0,1.0,shm - sertifikat hak milik,1300 mah,1.0,1.0,2.0,0.0,2022.0,bagus,timur,1.0,semi furnished,Rendah,0,Sedang,2,1
870000000.0,Rumah 2 Lantai Baru di Bekasi Timur Regensi 2,Bekasi, Bekasi,"Tempat Jemuran, Taman, Wastafel",rumah,3.0,1.0,90.0,80.0,1.0,shm - sertifikat hak milik,2200 mah,0.0,0.0,2.0,0.0,2022.0,baru,selatan,0.0,unfurnished,Rendah,0,Rendah,0,0
275000000.0,Rumah praktis ekonomis dah dirilis biar laris,Bekasi, Bekasi," Jalur Telepon,  Ac,  Jogging Track, Track Lari, Masjid, Keamanan 24 jam,  Taman, Taman, AC,  Masjid, CCTV, Jalur Telepon,  Keamanan",rumah,2.0,1.0,60.0,36.0,1.0,shm - sertifikat hak milik,lainnya mah,0.0,0.0,1.0,0.0,2022.0,baru,selatan,1.0,semi furnished,Rendah,0,Rendah,0,2
300000000.0,Rumah Modern Classik Berkwalitas,Bekasi, Bekasi,"Tempat Jemuran, Track Lari,  Akses Parkir,  One Gate System,  Kolam Renang, Masjid, Keamanan 24 jam,  Taman,  Tempat Laundry,  CCTV,  Playground, Wastafel, Jalur Telepon",rumah,2.0,2.0,70.0,70.0,1.0,shm - sertifikat hak milik,1300 mah,0.0,0.0,1.0,1.0,2021.0,bagus,timur,1.0,semi furnished,Rendah,0,Rendah,0,3
495000000.0,Rumah sudah SHM Baru siap huni termurah di Bekasi,Bekasi, Bekasi," Jalur Telepon,  Jogging Track, Track Lari,  Kolam Renang, Masjid, Keamanan 24 jam, Kolam Renang,  Taman,  CCTV, Ac, AC,  Masjid, CCTV, Jalur Telepon,  Keamanan",rumah,2.0,1.0,86.0,45.0,1.0,shm - sertifikat hak milik,1300 mah,0.0,0.0,1.0,0.0,2022.0,baru,barat laut,1.0,semi furnished,Rendah,0,Rendah,0,2
1500000000.0,Rumah 2 Lantai sudah SHM termurah di Bekasi,Bekasi, Bekasi," Jalur Telepon,  Ac,  Kolam Renang,  Taman, Jogging Track,  Masjid, CCTV,  Keamanan",rumah,4.0,3.0,100.0,136.0,2.0,shm - sertifikat hak milik,2200 mah,1.0,1.0,2.0,0.0,2022.0,baru,selatan,2.0,semi furnished,Rendah,0,Sedang,2,1
300000000.0,Rumah exclusive fasilitas smart home,Setu, Bekasi," Jogging Track, Taman,  Masjid, CCTV,  Keamanan",rumah,2.0,1.0,60.0,36.0,1.0,shm - sertifikat hak milik,1300 mah,0.0,0.0,1.0,0.0,2022.0,baru,selatan,1.0,unfurnished,Rendah,0,Rendah,0,2
350000000.0,Rumah Siap Huni Strategis di Setu Bekasi,Setu, Bekasi,"Tempat Jemuran,  Jogging Track, Lapangan Bola, Track Lari, Keamanan 24 jam, Kulkas, Taman,  Playground, One Gate System, Keamanan",rumah,2.0,1.0,60.0,38.0,1.0,shm - sertifikat hak milik,1300 mah,0.0,1.0,1.0,0.0,2022.0,baru,selatan,0.0,unfurnished,Rendah,0,Rendah,0,2
351000000.0,Rumah Baru Siap Huni 1 lantai di dekat Terminal Cileungsi Bogor,Setu, Bekasi,"Tempat Jemuran, Lapangan Bola, Keamanan 24 jam, One Gate System, Keamanan",rumah,2.0,1.0,60.0,38.0,1.0,hgb - hak guna bangunan,1300 mah,0.0,0.0,1.0,2.0,2020.0,baru,utara,0.0,unfurnished,Rendah,0,Rendah,0,3
393000000.0,Cluster Exclusive dengan Smart Home System,Setu, Bekasi,"Masjid, Playground, Track Lari, Jogging Track",rumah,2.0,1.0,60.0,36.0,1.0,shm - sertifikat hak milik,1300 mah,0.0,0.0,1.0,0.0,2022.0,bagus,selatan,0.0,unfurnished,Rendah,0,Rendah,0,2
392000000.0,Cluster siap huni minimalis modern,Setu, Bekasi,Tempat Jemuran,rumah,2.0,1.0,72.0,36.0,1.0,hgb - hak guna bangunan,1300 mah,0.0,0.0,1.0,1.0,2021.0,baru,utara,0.0,unfurnished,Rendah,0,Rendah,0,3
440000000.0,Rumah Kondisi Baru Dikomplek Cluster Tengah Kota Bekasi Tepatnya Dicimuning Bekasi Timur Rumah Idaman Dibekasi Ini Harga Murah Dgn Kualitas Bagus,Setu, Bekasi,"Tempat Jemuran,  Akses Parkir,  One Gate System, Masjid, Kitchen Set, Keamanan 24 jam, Wastafel, Jalur Telepon",rumah,2.0,1.0,66.0,36.0,1.0,shm - sertifikat hak milik,1300 mah,0.0,0.0,1.0,1.0,2021.0,baru,timur,1.0,semi furnished,Rendah,0,Rendah,0,3
351000000.0,Rumah Baru 1 Lantai Kawasan Cileungsi dekat Obyek wisata Mekarsari Jawa Barat,Setu, Bekasi,"Tempat Jemuran, Lapangan Bola, Keamanan",rumah,2.0,1.0,60.0,38.0,1.0,hgb - hak guna bangunan,1300 mah,0.0,0.0,1.0,2.0,2020.0,baru,utara,0.0,unfurnished,Rendah,0,Rendah,0,3
400999999.9999999,Rumah Cluster One Gate Sistem Minimalis Cibening Setu Bekasi,Setu, Bekasi," Jogging Track, Taman,  Masjid, Jalur Telepon,  Keamanan",rumah,2.0,1.0,66.0,38.0,1.0,shm - sertifikat hak milik,1300 mah,0.0,0.0,1.0,0.0,2022.0,baru,utara,0.0,semi furnished,Rendah,0,Rendah,0,2
342000000.0000001,"Rumah cantik di Bekasi,Cibitung,DP 0%,1JT ALL-IN,FREE SURAT²DP0%",Harapan Indah, Bekasi,"Tempat Jemuran,  Taman,  CCTV, Taman, Ac, Wastafel, AC, CCTV,  Keamanan",rumah,2.0,1.0,36.0,63.0,1.0,shm - sertifikat hak milik,1300 mah,0.0,0.0,1.0,0.0,2022.0,baru,selatan,1.0,unfurnished,Rendah,0,Rendah,0,2
327000000.0,"Rumah Cantik di Bekasi Dekat StBekasi,DP 0%CUMA 1JT ALL-IN,READY",Harapan Indah, Bekasi,"Tempat Jemuran,  Ac,  CCTV, Taman, Wastafel, AC, Keamanan",rumah,2.0,1.0,36.0,60.0,1.0,shm - sertifikat hak milik,1300 mah,0.0,0.0,1.0,0.0,2022.0,baru,timur,1.0,unfurnished,Rendah,0,Rendah,0,2
779000000.0,Rumah 2 Lantai SHM eksklusif dekat tol Cakung,Harapan Indah, Bekasi,"Tempat Jemuran,  Akses Parkir,  One Gate System, Masjid, Keamanan 24 jam,  Taman,  CCTV,  Playground, Wastafel,  Masjid, CCTV, Jalur Telepon,  Keamanan",rumah,3.0,2.0,54.0,63.0,1.0,shm - sertifikat hak milik,2200 mah,0.0,0.0,2.0,0.0,2022.0,baru,utara,0.0,unfurnished,Rendah,0,Rendah,0,0
1750000000.0,"Rumah 2 Lantai, SHM, Baru, hadap timur, siap huni di cluster balsa, green ara, kota harapan indah, bekasi",Harapan Indah, Bekasi,"Tempat Jemuran, Lapangan Bulu Tangkis,  One Gate System, Keamanan 24 jam, Taman,  Playground, Wastafel, Keamanan",rumah,2.0,2.0,179.0,56.0,1.0,shm - sertifikat hak milik,2200 mah,0.0,0.0,2.0,2.0,2020.0,baru,timur,0.0,unfurnished,Rendah,0,Rendah,0,3
970000000.0,Rumah 2 Lantai Tanpa Dp Di Tarumajaya Dekat Harapan Indah,Harapan Indah, Bekasi,"Masjid, Taman",rumah,3.0,2.0,53.0,63.0,1.0,shm - sertifikat hak milik,1300 mah,0.0,0.0,2.0,0.0,2022.0,baru,selatan,0.0,semi furnished,Rendah,0,Rendah,0,0
575000000.0000001,Rumah Baru Type Scadinavian Sertifikat SHM Kota Bekasi,Bekasi Kota, Bekasi," Masjid, Keamanan, Tempat Jemuran, AC",rumah,2.0,1.0,60.0,55.0,1.0,shm - sertifikat hak milik,1300 mah,0.0,0.0,2.0,0.0,2022.0,baru,utara,1.0,unfurnished,Rendah,0,Rendah,0,2
900000000.0,RUMAH SIAP HUNI CLUSTER HARGA WAJIB NEGO,Bekasi Kota, Bekasi,"Masjid, Keamanan 24 jam,  Taman, Ac, Taman, AC,  Masjid,  Keamanan",rumah,3.0,2.0,72.0,69.0,1.0,shm - sertifikat hak milik,1300 mah,0.0,0.0,2.0,2.0,2020.0,bagus sekali,timur,1.0,semi furnished,Rendah,0,Rendah,0,3
1250000000.0,Rumah 3 Lantai Baru Akses Jl Raya Dekat Tol,Bekasi Kota, Bekasi," Jalur Telepon,  Jogging Track, Masjid,  Taman,  CCTV, Ac,  Keamanan",rumah,3.0,3.0,60.0,110.0,2.0,shm - sertifikat hak milik,2200 mah,0.0,0.0,3.0,0.0,2022.0,baru,barat,0.0,semi furnished,Rendah,0,Sedang,2,0
690000000.0,Rumah Modern Luas Strategis Berada di Lingkungan Perkotaan,Bekasi Kota, Bekasi,"Tempat Jemuran, Track Lari,  Akses Parkir,  One Gate System, Mesin Cuci, Masjid, Keamanan 24 jam,  Taman,  Tempat Laundry,  CCTV,  Playground, Wastafel, Jalur Telepon,  Kitchen Set",rumah,1.0,1.0,94.0,75.0,1.0,shm - sertifikat hak milik,1300 mah,0.0,0.0,1.0,1.0,2021.0,bagus,timur,1.0,furnished,Rendah,0,Rendah,0,3
750000000.0,"Rumah Dijual Cluster Free Biaya2 Dekat Tol Jatiasih Bekasi Kota, Bekasi",Bekasi Kota, Bekasi," One Gate System, Keamanan 24 jam,  CCTV, Taman, CCTV",rumah,2.0,1.0,78.0,54.0,1.0,shm - sertifikat hak milik,1300 mah,0.0,0.0,1.0,1.0,2021.0,baru,timur,0.0,unfurnished,Rendah,0,Rendah,0,3
499999999.9999999,Rumah 2 Lantai Strategis Fasilitas Smart Home Bonus Kanopi Cantik,Cibitung, Bekasi," Jalur Telepon,  AC, Masjid,  Taman,  CCTV, Jogging Track,  Keamanan",rumah,2.0,2.0,60.0,48.0,1.0,shm - sertifikat hak milik,2200 mah,0.0,0.0,2.0,0.0,2022.0,baru,selatan,1.0,unfurnished,Rendah,0,Rendah,0,0
342000000.0000001,"RUMAH MURAH DI BEKASI DEKAT ST.BEKASI,DP0% 1JT ALLIN,FREE SURAT²",Cibitung, Bekasi,"Tempat Jemuran,  One Gate System, Akses Parkir, Keamanan 24 jam,  Taman,  CCTV, Ac, Taman, Wastafel, AC,  Keamanan",rumah,2.0,1.0,66.0,63.0,1.0,shm - sertifikat hak milik,1300 mah,0.0,0.0,1.0,0.0,2022.0,baru,utara,2.0,unfurnished,Rendah,0,Rendah,0,2
499999999.9999999,Rumah Exclusive Fasilitas Smart Home,Cibubur, Bekasi," Jalur Telepon,  Jogging Track,  CCTV, Taman, AC,  Masjid,  Keamanan",rumah,2.0,2.0,60.0,48.0,1.0,shm - sertifikat hak milik,2200 mah,0.0,0.0,1.0,0.0,2022.0,bagus,selatan,1.0,unfurnished,Rendah,0,Rendah,0,2
1560000000.0,Rumah Elite Murah Dekat Univ Mercu Buana Kranggan,Cibubur, Bekasi,"Tempat Jemuran, Lapangan Bulu Tangkis, Lapangan Bola,  One Gate System,  Kolam Renang,  AC, Masjid, Kitchen Set, Keamanan 24 jam,  Taman,  CCTV, Taman, Wastafel,  Track Lari",rumah,3.0,3.0,121.0,105.0,2.0,shm - sertifikat hak milik,2200 mah,0.0,0.0,2.0,0.0,2022.0,baru,barat daya,2.0,semi furnished,Rendah,0,Sedang,2,0
1180000000.0,Rumah Baru 2Lantai Fasilitas Lengkap dekat Tol Jatiwarna Bekasi,Cibubur, Bekasi,"Tempat Jemuran,  Jogging Track, Track Lari,  Akses Parkir,  One Gate System,  Kolam Renang, Masjid, Keamanan 24 jam, Kolam Renang,  Taman,  CCTV, Taman,  Playground,  Masjid, Keamanan",rumah,3.0,3.0,84.0,77.0,2.0,shm - sertifikat hak milik,1300 mah,0.0,0.0,2.0,2.0,2020.0,baru,timur,0.0,unfurnished,Rendah,0,Rendah,0,3
1180000000.0,Rumah Murah 2 Lantai Strategis Dekat Tol Cibubur Bekasi,Cibubur, Bekasi,"Tempat Jemuran,  Jogging Track, Track Lari,  Akses Parkir,  One Gate System,  Kolam Renang, Masjid, Keamanan 24 jam,  Taman,  Tempat Laundry,  CCTV, Taman,  Playground, Wastafel,  Masjid, Jalur Telepon,  Keamanan",rumah,3.0,2.0,84.0,77.0,2.0,shm - sertifikat hak milik,2200 mah,1.0,1.0,2.0,0.0,2022.0,baru,timur,0.0,unfurnished,Rendah,0,Rendah,0,1
800000000.0,Cluster Elegan 2 Lantai di Cibubur,Cibubur, Bekasi,"Keamanan 24 jam, Taman,  Playground, One Gate System, Jalur Telepon,  Keamanan",rumah,3.0,2.0,84.0,91.0,1.0,shm - sertifikat hak milik,2200 mah,0.0,0.0,2.0,0.0,2022.0,baru,tenggara,0.0,unfurnished,Rendah,0,Sedang,2,0
718000000.0,"Cukup Booking, Tanpa DP, Free Biaya KPR, Free BPHTB",Cibubur, Bekasi," Jalur Telepon,  Jogging Track, Lapangan Tenis,  Lapangan Bulu Tangkis, AC, CCTV, Jalur Telepon, Tempat Jemuran, Lapangan Bola,  Lapangan Voli,  Taman, Ac,  Tempat Gym,  Masjid,  Kolam Ikan,  Keamanan,  Lapangan Basket,  Kolam Renang,  Track Lari",rumah,2.0,1.0,72.0,40.0,2.0,shm - sertifikat hak milik,1300 mah,0.0,0.0,1.0,0.0,2022.0,baru,barat,1.0,furnished,Rendah,0,Rendah,0,2
1200000000.0,Rumah di jual dalam cluster besar dengan lokasi strategis dekat tol di Kranggan cibubur,Cibubur, Bekasi,"Tempat Jemuran,  Ac,  Akses Parkir, Masjid, Keamanan 24 jam,  Taman,  Tempat Laundry,  CCTV, Taman, Wastafel, AC,  Masjid, Jalur Telepon,  Keamanan",rumah,4.0,3.0,86.0,115.0,1.0,shm - sertifikat hak milik,2200 mah,0.0,0.0,2.0,0.0,2022.0,baru,utara,0.0,unfurnished,Rendah,0,Sedang,2,0
389999999.9999999,Rumah Exclusive Fasilitas Smart Home System,Mustikajaya, Bekasi," Jogging Track, Track Lari,  AC,  Taman,  Masjid, CCTV, Jalur Telepon,  Keamanan, Lapangan Basket",rumah,2.0,1.0,60.0,36.0,1.0,shm - sertifikat hak milik,1300 mah,0.0,0.0,1.0,0.0,2022.0,bagus,selatan,1.0,unfurnished,Rendah,0,Rendah,0,2
455000000.0,Cluster Bebas Bajir Mustika Jaya,Mustikajaya, Bekasi,"Keamanan, Taman",rumah,2.0,1.0,70.0,41.0,1.0,shm - sertifikat hak milik,2200 mah,0.0,0.0,1.0,0.0,2022.0,baru,barat,0.0,unfurnished,Rendah,0,Rendah,0,2
1010000000.0,Rumah Nyaman Asri Dan Tenang Lokasi Setrategis 7 Menit Dari Grand Wisata,Mustikajaya, Bekasi,"Tempat Jemuran, Track Lari,  Akses Parkir,  One Gate System, Masjid, Keamanan 24 jam,  Taman,  Tempat Laundry,  Playground, Wastafel, Jalur Telepon",rumah,3.0,2.0,125.0,65.0,1.0,shm - sertifikat hak milik,2200 mah,0.0,0.0,2.0,0.0,2022.0,baru,timur,0.0,unfurnished,Rendah,0,Rendah,0,0
690000000.0,Cluater Setrategis Terbaik Dekat Grand Wisata Bonus Kolam Renang,Mustikajaya, Bekasi,"Track Lari,  One Gate System,  Kolam Renang, Keamanan 24 jam, Taman,  Playground",rumah,2.0,1.0,96.0,48.0,1.0,shm - sertifikat hak milik,2200 mah,0.0,0.0,1.0,0.0,2022.0,baru,timur,0.0,unfurnished,Rendah,0,Rendah,0,2
988000000.0,Perumahan Syariah Konsep.Smart Home Terbesar Di Bekasi Timur,Mustikajaya, Bekasi,"Track Lari,  CCTV, Taman, Jogging Track,  Masjid, CCTV,  Keamanan",rumah,3.0,2.0,72.0,60.0,1.0,shm - sertifikat hak milik,2200 mah,0.0,0.0,2.0,0.0,2022.0,baru,timur,1.0,unfurnished,Rendah,0,Rendah,0,0
1180000000.0,"Rumah Siap Huni 2 Lantai Termurah Dalam Cluster Strategis Di Jalan Utama Jatisampurna, Bekasi",Jatisampurna, Bekasi," Jalur Telepon,  Jogging Track, Track Lari,  Kolam Renang,  Taman, Ac, Taman, AC,  Masjid, CCTV, Jalur Telepon,  Keamanan",rumah,3.0,2.0,84.0,77.0,0.0,shm - sertifikat hak milik,2200 mah,0.0,0.0,2.0,1.0,2021.0,bagus sekali,timur,0.0,unfurnished,Rendah,0,Rendah,0,3
1210000000.0,Hunian Eksklusif Dan Strategis Pinggir Jalan Di Bekasi,Jatisampurna, Bekasi," Ac,  Kolam Renang,  Taman,  CCTV, Jogging Track,  Masjid, Keamanan",rumah,3.0,3.0,84.0,77.0,1.0,shm - sertifikat hak milik,2200 mah,0.0,0.0,1.0,0.0,2022.0,baru,timur,0.0,unfurnished,Rendah,0,Rendah,0,0
1180000000.0,Rumah 2 Lantai Di Jalan mess AL Bekasi,Jatisampurna, Bekasi,"Tempat Jemuran, Track Lari,  Kolam Renang,  Taman, Taman, Wastafel, Jogging Track, Keamanan",rumah,3.0,3.0,84.0,77.0,1.0,shm - sertifikat hak milik,2200 mah,0.0,0.0,2.0,1.0,2021.0,baru,barat,0.0,furnished,Rendah,0,Rendah,0,3
720000000.0,Super murah Rumah Baru cantik nan asri bebas banjir di kota Bekasi,Jatisampurna, Bekasi,"Tempat Jemuran, Taman",rumah,2.0,1.0,80.0,55.0,1.0,shm - sertifikat hak milik,lainnya mah,0.0,0.0,1.0,0.0,2022.0,baru,utara,0.0,semi furnished,Rendah,0,Rendah,0,2
1190000000.0,"Rumah Baru 2 Lantai Full Bata Merah di Jatisampurna, Bekasi",Jatisampurna, Bekasi," Jalur Telepon, Masjid, Kitchen Set,  CCTV, Wastafel, Jalur Telepon, Tempat Jemuran, Lapangan Bulu Tangkis,  Akses Parkir,  One Gate System, Keamanan 24 jam,  Taman,  Tempat Laundry, Taman,  Playground,  Masjid,  Keamanan, Tempat Gym, Jogging Track,  Track Lari",rumah,3.0,2.0,101.0,84.0,1.0,shm - sertifikat hak milik,2200 mah,0.0,0.0,2.0,0.0,2022.0,baru,selatan,0.0,unfurnished,Rendah,0,Rendah,0,0
1180000000.0,Rumah Modern Strategis 15 Mnt Ke Kawasan SCBD  Simatupang Jakarta,Jatisampurna, Bekasi," Jalur Telepon,  Ac, Tempat Jemuran, Track Lari,  AC, Kitchen Set, Kolam Renang,  Taman,  CCTV, Wastafel,  Pemanas Air, Jogging Track, Jalur Telepon,  Keamanan",rumah,3.0,2.0,84.0,77.0,1.0,shm - sertifikat hak milik,2200 mah,1.0,1.0,2.0,0.0,2022.0,baru,timur,1.0,semi furnished,Rendah,0,Rendah,0,0
600000000.0,Rumah 600 Juta di Kranggan Jatisampurna Bekasi,Jatisampurna, Bekasi,"Tempat Jemuran,  One Gate System,  AC, Kitchen Set, Keamanan 24 jam,  Taman, Taman, Wastafel, Jalur Telepon",rumah,2.0,1.0,80.0,55.0,1.0,shm - sertifikat hak milik,1300 mah,0.0,0.0,1.0,0.0,2022.0,baru,utara,1.0,semi furnished,Rendah,0,Rendah,0,2
499999999.9999999,Rumah Cluster Termurah  Di Jatisampurna,Jatisampurna, Bekasi,"Tempat Jemuran, Taman",rumah,2.0,1.0,70.0,45.0,0.0,shm - sertifikat hak milik,1300 mah,0.0,0.0,1.0,0.0,2022.0,baru,barat,0.0,unfurnished,Rendah,0,Rendah,0,2
1070000000.0,Rumah cantik 3+1 bedroom Kitchen Set+5AC/water heater last unit bedroom utama 16m2,Jatiwarna, Bekasi,"Keamanan 24 jam, Ac, Taman, AC,  Keamanan",rumah,4.0,2.0,95.0,88.0,1.0,shm - sertifikat hak milik,3500 mah,0.0,0.0,1.0,0.0,2022.0,baru,selatan,1.0,semi furnished,Rendah,0,Rendah,0,0
476000000.0000001,Cluster Cakep Lokasi Super Strategis Harga Terjangkau Dijatiasih,Jatiwarna, Bekasi,"Keamanan, Taman,  AC",rumah,2.0,1.0,52.0,36.0,1.0,shm - sertifikat hak milik,1300 mah,0.0,0.0,1.0,0.0,2022.0,baru,timur,0.0,unfurnished,Rendah,0,Rendah,0,2
968000000.0,Home 3 Bedroom (kitchen set+ 4 ac/water heather) bedroom utama 18m2,Jatiwarna, Bekasi,"Keamanan 24 jam,  Taman,  CCTV, Ac, Taman, AC, CCTV, Keamanan",rumah,3.0,3.0,70.0,120.0,2.0,shm - sertifikat hak milik,3500 mah,0.0,0.0,2.0,0.0,2022.0,baru,selatan,2.0,semi furnished,Rendah,0,Sedang,2,0
884000000.0,Simple Minimalis @ jatiwarna bedroom utama 16m2,Jatiwarna, Bekasi," Ac, Keamanan, Taman, AC",rumah,3.0,2.0,70.0,65.0,1.0,shm - sertifikat hak milik,2200 mah,0.0,0.0,1.0,0.0,2022.0,baru,selatan,1.0,semi furnished,Rendah,0,Rendah,0,2
1180000000.0,Box house 4 bedroom Last unit,Jatiwarna, Bekasi,"AC, Track Lari,  Taman, Taman, Ac, Jogging Track,  Keamanan",rumah,4.0,3.0,95.0,140.0,2.0,shm - sertifikat hak milik,3500 mah,0.0,0.0,2.0,0.0,2022.0,baru,selatan,2.0,semi furnished,Rendah,0,Sedang,2,0
1110000000.0,Cluster Bata Merah Dalam Komplek Ddn Dekat Mall Pondok Gede,Pondok Gede, Bekasi,"Tempat Jemuran,  Jogging Track, Lapangan Bulu Tangkis,  Track Lari, Taman, Wastafel, AC,  Masjid,  Keamanan, Lapangan Basket",rumah,3.0,3.0,75.0,80.0,2.0,shm - sertifikat hak milik,2200 mah,0.0,0.0,2.0,0.0,2022.0,baru,selatan,0.0,unfurnished,Rendah,0,Rendah,0,0
1870000000.0,"Rumah Baru di Hook  2,5 lt design Mewah dan Elegan dalam cluster, lokasi strategis dekat Mall Pondok Gede Bebas Banjir",Pondok Gede, Bekasi,"Keamanan 24 jam, Keamanan, Taman",rumah,3.0,4.0,91.0,165.0,2.0,shm - sertifikat hak milik,2200 mah,1.0,0.0,3.0,0.0,2022.0,baru,timur,0.0,semi furnished,Rendah,0,Tinggi,3,1
750000000.0,HUNIAN EXCLUSIVE KONSEP JEPANG 10 MENIT DARI TOL JATIASIH,Jati Asih, Bekasi," Jalur Telepon,  Ac, Tempat Jemuran,  Akses Parkir,  One Gate System, Masjid, Keamanan 24 jam,  Taman,  CCTV, Taman, AC,  Masjid, CCTV, Jalur Telepon, Keamanan",rumah,2.0,1.0,78.0,54.0,2.0,shm - sertifikat hak milik,2200 mah,0.0,0.0,1.0,0.0,2022.0,baru,timur,0.0,unfurnished,Rendah,0,Rendah,0,2
1050000000.0,Rumah 2 lantai lokasi jl jatibening raya Caman,Jati Asih, Bekasi," Jalur Telepon, Tempat Jemuran,  AC, Masjid, Kitchen Set, Keamanan 24 jam,  Taman,  CCTV, Ac, Taman, Wastafel,  Masjid, Jalur Telepon,  Keamanan",rumah,3.0,2.0,72.0,90.0,1.0,shm - sertifikat hak milik,2200 mah,0.0,0.0,2.0,0.0,2022.0,baru,barat,2.0,unfurnished,Rendah,0,Sedang,2,0
975000000.0,Rumah Anti Virus 2 lantai dalam cluster Elite di Jatiasih,Jati Asih, Bekasi,"Tempat Jemuran, Lapangan Bola,  Akses Parkir,  One Gate System, Track Lari,  Kolam Renang, Masjid, Keamanan 24 jam,  Taman, Kolam Renang,  CCTV, Taman, Wastafel, Jogging Track,  Masjid,  Keamanan",rumah,3.0,2.0,100.0,70.0,1.0,shm - sertifikat hak milik,1300 mah,0.0,0.0,2.0,0.0,2022.0,baru,timur,0.0,unfurnished,Rendah,0,Rendah,0,0
959000000.0,Rumah 2 Lantai Murah DP 0 Free Bphtb & KPR Jatiasih kota Bekasi,Jati Asih, Bekasi,"CCTV, Taman,  Keamanan",rumah,3.0,2.0,72.0,80.0,1.0,hgb - hak guna bangunan,2200 mah,0.0,0.0,2.0,0.0,2022.0,baru,utara,0.0,unfurnished,Rendah,0,Rendah,0,0
875000000.0,Rumah Anti Virus dalam Cluster Elite di Jatiasih,Jati Asih, Bekasi," Kolam Renang, Masjid,  Taman, Jogging Track,  Keamanan",rumah,3.0,2.0,100.0,66.0,1.0,shm - sertifikat hak milik,1300 mah,0.0,0.0,1.0,0.0,2022.0,baru,timur,0.0,unfurnished,Rendah,0,Rendah,0,2
807000000.0,Rumah cantik 2 lantai lokasi pinggir jalan jatihasih Bekasi,Jati Asih, Bekasi," Ac,  CCTV, Taman, AC, CCTV, Keamanan",rumah,3.0,2.0,42.0,63.0,1.0,shm - sertifikat hak milik,2200 mah,0.0,0.0,2.0,0.0,2022.0,baru,selatan,1.0,unfurnished,Rendah,0,Rendah,0,0
580000000.0,Rumah Cluster Harga Murah Lokasi Strategis Dijatiasih Bekasi Kota,Jati Asih, Bekasi,"Tempat Jemuran, Taman, Wastafel, Keamanan 24 jam",rumah,3.0,1.0,60.0,50.0,1.0,shm - sertifikat hak milik,1300 mah,0.0,0.0,1.0,0.0,2022.0,baru,barat,1.0,unfurnished,Rendah,0,Rendah,0,2
679000000.0,Rumah cantik siap huni lokasi stategis dijatihasih,Jati Asih, Bekasi,"Playground, Keamanan 24 jam,  Taman,  CCTV, Taman, Ac, Wastafel, AC, CCTV,  Keamanan",rumah,2.0,1.0,63.0,45.0,1.0,shm - sertifikat hak milik,1300 mah,0.0,0.0,1.0,0.0,2022.0,baru,selatan,1.0,unfurnished,Rendah,0,Rendah,0,2
857000000.0,Hunian cantik 2 lntai termurah di bekasi lokasi dekat jalan raya,Jati Asih, Bekasi,"Ac, Keamanan",rumah,2.0,2.0,42.0,62.0,1.0,shm - sertifikat hak milik,2200 mah,0.0,0.0,2.0,0.0,2022.0,baru,utara,1.0,unfurnished,Rendah,0,Rendah,0,0
650000000.0,Rumah Siap Huni lokasi dekat pintu tol jatihasih,Jati Asih, Bekasi,"AC,  Ac, Track Lari, Keamanan 24 jam,  Taman, Taman, Jogging Track, Keamanan",rumah,2.0,1.0,72.0,45.0,1.0,shm - sertifikat hak milik,1300 mah,0.0,0.0,1.0,0.0,2022.0,baru,selatan,1.0,unfurnished,Rendah,0,Rendah,0,2
145000000.0,Rumah Baru di  Komplek Pemda Jati Asih Bekasi Selatan,Jati Asih, Bekasi,"Masjid, Keamanan 24 jam, Taman,  Masjid, Keamanan",rumah,4.0,3.0,175.0,140.0,1.0,shm - sertifikat hak milik,2200 mah,0.0,0.0,1.0,0.0,2022.0,baru,utara,0.0,unfurnished,Rendah,0,Sedang,2,0
750000000.0,Rumah Baru SHM di Jatiasih Bekasi Siap Huni Bebas Banjir Strategis,Jati Asih, Bekasi,"Keamanan 24 jam,  One Gate System, Taman",rumah,2.0,1.0,78.0,54.0,1.0,shm - sertifikat hak milik,1300 mah,0.0,0.0,1.0,0.0,2022.0,baru,timur,0.0,unfurnished,Rendah,0,Rendah,0,2
400000000.0,New cluster Exclusive Siap Huni di Bekasi timur Cukup boking,Jati Asih, Bekasi,"Tempat Jemuran, Track Lari,  One Gate System, Masjid, Keamanan 24 jam,  Taman,  CCTV, Taman, Wastafel, Jogging Track,  Masjid, CCTV,  Keamanan",rumah,2.0,1.0,70.0,42.0,2.0,shm - sertifikat hak milik,1300 mah,0.0,0.0,1.0,0.0,2022.0,bagus,barat,2.0,unfurnished,Rendah,0,Rendah,0,2
750000000.0,"Rumah Baru SHM di Jatiasih Bekasi, Bekasi",Jati Asih, Bekasi,"CCTV, Taman, Keamanan 24 jam",rumah,2.0,1.0,78.0,54.0,1.0,shm - sertifikat hak milik,1300 mah,0.0,0.0,1.0,1.0,2021.0,baru,timur,0.0,unfurnished,Rendah,0,Rendah,0,3
550000000.0,Hunian Cluster 2lantai Termurah Dijatiasih Cuma 500jt An,Jati Asih, Bekasi,"Tempat Jemuran, Track Lari, Akses Parkir, Keamanan 24 jam,  Taman,  Playground, Taman, AC, CCTV",rumah,2.0,1.0,60.0,40.0,1.0,shm - sertifikat hak milik,2200 mah,0.0,0.0,2.0,0.0,2022.0,baru,timur,0.0,unfurnished,Rendah,0,Rendah,0,2
700000000.0,Rumah Luas Siap Huni KYOTO JAPANESE Style,Jati Asih, Bekasi,"Tempat Jemuran, Jalur Telepon, Keamanan,  Taman",rumah,3.0,2.0,78.0,54.0,2.0,shm - sertifikat hak milik,2200 mah,0.0,0.0,1.0,0.0,2022.0,bagus,timur,2.0,unfurnished,Rendah,0,Rendah,0,0
410000000.0000001,Rumah Murah di grand wisata cukup booking 2 jt,Grand Wisata, Bekasi," Jogging Track, Track Lari,  One Gate System, Masjid, Keamanan 24 jam,  Taman, Taman,  Masjid, Jalur Telepon,  Keamanan",rumah,2.0,1.0,60.0,36.0,1.0,shm - sertifikat hak milik,lainnya mah,0.0,0.0,1.0,0.0,2022.0,baru,timur,0.0,unfurnished,Rendah,0,Rendah,0,2
695000000.0,Rumah Milenial Baru Semi Furnished SMH di dekat tol Jati Asih,Grand Wisata, Bekasi," Ac,  Jogging Track,  Kolam Renang,  CCTV, Taman,  Masjid, Jalur Telepon,  Keamanan",rumah,2.0,2.0,60.0,58.0,1.0,shm - sertifikat hak milik,2200 mah,0.0,0.0,1.0,0.0,2022.0,baru,selatan,0.0,semi furnished,Rendah,0,Rendah,0,2
1800000000.0,Rumah Mewah Exclusive di Timur Jakarta,Jatibening, Bekasi," Jalur Telepon, Tempat Jemuran, Lapangan Bola,  Akses Parkir, Masjid, Keamanan 24 jam,  Taman,  CCTV, Ac, AC,  Masjid, CCTV, Jalur Telepon,  Keamanan",rumah,4.0,3.0,140.0,170.0,2.0,shm - sertifikat hak milik,4400 mah,1.0,0.0,2.0,1.0,2021.0,baru,utara,0.0,unfurnished,Rendah,0,Tinggi,3,1
1620000000.0,Rumah Cluster Dijatibening Bonus Member Badminton,Jatibening, Bekasi,"Ac, AC",rumah,3.0,3.0,92.0,170.0,2.0,shm - sertifikat hak milik,3500 mah,1.0,1.0,2.0,0.0,2022.0,baru,selatan,1.0,semi furnished,Rendah,0,Tinggi,3,1
1620000000.0,Rumah cluster di Jatibening siap huni,Jatibening, Bekasi,Ac,rumah,3.0,3.0,92.0,160.0,2.0,shm - sertifikat hak milik,3500 mah,1.0,1.0,2.0,0.0,2022.0,baru,utara,0.0,semi furnished,Rendah,0,Tinggi,3,1
2100000000.0,Rumah Modern Di Jati Bening Siap Di Nego Sampe Laku,Jatibening, Bekasi," Ac, Masjid, Keamanan,  Taman",rumah,4.0,2.0,120.0,200.0,1.0,shm - sertifikat hak milik,3300 mah,1.0,1.0,3.0,1.0,2021.0,bagus sekali,barat,0.0,furnished,Sedang,2,Tinggi,3,1
1250000000.0,Rumah Minimalis Baru 2 Lantai Siap Huni Dekat Perkantoran Jatibening Bekasi Dijual Cepat Unit Terbatas Ready Stok Akses Jalan Lebar 2 Mobil Lingkungan Asri Aman Nyaman Tidak Banjir Lokasi Strategis Dekat Tol Jatibening Dekat Tol Becakayu Kalimalang Dekat,Jatibening, Bekasi," Jalur Telepon,  Ac,  Jogging Track, Track Lari, Masjid, Keamanan 24 jam,  Taman, Taman, AC, Jalur Telepon, Keamanan",rumah,3.0,3.0,123.0,165.0,2.0,shm - sertifikat hak milik,2200 mah,1.0,1.0,2.0,1.0,2021.0,baru,utara,0.0,unfurnished,Rendah,0,Tinggi,3,1
1200000000.0,Cluster ready stok bebas banjir Jatibening Bekasi,Jatibening, Bekasi," Ac, Masjid, Keamanan 24 jam,  Taman,  CCTV, Taman, AC, CCTV, Keamanan",rumah,3.0,2.0,77.0,109.0,1.0,shm - sertifikat hak milik,2200 mah,0.0,0.0,2.0,0.0,2022.0,baru,timur,0.0,unfurnished,Rendah,0,Sedang,2,0
700000000.0,Rumah Baru Siap Huni DP suka2 Free biaya Bphtb,Jatibening, Bekasi,"Tempat Jemuran,  Jogging Track, Track Lari,  One Gate System, Masjid, Keamanan 24 jam,  Taman,  CCTV, Taman,  Masjid, CCTV,  Keamanan",rumah,3.0,2.0,78.0,46.0,2.0,shm - sertifikat hak milik,2200 mah,0.0,0.0,1.0,0.0,2022.0,bagus,timur,2.0,unfurnished,Rendah,0,Rendah,0,0
703000000.0,Rumah 2 lantai siap huni di jati asih,Jatibening, Bekasi," Jalur Telepon, Lapangan Bola,  Akses Parkir,  One Gate System, Masjid, Keamanan 24 jam,  Taman,  Tempat Laundry,  CCTV, Taman,  Playground, Wastafel, Jalur Telepon,  Keamanan, Lapangan Basket",rumah,2.0,1.0,75.0,55.0,1.0,shm - sertifikat hak milik,1300 mah,0.0,0.0,2.0,0.0,2022.0,bagus,timur,1.0,unfurnished,Rendah,0,Rendah,0,2
1050000000.0,Terbaru Cluster di Caman Jatibening Murah 2 Lantai,Jatibening, Bekasi,"Akses Parkir, Keamanan 24 jam,  Taman",rumah,3.0,2.0,72.0,108.0,2.0,shm - sertifikat hak milik,2200 mah,0.0,0.0,2.0,0.0,2022.0,baru,timur,0.0,unfurnished,Rendah,0,Sedang,2,0
999000000.0,"RUMAH 2 LANTAI DI PERUMAHAN DUTA HARAPAN, MURAH, BARU",Bekasi Utara, Bekasi,"Tempat Jemuran, Lapangan Tenis,  Akses Parkir,  One Gate System, Masjid, Keamanan 24 jam,  Taman,  Tempat Laundry, Taman,  Playground,  Keamanan",rumah,3.0,2.0,75.0,99.0,1.0,shm - sertifikat hak milik,1300 mah,1.0,1.0,1.0,0.0,2022.0,baru,utara,1.0,unfurnished,Rendah,0,Sedang,2,0
545000000.0,Rumah hook  dekat Summarecon Bekasi kota Bekasi utara,Bekasi Utara, Bekasi," CCTV, CCTV, Keamanan, Taman",rumah,2.0,1.0,72.0,42.0,1.0,shm - sertifikat hak milik,1300 mah,0.0,0.0,1.0,0.0,2022.0,baru,timur,0.0,unfurnished,Rendah,0,Rendah,0,2
468000000.0,RUMAH MEZANIN MINIMALIS MODERN DALAM LINGKUNGAN PEMUKIMAN YANG ASRI DIPINGGIRAN KOTA BEKASI,Bekasi Utara, Bekasi,"Jalur Telepon, Taman, One Gate System",rumah,2.0,1.0,72.0,45.0,1.0,shm - sertifikat hak milik,1300 mah,0.0,0.0,1.0,0.0,2022.0,baru,timur,1.0,unfurnished,Rendah,0,Rendah,0,2
496000000.0,"Rumah DP 0, readystok, siap huni, murah  di Karangsatria Bekasi",Bekasi Utara, Bekasi,"Tempat Jemuran, Kitchen Set, Taman, Wastafel,  Masjid, Keamanan",rumah,2.0,1.0,72.0,36.0,1.0,shm - sertifikat hak milik,2200 mah,0.0,0.0,1.0,0.0,2022.0,baru,barat,0.0,unfurnished,Rendah,0,Rendah,0,2
779000000.0,Rumah 2 Lantai exlusive dekat Tol Cakung dan Jorr 2,Bekasi Utara, Bekasi," Jalur Telepon, Tempat Jemuran, Track Lari,  Taman,  CCTV, Wastafel, Jogging Track,  Masjid, CCTV, Jalur Telepon, Keamanan",rumah,3.0,2.0,53.0,63.0,1.0,shm - sertifikat hak milik,2200 mah,0.0,0.0,2.0,0.0,2022.0,baru,utara,0.0,unfurnished,Rendah,0,Rendah,0,0
625000000.0,Rumah  Bekasi di Rawalumbu  bebas banjir,Rawalumbu, Bekasi," Ac,  Jogging Track, Kolam Renang,  Taman,  Masjid, CCTV,  Keamanan",rumah,2.0,1.0,75.0,48.0,1.0,shm - sertifikat hak milik,2200 mah,0.0,0.0,1.0,0.0,2022.0,baru,timur,0.0,unfurnished,Rendah,0,Rendah,0,2
490000000.0,Mansion Hill Karangsatria Rumah smart home di Tambun Selatan Bekasi DP 0%,Tambun Selatan, Bekasi," Ac, Keamanan 24 jam, Taman, AC, CCTV,  Keamanan",rumah,2.0,1.0,72.0,45.0,1.0,shm - sertifikat hak milik,1300 mah,0.0,0.0,1.0,1.0,2021.0,baru,timur,0.0,unfurnished,Rendah,0,Rendah,0,3
665000000.0000001,Rumah siap huni di tambun bekasi deket stasiun tambun,Tambun Selatan, Bekasi," Jogging Track, Track Lari,  One Gate System, Akses Parkir, Keamanan 24 jam,  Taman, Ac, Taman,  Playground, AC,  Keamanan",rumah,3.0,1.0,97.0,54.0,1.0,shm - sertifikat hak milik,1300 mah,0.0,0.0,1.0,0.0,2022.0,baru,selatan,0.0,semi furnished,Rendah,0,Rendah,0,2
444999999.9999999,Rumah Baru SHM Selangkah Ke Summarecon Bekasi,Tambun Selatan, Bekasi,"Tempat Jemuran,  Jogging Track, Track Lari, Keamanan 24 jam,  Taman, Taman,  Playground, One Gate System, Wastafel, Jalur Telepon,  Keamanan",rumah,2.0,1.0,97.0,54.0,1.0,shm - sertifikat hak milik,1300 mah,0.0,0.0,1.0,0.0,2022.0,baru,selatan,0.0,semi furnished,Rendah,0,Rendah,0,2
570000000.0,Rumah Murah Di Tambun Selatan Dekat Stasiun Tambun,Tambun Selatan, Bekasi,"Tempat Jemuran, Track Lari,  One Gate System, Masjid, Kitchen Set, Keamanan 24 jam,  Taman, AC, Jalur Telepon",rumah,2.0,1.0,97.0,54.0,1.0,shm - sertifikat hak milik,1300 mah,0.0,0.0,1.0,0.0,2022.0,bagus,timur,1.0,semi furnished,Rendah,0,Rendah,0,2
665000000.0000001,Rumah Kpr 1lantai di tambun bekasi deket stasiun bekasi,Tambun Selatan, Bekasi,"Tempat Jemuran,  One Gate System, Masjid, Keamanan 24 jam,  Taman, Taman, Ac, AC,  Keamanan",rumah,3.0,1.0,97.0,54.0,1.0,shm - sertifikat hak milik,1300 mah,0.0,0.0,1.0,0.0,2022.0,baru,selatan,0.0,semi furnished,Rendah,0,Rendah,0,2
665000000.0000001,Rumah Siap huni di tambun bekasi lokasi deket stasiun tambun,Tambun Selatan, Bekasi," Jogging Track, Track Lari, Ac, Taman, AC,  Masjid,  Keamanan",rumah,3.0,1.0,97.0,54.0,1.0,shm - sertifikat hak milik,1300 mah,0.0,0.0,1.0,0.0,2022.0,baru,selatan,0.0,semi furnished,Rendah,0,Rendah,0,2
650000000.0,Rumah Telaga Mas (Duta Harapan) Blok F3/6 Bekasi Utara - Kota Bekasi (BELAKANG SUMARECON BEKASI),Harapan Baru, Bekasi,"Tempat Jemuran, Masjid, Keamanan,  Taman",rumah,2.0,1.0,72.0,60.0,1.0,shm - sertifikat hak milik,1300 mah,0.0,0.0,1.0,0.0,2022.0,baru,utara,1.0,unfurnished,Rendah,0,Rendah,0,2
350000000.0,"Rumah murah di Bekasi Kp. wates babelan deket kota harapan indah, marunda, tj.priok",Babelan, Bekasi," Taman, Ac, Taman, AC,  Masjid, Jalur Telepon,  Keamanan",rumah,2.0,1.0,60.0,36.0,1.0,shm - sertifikat hak milik,1300 mah,0.0,0.0,1.0,0.0,2022.0,baru,timur,0.0,semi furnished,Rendah,0,Rendah,0,2
6640000000.0,Rumah Cantik tanpa Dp(0%) kawasan nan Asri Fasilitas Lengkap diBekasi,Babelan, Bekasi," Jalur Telepon,  Jogging Track, Track Lari,  Akses Parkir,  One Gate System,  Kolam Renang, Masjid, Keamanan 24 jam, Kolam Renang,  Taman,  Tempat Laundry,  CCTV, Taman,  Playground, Jalur Telepon,  Keamanan",rumah,2.0,1.0,72.0,39.0,1.0,shm - sertifikat hak milik,1300 mah,0.0,0.0,1.0,0.0,2022.0,baru,timur,0.0,unfurnished,Sangat Tinggi,1,Rendah,0,2
327000000.0,"Rumah murah di Babelan BekasiDP 0%FREE SURAT²,SIAP HUNI1JT ALLIN",Babelan, Bekasi,"Tempat Jemuran,  One Gate System, Akses Parkir, Keamanan 24 jam,  Taman,  CCTV, Taman, Ac, Wastafel, AC, CCTV,  Keamanan",rumah,2.0,1.0,36.0,61.0,1.0,shm - sertifikat hak milik,1300 mah,0.0,0.0,1.0,0.0,2022.0,baru,selatan,0.0,unfurnished,Rendah,0,Rendah,0,2
332000000.0,"CLUSTER MURAH DI BEKASI,DEKAT TOL CILINCING,DP 0%CUMA 1JT ALL-IN",Babelan, Bekasi,"Tempat Jemuran,  Ac,  CCTV, Taman, Wastafel, AC, Keamanan",rumah,2.0,1.0,36.0,61.0,1.0,shm - sertifikat hak milik,1300 mah,0.0,0.0,1.0,0.0,2022.0,baru,selatan,2.0,unfurnished,Rendah,0,Rendah,0,2
1800000000.0,Rumah Semi Furnished Siap Huni Di Kemang Pratama Bekasi Selatan,Kemang Pratama, Bekasi,"Keamanan 24 jam, Keamanan, Taman",rumah,2.0,3.0,120.0,84.0,1.0,shm - sertifikat hak milik,2200 mah,0.0,0.0,1.0,2.0,2020.0,bagus,selatan,0.0,semi furnished,Rendah,0,Rendah,0,3
389999999.9999999,Cluster exclusive fasilitas smart home bonus kanopi cocok untuk milenial,Bekasi Timur, Bekasi," Jalur Telepon,  Jogging Track,  Taman, AC,  Masjid, CCTV,  Keamanan",rumah,2.0,1.0,73.0,36.0,1.0,shm - sertifikat hak milik,1300 mah,0.0,0.0,1.0,0.0,2022.0,baru,timur,1.0,unfurnished,Rendah,0,Rendah,0,2
2750000000.0,Rumah cantik Baru kekinian dilingkungan yang asri dan strategis Cherry Ville Bekasi,Bekasi Timur, Bekasi," Jalur Telepon,  Jogging Track, Lapangan Tenis,  Lapangan Bulu Tangkis, Kolam Renang,  CCTV, Wastafel, AC, Jalur Telepon, Tempat Jemuran, Lapangan Bola,  Lapangan Voli,  Taman,  Tempat Gym,  Masjid,  Lapangan Basket,  Ac, Keamanan,  Track Lari",rumah,4.0,4.0,160.0,128.0,2.0,hgb - hak guna bangunan,3500 mah,1.0,1.0,2.0,0.0,2022.0,baru,timur,0.0,unfurnished,Sedang,2,Sedang,2,1
475000000.0,Rumah Siap Huni di Bekasi Timur Kualitas Terbaik,Bekasi Timur, Bekasi,"Tempat Jemuran, Taman, Wastafel,  Masjid, CCTV",rumah,2.0,1.0,78.0,41.0,1.0,shm - sertifikat hak milik,2200 mah,0.0,0.0,1.0,0.0,2022.0,baru,barat,1.0,unfurnished,Rendah,0,Rendah,0,2
2850000000.0,Rumah Baru Dalam Cluster di Jatiwaringin Dekat Tol Pondok Gede,Jatiwaringin, Bekasi,"Tempat Jemuran,  AC,  Taman, AC, CCTV, Jalur Telepon,  Keamanan",rumah,3.0,3.0,181.0,180.0,2.0,shm - sertifikat hak milik,2200 mah,1.0,1.0,2.0,1.0,2021.0,baru,barat daya,0.0,unfurnished,Sedang,2,Tinggi,3,1
1500000000.0,Rumah Minimalis Siap Huni di Cluster Somerset Mutiara Gading City Bekasi,Tarumajaya, Bekasi,Keamanan,rumah,3.0,2.0,120.0,88.0,1.0,shm - sertifikat hak milik,2200 mah,0.0,0.0,1.0,2.0,2020.0,bagus,selatan,0.0,unfurnished,Rendah,0,Rendah,0,3
779000000.0,"Rumah 2 Lantai Siap Huni dan Strategis di Setia Asih, Bekasi",Tarumajaya, Bekasi," Jalur Telepon,  Ac,  Jogging Track, Tempat Jemuran, Lapangan Tenis,  Track Lari, Masjid,  Lapangan Voli,  Lapangan Bulu Tangkis,  Taman, Wastafel,  Tempat Gym, AC, Jalur Telepon, Keamanan, Lapangan Basket",rumah,3.0,2.0,53.0,63.0,1.0,shm - sertifikat hak milik,1300 mah,0.0,0.0,2.0,0.0,2022.0,baru,tenggara,0.0,unfurnished,Rendah,0,Rendah,0,0
455000000.0,Beli Rumah Dapat Motor 1 unit,Tarumajaya, Bekasi," Masjid, Ac,  Keamanan, Taman",rumah,2.0,1.0,72.0,45.0,1.0,shm - sertifikat hak milik,1300 mah,0.0,0.0,1.0,0.0,2022.0,baru,utara,0.0,semi furnished,Rendah,0,Rendah,0,2
900000000.0,Rumah Minimalis Modern Di Mutiara Gading City,Tarumajaya, Bekasi,"Tempat Jemuran, Lapangan Bulu Tangkis, Track Lari,  One Gate System,  Kolam Renang, Masjid, Kitchen Set, Keamanan 24 jam,  Taman,  Tempat Laundry,  CCTV,  Playground, Wastafel, Jalur Telepon",rumah,2.0,1.0,120.0,90.0,1.0,hgb - hak guna bangunan,1300 mah,0.0,0.0,1.0,2.0,2020.0,sudah renovasi,timur,0.0,unfurnished,Rendah,0,Sedang,2,3
967000000.0,Dijual Rumah 2 Lantai Tanpa Dp Cendana Spark Lippo Cikarang,Cikarang Selatan, Bekasi," Jalur Telepon, Track Lari,  CCTV, Taman, Wastafel, Jogging Track, CCTV, Jalur Telepon,  Keamanan",rumah,3.0,3.0,82.0,68.0,1.0,shm - sertifikat hak milik,2200 mah,0.0,0.0,2.0,1.0,2021.0,baru,selatan,1.0,unfurnished,Rendah,0,Rendah,0,3
389999999.9999999,"Rumah Baru Siap Huni dan Full Bata Merah di Sukadami, Cikarang",Cikarang Selatan, Bekasi," Jalur Telepon,  Jogging Track, Masjid,  CCTV, Wastafel, Jalur Telepon, Tempat Jemuran, Lapangan Bulu Tangkis, Lapangan Bola,  Akses Parkir,  One Gate System,  Lapangan Voli, Keamanan 24 jam,  Taman,  Tempat Laundry, Taman,  Playground,  Tempat Gym,  Masjid, Keamanan,  Track Lari",rumah,2.0,1.0,60.0,30.000000000000007,1.0,shm - sertifikat hak milik,1300 mah,0.0,0.0,1.0,0.0,2022.0,baru,tenggara,0.0,unfurnished,Rendah,0,Rendah,0,2
168000000.0,Rumah subsidi di cikarang selatan bekasi,Cikarang Selatan, Bekasi," Jalur Telepon,  Jogging Track, Masjid,  Taman,  CCTV, Keamanan",rumah,2.0,1.0,60.0,30.000000000000007,1.0,shm - sertifikat hak milik,1300 mah,0.0,0.0,1.0,0.0,2022.0,baru,timur,1.0,unfurnished,Rendah,0,Rendah,0,2
300000000.0,Rumah murah di bekasi kebalen vgh babelan!!,Kebalen, Bekasi," Jogging Track, Track Lari, Masjid, Keamanan 24 jam,  Taman,  Masjid, CCTV, Jalur Telepon,  Keamanan",rumah,2.0,1.0,60.0,36.0,1.0,shm - sertifikat hak milik,1300 mah,0.0,0.0,1.0,0.0,2022.0,baru,timur,0.0,unfurnished,Rendah,0,Rendah,0,2
1000000000.0,Rumah Baru Bebas Banjir Dalam Perumahan di Bintara Jaya Bekasi,Bintara, Bekasi,"Tempat Jemuran, Akses Parkir, Keamanan 24 jam,  Taman",rumah,3.0,2.0,72.0,108.0,1.0,"lainnya (ppjb,girik,adat,dll)",2200 mah,0.0,0.0,2.0,0.0,2022.0,bagus,selatan,0.0,unfurnished,Rendah,0,Sedang,2,0
1180000000.0,Rumah 2 Lantai Dekat Area Mabes TNI Cilangkap,Jatirangga, Bekasi,"Tempat Jemuran, Track Lari,  One Gate System,  Kolam Renang, Keamanan 24 jam,  Taman, Taman,  Playground, Wastafel, Jogging Track, Keamanan",rumah,3.0,3.0,84.0,77.0,1.0,shm - sertifikat hak milik,2200 mah,0.0,0.0,2.0,1.0,2021.0,baru,barat,0.0,unfurnished,Rendah,0,Rendah,0,3
1180000000.0,Rumah Mewah 2Lantai Paling Murah lokasi Startegis Di Jalan Utama Jatirangga,Jatirangga, Bekasi,"Lapangan Bulu Tangkis,  Ac,  Jogging Track,  Akses Parkir,  One Gate System, Track Lari, Masjid, Keamanan 24 jam,  Taman, Taman,  Playground, Wastafel, AC,  Masjid, Jalur Telepon, Keamanan",rumah,3.0,2.0,84.0,77.0,1.0,shm - sertifikat hak milik,1300 mah,0.0,0.0,2.0,0.0,2022.0,baru,timur,1.0,unfurnished,Rendah,0,Rendah,0,0
1470000000.0,Rumah 2 Lantai Dekat Pusat Pertokoan Aeon Mall Deltamas Cikarang,Cikarang, Bekasi,"Tempat Jemuran, Track Lari,  Taman, Taman, CCTV, Jalur Telepon",rumah,2.0,2.0,84.0,62.0,1.0,shm - sertifikat hak milik,2200 mah,0.0,0.0,2.0,0.0,2022.0,baru,utara,0.0,unfurnished,Rendah,0,Rendah,0,0
1900000000.0,Jual cepat Rumah bagus murah strategis di kodau jati mekar bekasi,Jati Mekar, Bekasi," Taman,  CCTV, Ac,  Masjid, Jalur Telepon,  Keamanan",rumah,3.0,3.0,150.0,195.0,2.0,shm - sertifikat hak milik,2200 mah,1.0,1.0,2.0,1.0,2021.0,bagus sekali,timur,0.0,semi furnished,Rendah,0,Tinggi,3,1
650000000.0,RUMAH BARU TERMURAH 2 LT DLM CLUSTER ONE GATE SYSTEM DI KODAU,Jati Mekar, Bekasi,"Tempat Jemuran,  One Gate System, Masjid, Keamanan 24 jam,  Taman, Taman, Wastafel,  Masjid, Keamanan",rumah,2.0,2.0,50.0,68.0,1.0,shm - sertifikat hak milik,1300 mah,0.0,0.0,2.0,0.0,2022.0,baru,selatan,0.0,unfurnished,Rendah,0,Rendah,0,2
925000000.0,Dijual rumah luas strategis bebas banjir di jati mekar kodau,Jati Mekar, Bekasi,"Tempat Jemuran, Jalur Telepon, Wastafel",rumah,3.0,2.0,108.0,80.0,1.0,shm - sertifikat hak milik,1300 mah,0.0,0.0,1.0,0.0,2022.0,baru,barat,0.0,unfurnished,Rendah,0,Rendah,0,2
490000000.0,Bale Jatisari Jatiasih Bekasi,Jati Sari, Bekasi,Taman,rumah,2.0,1.0,66.0,30.000000000000007,1.0,shm - sertifikat hak milik,1300 mah,0.0,0.0,1.0,0.0,2022.0,baru,timur,0.0,unfurnished,Rendah,0,Rendah,0,2
1490000000.0,Rumah 2 lantai dlm cluster di Grand Galaxi City Pekayon,Galaxy, Bekasi,Taman,rumah,3.0,2.0,72.0,135.0,1.0,shm - sertifikat hak milik,2200 mah,0.0,0.0,2.0,1.0,2021.0,baru,timur,0.0,unfurnished,Rendah,0,Sedang,2,3
1900000000.0,Rumah 2 Lantai Siap Huni Dan Strategis Di Grand Galaxy Bekasi Selatan,Galaxy, Bekasi,Keamanan,rumah,3.0,2.0,72.0,110.0,1.0,shm - sertifikat hak milik,2200 mah,0.0,0.0,2.0,2.0,2020.0,bagus,selatan,0.0,unfurnished,Rendah,0,Sedang,2,3
700000000.0,Rumah Baru Siap Huni Exclusive Jatiasih,Galaxy, Bekasi," Jalur Telepon,  Ac,  Jogging Track, Tempat Jemuran,  One Gate System, Track Lari, Keamanan 24 jam,  Taman,  CCTV, Taman, Wastafel, AC, CCTV, Jalur Telepon, Keamanan",rumah,4.0,2.0,78.0,55.0,2.0,shm - sertifikat hak milik,2200 mah,0.0,0.0,1.0,0.0,2022.0,baru,timur,2.0,unfurnished,Rendah,0,Rendah,0,0
420000000.0,Rumah Cluster Smarthome dekat Kota Harapan Indah Bekasi,Tanah Tinggi, Bekasi," Taman, Ac, Taman, AC, Keamanan",rumah,2.0,1.0,60.0,36.0,1.0,shm - sertifikat hak milik,1300 mah,0.0,0.0,1.0,0.0,2022.0,baru,barat,0.0,unfurnished,Rendah,0,Rendah,0,2
385000000.0,Rumah banyak yg dijual tapi ini beda ayo segera,Bekasi Barat, Bekasi," Jalur Telepon,  Ac, Masjid,  Taman, Jogging Track,  Keamanan",rumah,2.0,2.0,72.0,45.0,1.0,shm - sertifikat hak milik,1300 mah,0.0,0.0,1.0,0.0,2022.0,baru,selatan,1.0,semi furnished,Rendah,0,Rendah,0,2
481000000.0,Rumah termurah readystok siap huni di Jejalen Bekasi,Tambun Utara, Bekasi,"Tempat Jemuran,  Akses Parkir, Masjid, Kitchen Set, Keamanan 24 jam,  Taman,  Tempat Laundry, Taman,  Playground, Wastafel,  Keamanan",rumah,2.0,1.0,72.0,36.0,1.0,shm - sertifikat hak milik,1300 mah,0.0,0.0,1.0,0.0,2022.0,baru,timur,0.0,unfurnished,Rendah,0,Rendah,0,2
850000000.0,Perumahan Islami 2 Lantai Semi Furnished Dekat Toll Bekasi Timur,Mustikasari, Bekasi," Jalur Telepon,  Jogging Track, Masjid,  Taman,  CCTV, Keamanan",rumah,3.0,2.0,60.0,53.0,1.0,shm - sertifikat hak milik,2200 mah,0.0,0.0,2.0,0.0,2022.0,baru,tenggara,1.0,semi furnished,Rendah,0,Rendah,0,0
400000000.0,Rumah Exclusive siap huni di Mustikajaya Bekasi timur,Mustikasari, Bekasi," Jogging Track, Track Lari,  CCTV, Taman, Wastafel, CCTV, Keamanan",rumah,2.0,1.0,77.0,42.0,2.0,shm - sertifikat hak milik,1300 mah,0.0,0.0,1.0,0.0,2022.0,bagus,barat,2.0,unfurnished,Rendah,0,Rendah,0,2
625000000.0,"Rumah Murah Full Bata Merah Siap Huni di Cimuning, Bekasi",Cimuning, Bekasi," Jalur Telepon, Tempat Jemuran, Lapangan Bola, Lapangan Tenis,  Lapangan Voli,  Lapangan Bulu Tangkis, Kolam Renang,  Taman, Wastafel,  Lapangan Basket,  Tempat Gym, Jogging Track,  Masjid, Jalur Telepon,  Keamanan,  Track Lari",rumah,2.0,1.0,72.0,48.0,1.0,shm - sertifikat hak milik,1300 mah,0.0,0.0,1.0,0.0,2022.0,baru,timur,0.0,unfurnished,Rendah,0,Rendah,0,2
700000000.0,Rumah Exclusive Siap Huni di Jatiasih Bekasi,Cikunir, Bekasi," Jalur Telepon,  Jogging Track, Tempat Jemuran, Track Lari,  Taman,  CCTV, Ac, Taman, AC,  Masjid, CCTV, Jalur Telepon,  Keamanan",rumah,3.0,2.0,82.0,60.0,2.0,shm - sertifikat hak milik,2200 mah,0.0,0.0,1.0,0.0,2022.0,bagus,timur,2.0,unfurnished,Rendah,0,Rendah,0,0
418000000.0,Panorama Bekasi Residence Tambun Utara Bekasi,Satriajaya, Bekasi," Jalur Telepon, Taman,  Keamanan, Jogging Track",rumah,3.0,1.0,72.0,36.0,1.0,hgb - hak guna bangunan,1300 mah,0.0,0.0,2.0,0.0,2022.0,baru,timur,0.0,unfurnished,Rendah,0,Rendah,0,2
950000000.0,Cluster Baru 2 Lantai Pinggir Jl Raya Jatikramat Pondok Gede Akses Tol Jatibening Hub 0812 9793 7575,Jatikramat, Bekasi," Akses Parkir,  One Gate System, Masjid, Keamanan 24 jam, Taman",rumah,3.0,2.0,65.0,80.0,1.0,shm - sertifikat hak milik,2200 mah,0.0,0.0,2.0,0.0,2022.0,baru,barat,1.0,unfurnished,Rendah,0,Rendah,0,0
695000000.0,"MURAH Rumah 1,5lt cluster di kp sawah Jati Murni Etty 08993334194",Jatimurni, Bekasi,"Tempat Jemuran, Kitchen Set,  Taman, Ac, AC, Keamanan",rumah,3.0,2.0,79.0,90.0,1.0,shm - sertifikat hak milik,1300 mah,0.0,0.0,2.0,2.0,2020.0,bagus,barat,0.0,semi furnished,Rendah,0,Sedang,2,3
695000000.0,Di jual rumah dalam cluster 1.5lantai murah  di jatimurni,Jatimurni, Bekasi,"Tempat Jemuran, Keamanan 24 jam, Wastafel, One Gate System, Jalur Telepon, Keamanan",rumah,3.0,2.0,70.0,90.0,1.0,shm - sertifikat hak milik,1300 mah,0.0,0.0,2.0,2.0,2020.0,bagus,barat,0.0,unfurnished,Rendah,0,Sedang,2,3
265000000.0,Rumah murah di di Mega regenci proses mudah hanya booking 2 jt,Serang Baru, Bekasi," Jalur Telepon,  Jogging Track, Track Lari,  Kolam Renang, Masjid, Taman, Wastafel, Jalur Telepon,  Keamanan",rumah,2.0,1.0,60.0,36.0,1.0,shm - sertifikat hak milik,lainnya mah,0.0,0.0,1.0,0.0,2022.0,bagus,utara,0.0,semi furnished,Rendah,0,Rendah,0,2
380000000.0,Rumah Bagus berkualitas Cikarang Selatan proses mudah,Serang Baru, Bekasi,"Masjid, Keamanan, Wastafel,  Taman",rumah,2.0,1.0,100.0,45.0,1.0,shm - sertifikat hak milik,1300 mah,0.0,0.0,1.0,0.0,2022.0,bagus,timur,0.0,semi furnished,Rendah,0,Rendah,0,2
750000000.0,"Rumah Baru SHM di Jatiluhur Bekasi, Bekasi",Jati Luhur, Bekasi," CCTV, CCTV, Taman, Keamanan 24 jam",rumah,2.0,1.0,78.0,54.0,1.0,shm - sertifikat hak milik,1300 mah,0.0,0.0,1.0,1.0,2021.0,baru,barat,0.0,unfurnished,Rendah,0,Rendah,0,3
690000000.0,Rumah 2 Lantai termurah di Jababeka Cikarang timur,Jababeka, Bekasi,"Masjid, Akses Parkir,  Tempat Laundry, Ac, AC",rumah,2.0,2.0,90.0,55.0,2.0,shm - sertifikat hak milik,2200 mah,0.0,0.0,2.0,0.0,2022.0,baru,timur,2.0,unfurnished,Rendah,0,Rendah,0,0
700000000.0,Rumah siap Huni Exclusive di Jatiasih Bekasi,Komsen, Bekasi," Jogging Track, Track Lari, Taman, CCTV,  Keamanan",rumah,3.0,2.0,78.0,45.0,2.0,shm - sertifikat hak milik,2200 mah,0.0,0.0,1.0,0.0,2022.0,baru,timur,2.0,unfurnished,Rendah,0,Rendah,0,0
995000000.0,Rumah Murah Mewah Nyaman Lokasi Strategis Aman Dekat Jalan Raya,Jatiranggon, Bekasi,"Tempat Jemuran, Masjid, Taman,  Keamanan",rumah,3.0,2.0,78.0,70.0,1.0,shm - sertifikat hak milik,2200 mah,0.0,0.0,2.0,1.0,2021.0,baru,timur,1.0,unfurnished,Rendah,0,Rendah,0,3
700000000.0,Di  Rumah di Pintu Tol cireureup SHM,Sentul City, Bogor,"Taman, Jogging Track,  Masjid,  Keamanan",rumah,2.0,1.0,137.0,40.0,1.0,shm - sertifikat hak milik,1300 mah,0.0,0.0,1.0,2.0,2020.0,baru,barat,1.0,unfurnished,Rendah,0,Rendah,0,3
1900000000.0,Cepat Rumah Murah Baru Bagus bebas polusi di Sentul Bogor,Sentul City, Bogor," Jogging Track, Taman, Ac,  Keamanan",rumah,3.0,2.0,126.0,102.0,0.0,shm - sertifikat hak milik,2200 mah,1.0,1.0,2.0,2.0,2020.0,baru,utara,0.0,unfurnished,Rendah,0,Sedang,2,3
1650000000.0,"Rumah 2 Lantai Baru Unfurnished di Sentul City , Bogor",Sentul City, Bogor,"Taman, Keamanan 24 jam, Wastafel,  One Gate System, Tempat Jemuran",rumah,3.0,2.0,84.0,89.0,1.0,"lainnya (ppjb,girik,adat,dll)",1300 mah,1.0,1.0,2.0,2.0,2020.0,baru,timur laut,0.0,unfurnished,Rendah,0,Sedang,2,3
1650000000.0,"Sentul City,bogor",Sentul City, Bogor,"Taman, Track Lari, Keamanan 24 jam,  One Gate System",rumah,3.0,2.0,84.0,89.0,1.0,"lainnya (ppjb,girik,adat,dll)",2200 mah,1.0,1.0,3.0,2.0,2020.0,baru,timur laut,0.0,unfurnished,Rendah,0,Sedang,2,3
945000000.0,"Sentul City,bogor",Sentul City, Bogor,"Taman, Track Lari, Keamanan 24 jam,  One Gate System",rumah,3.0,1.0,90.0,70.0,1.0,shm - sertifikat hak milik,1300 mah,0.0,0.0,1.0,0.0,2022.0,baru,selatan,0.0,unfurnished,Rendah,0,Rendah,0,2
2300000000.0,Rumah baru posisi hook Sentul city,Sentul City, Bogor," AC, Keamanan 24 jam, Taman, AC, Jalur Telepon,  Keamanan",rumah,3.0,2.0,133.0,185.0,2.0,shm - sertifikat hak milik,2200 mah,1.0,1.0,2.0,0.0,2022.0,baru,selatan,0.0,unfurnished,Sedang,2,Tinggi,3,1
600000000.0,Rumah 2 Lantai di Tengah pusat pemerintahan,Sentul City, Bogor," Jalur Telepon, Masjid, Keamanan 24 jam,  Taman,  CCTV, Ac, Taman, AC, CCTV, Jalur Telepon,  Keamanan",rumah,3.0,2.0,72.0,54.0,2.0,shm - sertifikat hak milik,2200 mah,0.0,0.0,2.0,0.0,2022.0,baru,timur,2.0,unfurnished,Rendah,0,Rendah,0,0
2300000000.0,Rumah baru clasike modern view gunung posisi hook Sentul city,Sentul City, Bogor," Jalur Telepon,  Ac, Keamanan 24 jam, Taman, AC, Jalur Telepon, Keamanan",rumah,3.0,3.0,133.0,185.0,2.0,shm - sertifikat hak milik,2200 mah,1.0,0.0,2.0,0.0,2022.0,baru,selatan,0.0,unfurnished,Sedang,2,Tinggi,3,1
1700000000.0,Rumah baru clasike modern Sentul city,Sentul City, Bogor," Jogging Track,  Taman, Ac, Jalur Telepon,  Keamanan",rumah,3.0,3.0,120.0,120.0,2.0,shm - sertifikat hak milik,2200 mah,1.0,1.0,2.0,1.0,2021.0,baru,selatan,0.0,unfurnished,Rendah,0,Sedang,2,1
1700000000.0,Rumah baru view gunung Sentul city,Sentul City, Bogor," Jogging Track,  Taman, Ac, Jalur Telepon,  Keamanan",rumah,3.0,3.0,108.0,160.0,1.0,shm - sertifikat hak milik,3300 mah,1.0,1.0,2.0,1.0,2021.0,baru,barat,1.0,unfurnished,Rendah,0,Tinggi,3,1
2500000000.0,Rumah baru siap huni furnish view gunung sentul city,Sentul City, Bogor," Jalur Telepon, Taman,  Keamanan, AC",rumah,5.0,5.0,120.0,235.0,0.0,shm - sertifikat hak milik,2200 mah,0.0,0.0,2.0,0.0,2022.0,baru,timur laut,0.0,furnished,Sedang,2,Sangat Tinggi,1,1
300000000.0,Rumah Exclusive Fasilitas Smart Home,Cileungsi, Bogor,"Taman,  Masjid,  CCTV,  Jalur Telepon, Keamanan,  Ac,  Jogging Track",rumah,2.0,1.0,60.0,36.0,0.0,shm - sertifikat hak milik,2200 mah,0.0,0.0,1.0,0.0,2022.0,bagus sekali,selatan,0.0,unfurnished,Rendah,0,Rendah,0,2
351000000.0,Cluster sejuk dan asri deket mall metropolitan cileungsi,Cileungsi, Bogor,"Taman,  Taman, Track Lari,  CCTV, Jogging Track, CCTV, Keamanan",rumah,2.0,1.0,60.0,31.999999999999993,1.0,shm - sertifikat hak milik,1300 mah,0.0,0.0,1.0,0.0,2022.0,baru,barat,0.0,unfurnished,Rendah,0,Rendah,0,2
1350000000.0,Rumah minimalis siap huni kota bogor,Cileungsi, Bogor,"Taman, Keamanan 24 jam,  Masjid,  CCTV, Masjid, Kitchen Set,  AC, AC,  Keamanan,  One Gate System, Track Lari, Wastafel,  Jogging Track",rumah,3.0,2.0,94.0,96.0,1.0,shm - sertifikat hak milik,2200 mah,0.0,0.0,1.0,0.0,2022.0,baru,timur,0.0,semi furnished,Rendah,0,Sedang,2,2
325000000.0,"RUMAH DIJUAL MURAH BISA CASH ATAU KPR FASILITAS LENGKAP, LINGKUNGAN ASRI, AMAN, NYAMAN, FULL RENOVASI",Cileungsi, Bogor," Track Lari,  Lapangan Bulu Tangkis, Lapangan Tenis,  Tempat Laundry,  Masjid,  Lapangan Basket,  CCTV, Masjid,  One Gate System, Kolam Renang,  Playground, Lapangan Bola,  Jogging Track, Taman, Keamanan 24 jam,  Kolam Renang,  Taman,  Lapangan Voli,  Akses Parkir,  Tempat Gym,  Keamanan",rumah,2.0,1.0,72.0,60.0,1.0,hgb - hak guna bangunan,1300 mah,0.0,0.0,1.0,0.0,2022.0,baru,timur,1.0,unfurnished,Rendah,0,Rendah,0,2
499999999.9999999,Bebas Banjir,Cileungsi, Bogor," Jalur Telepon,  Taman, Ac, Taman, AC,  Masjid, CCTV, Jalur Telepon,  Keamanan",rumah,3.0,2.0,60.0,51.0,2.0,shm - sertifikat hak milik,2200 mah,0.0,0.0,2.0,0.0,2022.0,baru,timur,2.0,unfurnished,Rendah,0,Rendah,0,0
350000000.0,"Cluster Elegant Siap Huni Dp 0, DekatTaman Buah Mekarsari, Bogor",Cileungsi, Bogor," Jogging Track, Taman,  Masjid, Jalur Telepon,  Keamanan",rumah,2.0,1.0,60.0,38.0,1.0,shm - sertifikat hak milik,1300 mah,0.0,0.0,1.0,0.0,2022.0,baru,timur,0.0,unfurnished,Rendah,0,Rendah,0,2
168000000.0,"Rumah Subsidi Siap Huni dan Murah di Kelapa Nunggal, Bogor",Cileungsi, Bogor," Jogging Track, Taman,  Masjid, Jalur Telepon,  Keamanan",rumah,2.0,1.0,60.0,29.0,1.0,shm - sertifikat hak milik,1300 mah,0.0,0.0,1.0,0.0,2022.0,baru,timur,0.0,unfurnished,Rendah,0,Rendah,0,2
660000000.0,Rumah Ready dekat tol kayumanis bogor jakarta,Kemang, Bogor," Jogging Track, Track Lari, Masjid,  Taman, Keamanan",rumah,2.0,1.0,84.0,45.0,1.0,shm - sertifikat hak milik,1300 mah,0.0,0.0,1.0,0.0,2022.0,sudah renovasi,timur,0.0,unfurnished,Rendah,0,Rendah,0,2
332999999.9999999,Di jual Rumah di Kemang Griya  bogor,Kemang, Bogor," Ac,  Jogging Track,  Kolam Renang,  CCTV, Taman, Jalur Telepon,  Keamanan",rumah,2.0,1.0,62.0,36.0,0.0,shm - sertifikat hak milik,1300 mah,0.0,0.0,1.0,0.0,2022.0,baru,timur,0.0,unfurnished,Rendah,0,Rendah,0,2
525000000.0,Cukup 5juta langusung Akad Rumah di Kemang Bogor,Kemang, Bogor," Jogging Track, Track Lari,  Kolam Renang, Masjid, Keamanan 24 jam,  Taman, Kolam Renang,  CCTV, Ac, AC,  Masjid, CCTV, Jalur Telepon,  Keamanan",rumah,2.0,1.0,72.0,50.0,0.0,shm - sertifikat hak milik,1300 mah,0.0,0.0,1.0,0.0,2022.0,baru,selatan,0.0,unfurnished,Rendah,0,Rendah,0,2
600000000.0,Rumah Baru 2 Lantai View Gunung Di Ciomas Bogor,Ciomas, Bogor," Taman, Masjid, Keamanan, Tempat Jemuran",rumah,3.0,2.0,66.0,56.0,2.0,shm - sertifikat hak milik,2200 mah,0.0,0.0,2.0,0.0,2022.0,baru,barat daya,2.0,unfurnished,Rendah,0,Rendah,0,0
600000000.0,Rumah 2 Lantai di Buana Mas Town House Type 56 di Ciomas Bogor,Ciomas, Bogor,"Taman, Jalur Telepon,  CCTV,  Keamanan,  Ac",rumah,3.0,2.0,66.0,56.0,2.0,shm - sertifikat hak milik,2200 mah,0.0,0.0,2.0,0.0,2022.0,baru,barat daya,0.0,unfurnished,Rendah,0,Rendah,0,0
637000000.0,Rumah 2 Lantai Free Furnished Termurah Dekat Pamulang Serpong,Gunung Sindur, Bogor,"Taman, Akses Parkir,  Taman, Jalur Telepon, Masjid, Kulkas,  AC,  Playground,  One Gate System, Track Lari, Mesin Cuci",rumah,3.0,2.0,65.0,60.0,1.0,shm - sertifikat hak milik,1300 mah,1.0,0.0,2.0,0.0,2022.0,baru,timur,0.0,semi furnished,Rendah,0,Rendah,0,0
755000000.0,Rumah Elegan 2 Lantai Lokasi Strategis Bebas Banjir,Gunung Sindur, Bogor,"Taman,  Taman,  Masjid, Jalur Telepon,  Keamanan, Track Lari, Tempat Jemuran,  Jogging Track",rumah,3.0,2.0,78.0,60.0,1.0,shm - sertifikat hak milik,1300 mah,0.0,0.0,2.0,0.0,2022.0,baru,utara,0.0,unfurnished,Rendah,0,Rendah,0,0
685000000.0,Rumah Mewah 2 Lantai include Biaya Biaya Surat Lokasi Strategis,Gunung Sindur, Bogor,"Keamanan 24 jam,  Taman,  Masjid, Jalur Telepon, Masjid, Jogging Track,  Akses Parkir,  Keamanan,  One Gate System, Track Lari, Tempat Jemuran",rumah,3.0,2.0,64.0,60.0,1.0,shm - sertifikat hak milik,1300 mah,0.0,0.0,2.0,0.0,2022.0,baru,timur,0.0,unfurnished,Rendah,0,Rendah,0,0
438000000.0,Rumah Baru SHM di Jalan Raya Parung Bogor,Gunung Sindur, Bogor,"Taman, Keamanan 24 jam,  Taman,  Masjid, Jalur Telepon,  CCTV, Masjid, Kitchen Set,  Akses Parkir,  Playground,  Keamanan,  One Gate System, Track Lari, Wastafel,  Jogging Track",rumah,2.0,1.0,60.0,35.0,1.0,shm - sertifikat hak milik,1300 mah,0.0,0.0,1.0,0.0,2022.0,baru,selatan,0.0,unfurnished,Rendah,0,Rendah,0,2
438000000.0,Rumah Baru Spesifikasi Bata Merah dekat Pasar Parung.,Gunung Sindur, Bogor," Kolam Renang,  Taman, Jalur Telepon, Track Lari,  Jalur Telepon, Ac, Kolam Renang, AC,  Keamanan, CCTV,  Jogging Track",rumah,2.0,1.0,63.0,36.0,0.0,shm - sertifikat hak milik,1300 mah,0.0,0.0,1.0,0.0,2022.0,baru,timur,1.0,unfurnished,Rendah,0,Rendah,0,2
1090000000.0,Rumah siap huni cukup bayar 5 jt all in lokasi dekat stasiun,Gunung Sindur, Bogor," Pemanas Air, Jalur Telepon,  Track Lari,  Jalur Telepon,  Kolam Ikan,  Kitchen Set, Keamanan, Lapangan Tenis,  Masjid,  Mesin Cuci,  CCTV, Kulkas, Tempat Gym, Wastafel, Kolam Renang,  Jogging Track,  Kolam Renang,  Taman,  AC,  Ac, Tempat Jemuran",rumah,3.0,2.0,65.0,87.0,0.0,shm - sertifikat hak milik,2200 mah,0.0,0.0,2.0,0.0,2022.0,baru,selatan,0.0,unfurnished,Rendah,0,Rendah,0,0
435000000.0,Rumah Baru Nempel Tugu Perbatasan Tangsel Selangkah Puspitek Serpong.,Gunung Sindur, Bogor,"AC,  Ac, Track Lari, Keamanan 24 jam,  Taman,  CCTV, Taman, Jogging Track, CCTV, Jalur Telepon,  Keamanan",rumah,2.0,1.0,60.0,36.0,1.0,shm - sertifikat hak milik,1300 mah,0.0,0.0,1.0,0.0,2022.0,baru,selatan,1.0,unfurnished,Rendah,0,Rendah,0,2
466000000.0,Rumah Murah 1 Lantai Setaraf Real Estate Siap Huni,Gunung Sindur, Bogor," Jalur Telepon,  Jogging Track,  AC,  Kolam Renang, Masjid,  CCTV, Taman,  Keamanan",rumah,2.0,1.0,60.0,40.0,1.0,shm - sertifikat hak milik,1300 mah,0.0,0.0,1.0,0.0,2022.0,baru,tenggara,0.0,unfurnished,Rendah,0,Rendah,0,2
400000000.0,Rumah Murah 2 Lantai Siap Huni Cuma 5jt Free All In,Gunung Sindur, Bogor," AC,  Kolam Renang,  Taman,  CCTV, Jogging Track,  Masjid, Jalur Telepon,  Keamanan",rumah,2.0,1.0,60.0,40.0,1.0,shm - sertifikat hak milik,1300 mah,0.0,0.0,1.0,0.0,2022.0,baru,timur,0.0,unfurnished,Rendah,0,Rendah,0,2
400000000.0,Rumah Murah Hunian Masakini 1 Lantai Siap Huni,Gunung Sindur, Bogor," Jalur Telepon,  Jogging Track, Tempat Jemuran, Track Lari,  Kolam Renang,  Taman, Wastafel,  Masjid, CCTV, Jalur Telepon, Keamanan",rumah,2.0,1.0,60.0,40.0,1.0,shm - sertifikat hak milik,1300 mah,0.0,0.0,1.0,0.0,2022.0,baru,tenggara,0.0,unfurnished,Rendah,0,Rendah,0,2
375000000.0000001,Rumah Siap Huni Strategis Tengah 2Km Stasiun Citayam - Pintu Toll,Bojong Gede, Bogor," Pemanas Air, Jalur Telepon,  Kitchen Set,  Tempat Laundry,  Masjid,  Mesin Cuci,  CCTV, Masjid, Kulkas,  One Gate System, Wastafel,  Playground, Lapangan Bulu Tangkis, Taman, Keamanan 24 jam,  Taman,  AC,  Akses Parkir,  Keamanan,  Ac, Tempat Jemuran",rumah,2.0,1.0,60.0,45.0,1.0,shm - sertifikat hak milik,1300 mah,0.0,0.0,1.0,0.0,2022.0,baru,timur,0.0,unfurnished,Rendah,0,Rendah,0,2
100000000.0,DIJUAL RUMAH KPR DENGAN PERSYARATAN KTP DAN KK,Bojong Gede, Bogor,"Taman, Keamanan 24 jam,  Taman,  Masjid, Jalur Telepon, Track Lari, Masjid,  Jalur Telepon, AC,  Keamanan,  Ac, CCTV,  Jogging Track",rumah,2.0,1.0,55.0,36.0,1.0,shm - sertifikat hak milik,1300 mah,0.0,0.0,1.0,0.0,2022.0,baru,selatan,1.0,unfurnished,Rendah,0,Rendah,0,2
275000000.0,Rumah komplek dijual on progres siap huni strategis,Bojong Gede, Bogor,"Keamanan 24 jam,  Taman, Jalur Telepon,  CCTV, Masjid,  Jalur Telepon,  Akses Parkir, AC, Wastafel,  Ac,  One Gate System, Tempat Jemuran, Keamanan",rumah,2.0,1.0,60.0,40.0,1.0,shm - sertifikat hak milik,1300 mah,0.0,0.0,1.0,0.0,2022.0,baru,selatan,1.0,unfurnished,Rendah,0,Rendah,0,2
400000000.0,Hunian cantik dekat sts Bojong gede,Bojong Gede, Bogor,"Taman, Keamanan 24 jam,  Taman,  Masjid, Jalur Telepon, Track Lari, Masjid,  Jalur Telepon, AC,  Keamanan,  Ac, CCTV,  Jogging Track",rumah,2.0,1.0,84.0,45.0,1.0,shm - sertifikat hak milik,1300 mah,0.0,0.0,1.0,1.0,2021.0,baru,barat,2.0,unfurnished,Rendah,0,Rendah,0,3
400000000.0,Hunian cantik dekat sts Bojong gede,Bojong Gede, Bogor,"Taman, Keamanan 24 jam,  Taman,  Masjid, Jalur Telepon, Track Lari, Masjid,  Jalur Telepon, AC,  Keamanan,  Ac, CCTV,  Jogging Track",rumah,2.0,1.0,84.0,45.0,1.0,shm - sertifikat hak milik,1300 mah,0.0,0.0,1.0,1.0,2021.0,baru,barat,2.0,unfurnished,Rendah,0,Rendah,0,3
275000000.0,Rumah mewah dicitayam dekat stasiun KA on progres siap huni,Bojong Gede, Bogor," Taman,  Masjid, Jalur Telepon,  CCTV, AC, Wastafel,  Keamanan,  Ac, CCTV, Tempat Jemuran",rumah,2.0,1.0,60.0,40.0,1.0,shm - sertifikat hak milik,1300 mah,0.0,0.0,1.0,0.0,2022.0,baru,selatan,1.0,unfurnished,Rendah,0,Rendah,0,2
275000000.0,Rumah mewah dicitayam dekat stasiun KA on progres siap huni,Bojong Gede, Bogor," Taman,  Masjid, Jalur Telepon,  CCTV, AC, Wastafel,  Keamanan,  Ac, CCTV, Tempat Jemuran",rumah,2.0,1.0,60.0,40.0,1.0,shm - sertifikat hak milik,1300 mah,0.0,0.0,1.0,0.0,2022.0,baru,selatan,1.0,unfurnished,Rendah,0,Rendah,0,2
160000000.0,Rumah cash 2 kamar tidur 1 kamar mandi strategis bebas banjir,Bojong Gede, Bogor,"Keamanan 24 jam,  Taman,  Masjid, Jalur Telepon,  CCTV, Masjid,  Jalur Telepon, Ac,  Akses Parkir, AC, Wastafel,  Keamanan,  One Gate System, CCTV, Tempat Jemuran",rumah,2.0,1.0,42.0,42.0,1.0,shm - sertifikat hak milik,1300 mah,0.0,0.0,1.0,0.0,2022.0,baru,selatan,1.0,unfurnished,Rendah,0,Rendah,0,2
225000000.0,Rumah Minimalis Modern 10mnt Dari Stasiun Citayam,Bojong Gede, Bogor,"Taman, Keamanan 24 jam,  CCTV,  One Gate System, CCTV, Tempat Jemuran",rumah,2.0,1.0,60.0,36.0,1.0,shm - sertifikat hak milik,1300 mah,0.0,0.0,1.0,0.0,2022.0,baru,timur,0.0,unfurnished,Rendah,0,Rendah,0,2
150000000.0,RUMAH DIJUAL DENGAN SKEMA PEMBAYARAN KPR PRIBADI,Bojong Gede, Bogor," Jalur Telepon,  Ac,  Taman,  CCTV, Jogging Track,  Masjid, Keamanan",rumah,2.0,1.0,55.0,36.0,1.0,shm - sertifikat hak milik,1300 mah,0.0,0.0,1.0,0.0,2022.0,baru,selatan,1.0,unfurnished,Rendah,0,Rendah,0,2
135000000.0,DIJUAL RUMAH MURAH STRATEGIS 100JUTAAN,Bojong Gede, Bogor," Jalur Telepon,  Ac, Masjid,  Taman,  CCTV, Jogging Track,  Keamanan",rumah,2.0,1.0,38.0,38.0,0.0,shm - sertifikat hak milik,900 mah,0.0,0.0,1.0,0.0,2022.0,baru,selatan,0.0,unfurnished,Rendah,0,Rendah,0,2
100000000.0,Rumah KPR pribadi di susukan lokasi super strategis,Bojong Gede, Bogor," Jogging Track,  Taman,  CCTV, Ac,  Masjid, Jalur Telepon,  Keamanan",rumah,2.0,1.0,55.0,36.0,1.0,shm - sertifikat hak milik,1300 mah,0.0,0.0,1.0,0.0,2022.0,baru,selatan,1.0,unfurnished,Rendah,0,Rendah,0,2
100000000.0,KPR SYARIAH TANPA BI CHEKING DAN BUNGA,Bojong Gede, Bogor," Jalur Telepon,  Ac,  Jogging Track, Masjid,  Taman, CCTV,  Keamanan",rumah,2.0,1.0,55.0,36.0,0.0,shm - sertifikat hak milik,1300 mah,0.0,0.0,1.0,0.0,2022.0,baru,selatan,1.0,unfurnished,Rendah,0,Rendah,0,2
1700000000.0,"rumah di Bogor, Perumahan Elite dengan lokasi strategis - Nego sampai DEAL",Kedung Halang, Bogor," Taman, Kolam Renang,  Ac,  Jogging Track, Keamanan",rumah,2.0,2.0,84.0,96.0,1.0,shm - sertifikat hak milik,2200 mah,0.0,0.0,2.0,2.0,2020.0,baru,barat daya,0.0,semi furnished,Rendah,0,Sedang,2,3
450000000.0,Rumah Cantik Akses Stasiun dan tol dekat Pemda Bogor,Cibinong, Bogor,"Taman,  Masjid,  CCTV,  Jalur Telepon, Keamanan",rumah,2.0,1.0,72.0,72.0,1.0,shm - sertifikat hak milik,1300 mah,0.0,0.0,1.0,0.0,2022.0,baru,utara,0.0,unfurnished,Rendah,0,Rendah,0,2
649000000.0,Rumah Ala Jepang Dengan Rofftop di Pakansari 10 Menit Stadion Pakansari,Cibinong, Bogor,"Taman, Keamanan 24 jam, AC, Track Lari, Wastafel",rumah,2.0,1.0,68.0,36.0,1.0,shm - sertifikat hak milik,lainnya mah,0.0,0.0,1.0,0.0,2022.0,baru,selatan,0.0,furnished,Rendah,0,Rendah,0,2
688000000.0,15 Juta All In Rumah Ala Jepang di Pakansari,Cibinong, Bogor,"Keamanan 24 jam, Taman, AC, Wastafel,  One Gate System, Track Lari, Tempat Jemuran",rumah,2.0,1.0,74.0,36.0,1.0,shm - sertifikat hak milik,1300 mah,0.0,0.0,1.0,0.0,2022.0,baru,selatan,0.0,unfurnished,Rendah,0,Rendah,0,2
400000000.0,Rumah murah di cibinong,Cibinong, Bogor,"Taman, Keamanan 24 jam,  Taman,  Masjid, Jalur Telepon, Track Lari,  CCTV, Masjid,  Jalur Telepon, Ac, AC,  Keamanan, CCTV,  Jogging Track",rumah,2.0,1.0,80.0,48.0,1.0,shm - sertifikat hak milik,1300 mah,0.0,0.0,1.0,0.0,2022.0,baru,selatan,1.0,unfurnished,Rendah,0,Rendah,0,2
200000000.0,Rumah murah solusi upgrade dari kontrakan di Cibinong Bogor,Cibinong, Bogor,Taman,rumah,2.0,1.0,72.0,36.0,1.0,hgb - hak guna bangunan,1300 mah,0.0,0.0,1.0,0.0,2022.0,baru,timur,1.0,unfurnished,Rendah,0,Rendah,0,2
499999999.9999999,Special promo Harga Terbaik,Cibinong, Bogor,"Taman, Keamanan 24 jam,  Taman,  Masjid, Jalur Telepon,  One Gate System,  CCTV, Masjid,  Jalur Telepon, AC, Wastafel,  Keamanan,  Ac, CCTV, Tempat Jemuran",rumah,3.0,2.0,60.0,54.0,2.0,shm - sertifikat hak milik,2200 mah,0.0,0.0,2.0,0.0,2022.0,baru,barat,2.0,unfurnished,Rendah,0,Rendah,0,0
600000000.0,2Lantai Harga 1 Lantai ! Bebas coustem,Cibinong, Bogor,"Keamanan 24 jam,  Taman,  Masjid, Jalur Telepon,  CCTV, Masjid, Ac, AC, Wastafel,  Keamanan,  One Gate System, Tempat Jemuran",rumah,3.0,2.0,70.0,54.0,2.0,shm - sertifikat hak milik,2200 mah,0.0,0.0,2.0,0.0,2022.0,butuh renovasi,barat,2.0,unfurnished,Rendah,0,Rendah,0,0
560000000.0,Towhouse Bonus Canopi Lokasi Strategis Dekat Ke Pemda dan Mall Cibinong,Cibinong, Bogor,"Track Lari,  Taman,  CCTV, Taman, Wastafel, Jogging Track, CCTV, Keamanan",rumah,2.0,1.0,64.0,40.0,1.0,shm - sertifikat hak milik,1300 mah,0.0,0.0,1.0,0.0,2022.0,baru,timur,0.0,unfurnished,Rendah,0,Rendah,0,2
600000000.0,Extra Balkon minimalis moderen,Cibinong, Bogor,"Tempat Jemuran,  Ac,  One Gate System, Masjid, Keamanan 24 jam,  Taman,  CCTV, Taman, Wastafel, AC,  Masjid, Jalur Telepon,  Keamanan",rumah,3.0,2.0,70.0,54.0,2.0,shm - sertifikat hak milik,2200 mah,0.0,0.0,2.0,0.0,2022.0,baru,timur,2.0,unfurnished,Rendah,0,Rendah,0,0
655000000.0,Rumah dengan gaya jepang dekat Tol sentul dan stadio pakan sari,Cibinong, Bogor," Ac, Taman, AC,  Masjid, CCTV,  Keamanan",rumah,2.0,1.0,78.0,36.0,1.0,shm - sertifikat hak milik,1300 mah,0.0,0.0,1.0,0.0,2022.0,baru,timur,0.0,unfurnished,Rendah,0,Rendah,0,2
499999999.9999999,Termurah sejagad,Cibinong, Bogor," Jalur Telepon,  Ac,  CCTV, Taman, AC,  Masjid, CCTV, Jalur Telepon, Keamanan",rumah,3.0,2.0,60.0,54.0,2.0,shm - sertifikat hak milik,2200 mah,0.0,0.0,2.0,0.0,2022.0,baru,barat,2.0,unfurnished,Rendah,0,Rendah,0,0
600000000.0,3K.Tidur/2K.Mandi,Cibinong, Bogor," Jalur Telepon,  Ac, Masjid, Keamanan 24 jam,  Taman, Taman, AC,  Masjid, CCTV, Jalur Telepon, Keamanan",rumah,3.0,2.0,70.0,54.0,2.0,shm - sertifikat hak milik,2200 mah,0.0,0.0,2.0,0.0,2022.0,baru,timur,2.0,unfurnished,Rendah,0,Rendah,0,0
999000000.0,Rumah Cluster 2 Lantai Siap Huni di Pondok Rajeg Cibinong,Cibinong, Bogor,"Kolam Renang,  Taman, Taman, Ac, AC,  Keamanan",rumah,3.0,2.0,72.0,90.0,1.0,shm - sertifikat hak milik,2200 mah,0.0,0.0,2.0,0.0,2022.0,baru,selatan,0.0,unfurnished,Rendah,0,Sedang,2,0
185000000.0,Rumah Semi Mewah Design Compact House di Citayam 10mnt Ke Stasiun,Cibinong, Bogor," One Gate System, Akses Parkir, Keamanan 24 jam,  Taman,  CCTV, Taman, Jalur Telepon",rumah,2.0,1.0,50.0,36.0,1.0,shm - sertifikat hak milik,1300 mah,0.0,0.0,1.0,0.0,2022.0,baru,timur,0.0,unfurnished,Rendah,0,Rendah,0,2
499999999.9999999,Rumah jual cepat,Cibinong, Bogor," Taman,  CCTV, Ac,  Masjid, Jalur Telepon,  Keamanan",rumah,3.0,2.0,60.0,54.0,2.0,shm - sertifikat hak milik,2200 mah,0.0,0.0,2.0,0.0,2022.0,baru,timur,2.0,unfurnished,Rendah,0,Rendah,0,0
589999999.9999999,rumah murah angsuran terjangkau di jantung kota cibinong,Cibinong, Bogor," Jalur Telepon, Ac,  Keamanan, Taman",rumah,2.0,1.0,72.0,45.0,1.0,shm - sertifikat hak milik,1300 mah,0.0,0.0,1.0,0.0,2022.0,baru,timur,1.0,unfurnished,Rendah,0,Rendah,0,2
599000000.0000001,CLUSTER 1LANTAI DI LOKASI STRATEGIS DEKAT KANTOR PEMDA,Cibinong, Bogor," Ac,  Taman,  CCTV, Jalur Telepon, Keamanan",rumah,2.0,1.0,72.0,45.0,1.0,shm - sertifikat hak milik,1300 mah,0.0,0.0,1.0,1.0,2021.0,baru,timur,1.0,unfurnished,Rendah,0,Rendah,0,3
514000000.0,KPR RUMAH MURAH ANGSURAN RINGAN FREE BIAYA BIAYA,Cibinong, Bogor," Taman,  CCTV, Ac,  Masjid, Jalur Telepon,  Keamanan",rumah,2.0,1.0,72.0,42.0,1.0,shm - sertifikat hak milik,1300 mah,0.0,0.0,1.0,0.0,2022.0,baru,timur,0.0,unfurnished,Rendah,0,Rendah,0,2
624000000.0,RUMAH SIAP HUNI DI CIBINONG KPR 100% DI BANTU SAMPAI ACC,Cibinong, Bogor," Jalur Telepon,  Ac,  Jogging Track,  Taman, CCTV, Keamanan",rumah,2.0,1.0,84.0,48.0,1.0,shm - sertifikat hak milik,1300 mah,0.0,0.0,1.0,1.0,2021.0,baru,barat,1.0,unfurnished,Rendah,0,Rendah,0,3
624000000.0,RUMAH SIAP HUNI DI CIBINONG KPR 100% DI BANTU SAMPAI ACC,Cibinong, Bogor," Jalur Telepon,  Ac,  Jogging Track,  Taman, CCTV, Keamanan",rumah,2.0,1.0,84.0,48.0,1.0,shm - sertifikat hak milik,1300 mah,0.0,0.0,1.0,1.0,2021.0,baru,barat,1.0,unfurnished,Rendah,0,Rendah,0,3
494000000.0,Rumah siap huni di cibinong angsuran murah banget,Cibinong, Bogor," Jalur Telepon,  Ac,  Taman,  CCTV, Jogging Track, Keamanan",rumah,2.0,1.0,69.0,41.0,1.0,shm - sertifikat hak milik,1300 mah,0.0,0.0,1.0,1.0,2021.0,baru,timur,1.0,unfurnished,Rendah,0,Rendah,0,3
594000000.0,DIJUAL RUMAH KPR MURAH DI CIBINONG FREE BIAYA²,Cibinong, Bogor," Ac,  Jogging Track,  CCTV, Taman,  Masjid, Jalur Telepon,  Keamanan",rumah,2.0,1.0,72.0,45.0,1.0,shm - sertifikat hak milik,1300 mah,0.0,0.0,1.0,0.0,2022.0,baru,timur,1.0,unfurnished,Rendah,0,Rendah,0,2
499000000.0,Rumah KPR di lokasi Strategis dekat Pakansari Tanpa DP,Cibinong, Bogor,"Jalur Telepon, Ac,  Taman",rumah,2.0,1.0,63.0,41.0,1.0,shm - sertifikat hak milik,1300 mah,0.0,0.0,1.0,1.0,2021.0,baru,timur,1.0,unfurnished,Rendah,0,Rendah,0,3
499000000.0,Rumah 1 lantai dekat perkantoran pemda Cibinong Tanpa DP,Cibinong, Bogor," Jalur Telepon, Ac, Taman",rumah,2.0,1.0,63.0,41.0,1.0,shm - sertifikat hak milik,1300 mah,0.0,0.0,1.0,1.0,2021.0,baru,timur,1.0,unfurnished,Rendah,0,Rendah,0,3
599000000.0000001,Rumah Cluster Minimalis Di Lokasi Strategis Tanpa Dp Hanya 5jt All In Di Tengah Pemda Cibinong,Cibinong, Bogor," Jalur Telepon,  CCTV, Ac, Taman,  Keamanan",rumah,2.0,1.0,72.0,45.0,1.0,shm - sertifikat hak milik,1300 mah,0.0,0.0,1.0,1.0,2021.0,baru,timur,1.0,unfurnished,Rendah,0,Rendah,0,3
599000000.0000001,Rumah di Jalan haji minggu SHM Tanpa DP,Cibinong, Bogor," Ac,  Taman,  CCTV, Jalur Telepon, Keamanan",rumah,2.0,1.0,72.0,45.0,1.0,shm - sertifikat hak milik,1300 mah,0.0,0.0,1.0,1.0,2021.0,baru,timur,1.0,unfurnished,Rendah,0,Rendah,0,3
600000000.0,"Rumah desain kekinian harga 600 jutaan ,terdapat juga 2 lantai harga 800 an di jalan raya kerdenan Cibinong dekat stasiun Bojonggede,mall ccm, kantor Pemda Cibinong",Cibinong, Bogor," Jalur Telepon,  Jogging Track,  Taman, Ac,  Masjid, CCTV,  Keamanan",rumah,2.0,1.0,77.0,36.0,1.0,shm - sertifikat hak milik,1300 mah,0.0,0.0,1.0,0.0,2022.0,baru,barat,0.0,unfurnished,Rendah,0,Rendah,0,2
700000000.0,2 LANTAI  MEWAH Lengkap FASILITAS DI BOGOR,Sentul, Bogor,"Taman, Keamanan 24 jam,  Kolam Renang, Jalur Telepon, Track Lari,  CCTV,  Jalur Telepon, Kolam Renang, AC,  Keamanan,  Ac, CCTV,  Jogging Track",rumah,3.0,3.0,90.0,80.0,2.0,shm - sertifikat hak milik,2200 mah,0.0,0.0,2.0,0.0,2022.0,bagus,timur,1.0,unfurnished,Rendah,0,Rendah,0,0
770000000.0,DP 0 Rumah Mewah 2 Lantai Deket Tol dan Stasiun,Sentul, Bogor," Jogging Track,  CCTV, Taman,  Masjid, Jalur Telepon,  Keamanan",rumah,3.0,2.0,77.0,60.0,1.0,shm - sertifikat hak milik,2200 mah,0.0,0.0,2.0,0.0,2022.0,baru,timur,1.0,unfurnished,Rendah,0,Rendah,0,0
1890000000.0,Rumah Cantik di Dataran Tinggi Pinewood Ext 7x16 Summarecon Bogor,Sukaraja, Bogor,"Taman,  Kolam Renang, Akses Parkir, Keamanan 24 jam,  Taman,  Playground,  One Gate System, Track Lari",rumah,2.0,3.0,112.0,110.0,0.0,hgb - hak guna bangunan,2200 mah,1.0,1.0,2.0,0.0,2022.0,baru,selatan,1.0,unfurnished,Rendah,0,Sedang,2,1
2380000000.0,Rumah Adem Pemandangan Gunung Pinewood 9x16 Summarecon Bogor,Sukaraja, Bogor,"Keamanan 24 jam,  Kolam Renang, Akses Parkir,  Taman, Jalur Telepon,  Playground, Track Lari",rumah,2.0,3.0,144.0,136.0,2.0,shm - sertifikat hak milik,2200 mah,1.0,1.0,2.0,0.0,2022.0,baru,selatan,0.0,unfurnished,Sedang,2,Sedang,2,1
630000000.0,Rumah 1 Lantai Bernuansa Vila Di kota Bogor,Tanah Sareal, Bogor,"Taman,  Taman,  Track Lari,  Lapangan Voli,  CCTV, Masjid,  Lapangan Bulu Tangkis, Kolam Renang, AC,  Tempat Gym, Wastafel,  Keamanan,  Ac, Lapangan Bola, Tempat Jemuran,  Jogging Track, Lapangan Basket",rumah,2.0,1.0,36.0,90.0,2.0,shm - sertifikat hak milik,2200 mah,0.0,0.0,1.0,0.0,2022.0,bagus,selatan,0.0,unfurnished,Rendah,0,Sedang,2,2
466999999.9999999,Rumah Minimalist 2lantai Harga 400 Jutaan,Tanah Sareal, Bogor," Jalur Telepon,  Jogging Track,  AC, Kolam Renang,  Taman,  Masjid, CCTV,  Keamanan",rumah,2.0,2.0,60.0,49.0,0.0,shm - sertifikat hak milik,2200 mah,0.0,1.0,2.0,0.0,2022.0,baru,selatan,1.0,furnished,Rendah,0,Rendah,0,2
530000000.0,"Minimalis 2 lantai Baru ! Cibinong,pemda-Bogor",Bogor Barat, Bogor,"Taman,  Taman,  Masjid, Jalur Telepon,  CCTV,  Jalur Telepon, AC, Wastafel,  Keamanan,  Ac, CCTV, Tempat Jemuran",rumah,3.0,2.0,64.0,54.0,2.0,shm - sertifikat hak milik,2200 mah,0.0,0.0,2.0,0.0,2022.0,baru,selatan,2.0,unfurnished,Rendah,0,Rendah,0,0
570000000.0,Rumah Siap Huni Di Cibubur Dekat Kota Wisata,Cibubur, Bogor,"Taman, Keamanan 24 jam,  Taman, Track Lari,  CCTV, Masjid, Kitchen Set,  Playground, AC,  One Gate System, Lapangan Bola",rumah,2.0,1.0,69.0,72.0,1.0,shm - sertifikat hak milik,1300 mah,0.0,0.0,1.0,0.0,2022.0,baru,timur,1.0,semi furnished,Rendah,0,Rendah,0,2
2000000000.0,"Dijual cepat rumah bagus di perumahan kota wisata, lokasi strategis.",Cibubur, Bogor," Jalur Telepon,  Ac,  Kolam Renang, Masjid,  Taman, Jogging Track,  Keamanan",rumah,3.0,3.0,120.0,160.0,1.0,shm - sertifikat hak milik,2200 mah,1.0,1.0,2.0,2.0,2020.0,sudah renovasi,barat daya,0.0,semi furnished,Rendah,0,Tinggi,3,3
545999999.9999999,Rumah Modern Sakura Indica di Timur Jakarta Fasilitas Lengkap,Cibubur, Bogor," Jogging Track,  Kolam Renang,  AC, Masjid, Kitchen Set,  CCTV, Taman, Wastafel,  Keamanan",rumah,2.0,1.0,60.0,30.000000000000007,1.0,shm - sertifikat hak milik,1300 mah,0.0,0.0,1.0,0.0,2022.0,baru,timur,0.0,unfurnished,Rendah,0,Rendah,0,2
1350000000.0,Rumah siap huni di bogor kota SHM,Kota Wisata, Bogor,"Taman,  Taman,  Masjid, Kitchen Set,  AC, Jogging Track, AC,  Keamanan, Track Lari, Wastafel",rumah,3.0,2.0,94.0,96.0,1.0,shm - sertifikat hak milik,2200 mah,0.0,0.0,1.0,0.0,2022.0,baru,timur,0.0,semi furnished,Rendah,0,Sedang,2,2
700000000.0,Ada Cluster berkualitas harga terjangkau Bonus Motor,Kota Wisata, Bogor," Jalur Telepon, Masjid,  Taman, Wastafel, Jalur Telepon, Keamanan",rumah,2.0,1.0,90.0,45.0,1.0,shm - sertifikat hak milik,1300 mah,0.0,0.0,1.0,0.0,2022.0,baru,selatan,0.0,unfurnished,Rendah,0,Rendah,0,2
699000000.0,Cluster Mewah harga murah strategis bonus Honda Scoopy,Kota Wisata, Bogor," Ac, Jalur Telepon, Masjid,  Keamanan",rumah,2.0,1.0,90.0,45.0,1.0,shm - sertifikat hak milik,1300 mah,0.0,0.0,1.0,0.0,2022.0,baru,utara,0.0,unfurnished,Rendah,0,Rendah,0,2
4100000000.0,Atherton Kota Wisata Rumah Cluster Premium Kota Wisata Cibubur,Kota Wisata, Bogor,"Tempat Jemuran,  Taman, Wastafel, CCTV, Jalur Telepon",rumah,4.0,4.0,180.0,237.0,2.0,shm - sertifikat hak milik,4400 mah,1.0,1.0,3.0,1.0,2021.0,baru,utara,0.0,unfurnished,Tinggi,3,Sangat Tinggi,1,1
4600000000.0,Rumah Kotawisata Cluster Baru Termewah Free DP,Kota Wisata, Bogor," Jalur Telepon,  Ac,  Jogging Track, Kolam Renang,  Taman,  Masjid, CCTV,  Keamanan",rumah,4.0,3.0,180.0,237.0,2.0,shm - sertifikat hak milik,2200 mah,1.0,1.0,3.0,0.0,2022.0,baru,timur,0.0,unfurnished,Tinggi,3,Sangat Tinggi,1,1
1350000000.0,Rumah siap huni harga murah di kota bogor,Bojongsari, Bogor,"Taman,  Masjid, Kitchen Set, Masjid,  AC, AC,  One Gate System, Track Lari, Wastafel,  Jogging Track",rumah,3.0,2.0,94.0,96.0,1.0,shm - sertifikat hak milik,2200 mah,0.0,0.0,1.0,0.0,2022.0,baru,timur,0.0,semi furnished,Rendah,0,Sedang,2,2
755000000.0,Rumah Murah 2 Lantai Hunian Elegan Eksekutif Lokasi Strategis,Curug, Bogor,"Taman, Keamanan 24 jam,  Taman, Jalur Telepon, Masjid,  Jalur Telepon,  Akses Parkir,  Keamanan,  One Gate System, Track Lari, Tempat Jemuran,  Jogging Track",rumah,3.0,2.0,78.0,60.0,1.0,shm - sertifikat hak milik,1300 mah,0.0,0.0,2.0,0.0,2022.0,baru,timur,0.0,unfurnished,Rendah,0,Rendah,0,0
785000000.0,Rumah Elegan 2 Lantai SHM Lokasi Strategis Bebas Banjir,Curug, Bogor,"Taman, Keamanan 24 jam,  Taman,  Masjid, Jalur Telepon, Masjid,  Keamanan,  One Gate System, Track Lari, Tempat Jemuran,  Jogging Track",rumah,3.0,2.0,85.0,60.0,1.0,shm - sertifikat hak milik,1300 mah,0.0,0.0,2.0,0.0,2022.0,baru,utara,0.0,unfurnished,Rendah,0,Rendah,0,0
685000000.0,Rumah Mewah 2 Lantai SHM Lokasi Strategis Bebas Banjir,Curug, Bogor,"Keamanan 24 jam,  Taman,  Masjid, Jalur Telepon, Masjid, Jogging Track,  Keamanan,  One Gate System, Track Lari, Tempat Jemuran",rumah,3.0,2.0,64.0,60.0,1.0,shm - sertifikat hak milik,1300 mah,0.0,0.0,2.0,0.0,2022.0,baru,timur,0.0,unfurnished,Rendah,0,Rendah,0,0
400000000.0,Rumah minimalis dekat sts Bojong gede,Bojong, Bogor,"Jalur Telepon,  Track Lari,  Jalur Telepon,  Lapangan Bulu Tangkis, Keamanan,  Tempat Laundry,  CCTV, Masjid,  One Gate System, Wastafel,  Playground, Lapangan Bola,  Jogging Track, Keamanan 24 jam,  Taman,  Akses Parkir, AC,  Ac, Tempat Jemuran, Lapangan Basket",rumah,2.0,1.0,72.0,36.0,1.0,shm - sertifikat hak milik,1300 mah,0.0,0.0,1.0,0.0,2022.0,baru,selatan,1.0,unfurnished,Rendah,0,Rendah,0,2
280000000.0,Rumah Cantik di Pabuaran Harga Nego,Bojong, Bogor,Tempat Jemuran,rumah,2.0,1.0,50.0,40.0,1.0,"lainnya (ppjb,girik,adat,dll)",1300 mah,0.0,0.0,1.0,0.0,2022.0,bagus,barat,0.0,unfurnished,Rendah,0,Rendah,0,2
992000000.0,Di jual rumah di permu kayu manis Residence Bogor,Tanah Baru, Bogor," Jalur Telepon,  Ac,  Jogging Track,  Kolam Renang, Masjid,  Taman,  CCTV, Keamanan",rumah,2.0,2.0,75.0,84.0,0.0,shm - sertifikat hak milik,2200 mah,0.0,0.0,2.0,0.0,2022.0,bagus,timur,0.0,unfurnished,Rendah,0,Rendah,0,2
798000000.0,Rumah Ready Stok  Free DP 10 % Di Milennium City,Parung Panjang, Bogor,"Keamanan 24 jam, Taman,  Taman, Jogging Track, Track Lari, Keamanan",rumah,2.0,2.0,60.0,61.0,2.0,hgb - hak guna bangunan,2200 mah,0.0,0.0,2.0,2.0,2020.0,baru,utara,0.0,unfurnished,Rendah,0,Rendah,0,3
589999999.9999999,Cluster Dalton 2 Lantai di Millenium City,Parung Panjang, Bogor,"Track Lari, Jogging Track,  Taman, Keamanan",rumah,2.0,2.0,60.0,40.0,2.0,hgb - hak guna bangunan,lainnya mah,0.0,0.0,2.0,0.0,2022.0,baru,selatan,0.0,unfurnished,Rendah,0,Rendah,0,0
749000000.0,de'LORA @Parung Panjang ✅ LOKASI Strategis,Parung Panjang, Bogor,"Lapangan Voli,  Track Lari, Keamanan, Kolam Renang,  Tempat Gym, Wastafel,  Jogging Track, Lapangan Basket",rumah,3.0,1.0,72.0,48.0,1.0,"lainnya (ppjb,girik,adat,dll)",2200 mah,0.0,0.0,1.0,0.0,2022.0,baru,selatan,0.0,unfurnished,Rendah,0,Rendah,0,2
674000000.0,de'LORA @Parung Panjang ✅ LOKASI Strategis,Parung Panjang, Bogor," Track Lari,  Lapangan Voli, Keamanan, Kolam Renang, Lapangan Bulu Tangkis,  Tempat Gym, Wastafel,  Jogging Track, Lapangan Basket",rumah,2.0,1.0,72.0,39.0,1.0,"lainnya (ppjb,girik,adat,dll)",2200 mah,0.0,0.0,1.0,0.0,2022.0,baru,selatan,0.0,unfurnished,Rendah,0,Rendah,0,2
516000000.0,"de'LORA @Parung Panjang, Hunian Nyaman Nuansa Resortssn ✅ Lokasi strategi",Parung Panjang, Bogor,"Lapangan Voli, Kolam Renang,  Tempat Gym, Wastafel, Keamanan, Lapangan Basket",rumah,2.0,1.0,60.0,27.0,1.0,"lainnya (ppjb,girik,adat,dll)",2200 mah,0.0,0.0,1.0,0.0,2022.0,baru,selatan,0.0,unfurnished,Rendah,0,Rendah,0,2
655000000.0,"Rumah 2 lantai harga murah di pamulang, langsung pesan unitnya!",Parung Panjang, Bogor," Taman,  Masjid, Jalur Telepon,  Track Lari,  Jalur Telepon, Kulkas,  AC, Jogging Track, Lapangan Bulu Tangkis, Wastafel,  Ac, Lapangan Bola, Tempat Jemuran, Keamanan",rumah,3.0,2.0,64.0,60.0,1.0,shm - sertifikat hak milik,1300 mah,0.0,0.0,2.0,0.0,2022.0,baru,timur,2.0,semi furnished,Rendah,0,Rendah,0,0
168000000.0,Rumah Subsidi Dekat Stasiun KRL Tenjo dan Dekat dengan tol,Parung Panjang, Bogor," Masjid,  Jogging Track, Keamanan, Taman",rumah,1.0,1.0,66.0,24.0,0.0,hgb - hak guna bangunan,1300 mah,0.0,0.0,1.0,0.0,2022.0,baru,selatan,0.0,unfurnished,Rendah,0,Rendah,0,2
400000000.0,Rumah Modern Murah 1 Lantai Siap Huni Dp 5jt,Parung Panjang, Bogor," Jalur Telepon,  Jogging Track,  AC, Masjid, Kolam Renang,  Taman,  CCTV,  Keamanan",rumah,2.0,1.0,60.0,40.0,1.0,shm - sertifikat hak milik,1300 mah,0.0,0.0,1.0,0.0,2022.0,baru,tenggara,0.0,unfurnished,Rendah,0,Rendah,0,2
400000000.0,Rumah Murah 2 Lantai Siap Huni Dp Cuma 5jt,Parung Panjang, Bogor," Jalur Telepon, AC,  Kolam Renang,  Taman,  CCTV, Jogging Track,  Masjid,  Keamanan",rumah,2.0,1.0,60.0,40.0,1.0,shm - sertifikat hak milik,1300 mah,0.0,0.0,1.0,0.0,2022.0,baru,timur,0.0,unfurnished,Rendah,0,Rendah,0,2
499999999.9999999,Rumah 2 Lantai Exclusive Fasilitas Smart Home Bonus Kanopi Cantik,Cikeas, Bogor,"Keamanan 24 jam,  Taman,  Masjid, Jalur Telepon, Track Lari,  CCTV, Masjid,  AC,  Playground,  One Gate System,  Jogging Track, Keamanan, Lapangan Basket",rumah,2.0,2.0,60.0,48.0,1.0,shm - sertifikat hak milik,2200 mah,0.0,0.0,1.0,0.0,2022.0,bagus,selatan,1.0,unfurnished,Rendah,0,Rendah,0,2
1350000000.0,Rumah 2 lantai asri siap huni di bogor kota SHM,Cikeas, Bogor,"Taman,  Taman,  Masjid, Kitchen Set, Ac, Jogging Track, AC,  Keamanan, Track Lari, Tempat Jemuran",rumah,3.0,2.0,94.0,96.0,1.0,shm - sertifikat hak milik,2200 mah,0.0,0.0,2.0,1.0,2021.0,baru,selatan,0.0,semi furnished,Rendah,0,Sedang,2,3
619000000.0,Rumah Minimalis Modern Termurah Ready Stock Dalam Cluster Cikeas Residence,Cikeas, Bogor," Pemanas Air, Jalur Telepon,  Track Lari,  Lapangan Bulu Tangkis,  Kolam Ikan, Lapangan Tenis,  Tempat Laundry,  Masjid,  Lapangan Basket,  CCTV, Masjid, Kitchen Set,  One Gate System, Wastafel,  Playground, Lapangan Bola,  Jogging Track,  Kolam Renang, Taman,  Taman, Keamanan 24 jam,  Lapangan Voli,  AC,  Akses Parkir,  Tempat Gym,  Keamanan,  Ac, Tempat Jemuran",rumah,2.0,1.0,90.0,36.0,1.0,shm - sertifikat hak milik,1300 mah,0.0,0.0,1.0,1.0,2021.0,baru,timur,1.0,unfurnished,Rendah,0,Rendah,0,3
551000000.0,Rumah 2 kamar termurah model Scandinavian,Cikeas, Bogor," Jalur Telepon, Tempat Jemuran, Lapangan Bola,  Akses Parkir,  One Gate System, Masjid, Keamanan 24 jam,  Taman,  Tempat Laundry,  CCTV,  Playground, Wastafel, Jalur Telepon, Keamanan, Lapangan Basket",rumah,2.0,1.0,70.0,36.0,1.0,shm - sertifikat hak milik,1300 mah,0.0,0.0,1.0,0.0,2022.0,baru,timur,1.0,furnished,Rendah,0,Rendah,0,2
551000000.0,Rumah model Scandinavian termurah di dekat tol cimanggis,Cikeas, Bogor,"Tempat Jemuran, Lapangan Bola,  Taman, Wastafel,  Masjid, CCTV, Jalur Telepon,  Keamanan, Lapangan Basket",rumah,2.0,1.0,70.0,36.0,1.0,shm - sertifikat hak milik,1300 mah,0.0,0.0,1.0,0.0,2022.0,baru,timur,1.0,unfurnished,Rendah,0,Rendah,0,2
551000000.0,Rumah Scandinavian style cicilan murah di Cikeas residence,Cikeas, Bogor," Jalur Telepon, Masjid,  CCTV, Wastafel, AC, Jalur Telepon, Tempat Jemuran, Lapangan Bola,  Akses Parkir,  One Gate System, Keamanan 24 jam,  Taman,  Tempat Laundry, Ac,  Playground,  Masjid,  Keamanan, Lapangan Basket, Jogging Track,  Track Lari",rumah,2.0,1.0,70.0,36.0,1.0,shm - sertifikat hak milik,1300 mah,0.0,0.0,1.0,0.0,2022.0,baru,timur,1.0,unfurnished,Rendah,0,Rendah,0,2
908000000.0,Rumah Taman Posisi Hook Dalam Cluster di Cikeas Residence Dekat Toll dan LRT Cimanggis Depok,Cikeas, Bogor," Jalur Telepon,  Jogging Track, Track Lari,  Taman, Ac, Taman, AC,  Masjid, CCTV, Jalur Telepon,  Keamanan",rumah,2.0,1.0,125.0,48.0,1.0,shm - sertifikat hak milik,1300 mah,0.0,0.0,1.0,2.0,2020.0,baru,timur,1.0,semi furnished,Rendah,0,Rendah,0,3
651000000.0,CLUSTER SIAP HUNI DI CIKEAS CICILAN 2 JUTAAN SERTIFIKAT SHM,Cikeas, Bogor," Jogging Track, Track Lari,  Taman, Ac, Taman, AC,  Masjid, Keamanan",rumah,2.0,1.0,84.0,45.0,1.0,shm - sertifikat hak milik,1300 mah,0.0,0.0,1.0,0.0,2022.0,baru,timur,0.0,unfurnished,Rendah,0,Rendah,0,2
651000000.0,RUMAH SIAP HUNI TERMURAH DI CIKEAS SERTIFIKAT SHM,Cikeas, Bogor," Jogging Track, Track Lari, Masjid, Keamanan 24 jam,  Taman, Ac, Taman, AC,  Masjid,  Keamanan",rumah,2.0,1.0,84.0,45.0,1.0,shm - sertifikat hak milik,1300 mah,0.0,0.0,1.0,0.0,2022.0,baru,timur,0.0,unfurnished,Rendah,0,Rendah,0,2
651000000.0,RUMAH STRATEGIS SIAP HUNI DI CIKEAS SERTIFIKAT SHM,Cikeas, Bogor,"AC,  Ac, Track Lari, Masjid, Keamanan 24 jam,  Taman, Taman, Jogging Track,  Keamanan",rumah,2.0,1.0,84.0,45.0,1.0,shm - sertifikat hak milik,1300 mah,0.0,0.0,1.0,0.0,2022.0,baru,timur,0.0,unfurnished,Rendah,0,Rendah,0,2
1070000000.0,Rumah 2 Lantai Termurah Promo Khusus September Ceria di Cikeas,Cikeas, Bogor," Jogging Track, Track Lari,  Taman,  CCTV, Ac, Taman, AC,  Masjid, CCTV, Jalur Telepon,  Keamanan",rumah,3.0,3.0,84.0,95.0,1.0,shm - sertifikat hak milik,2200 mah,1.0,1.0,1.0,2.0,2020.0,baru,timur,1.0,semi furnished,Rendah,0,Sedang,2,3
534999999.9999999,RUMAH STRATEGIS SIAP HUNI DI CIKEAS SERTIFIKAT SHM,Cikeas, Bogor," Jogging Track, Track Lari, Masjid, Keamanan 24 jam,  Taman, Ac, Taman, AC,  Masjid,  Keamanan",rumah,2.0,1.0,70.0,36.0,1.0,shm - sertifikat hak milik,1300 mah,0.0,0.0,1.0,0.0,2022.0,baru,timur,0.0,unfurnished,Rendah,0,Rendah,0,2
534999999.9999999,RUMAH DIJUAL SIAP HUNI DI CIKEAS SERTIFIKAT SHM,Cikeas, Bogor," Jogging Track, Track Lari, Ac, Taman, AC,  Masjid,  Keamanan",rumah,2.0,1.0,70.0,36.0,1.0,shm - sertifikat hak milik,1300 mah,0.0,0.0,1.0,0.0,2022.0,baru,timur,0.0,unfurnished,Rendah,0,Rendah,0,2
551000000.0,Rumah SHM Baru free biaya KPR,Cikeas, Bogor," Jalur Telepon,  Ac,  Jogging Track, Taman,  Masjid, CCTV,  Keamanan",rumah,2.0,1.0,70.0,36.0,1.0,shm - sertifikat hak milik,1300 mah,0.0,0.0,1.0,0.0,2022.0,baru,barat,0.0,unfurnished,Rendah,0,Rendah,0,2
551000000.0,Rumah Baru sudah SHM free biaya KPR,Cikeas, Bogor," Jalur Telepon,  Taman,  CCTV, Ac, Jogging Track,  Masjid,  Keamanan",rumah,2.0,1.0,70.0,36.0,1.0,shm - sertifikat hak milik,1300 mah,0.0,0.0,1.0,0.0,2022.0,baru,barat,0.0,unfurnished,Rendah,0,Rendah,0,2
551000000.0,Rumah type baru model Scandinavian,Cikeas, Bogor," Ac,  Jogging Track,  CCTV, Taman,  Masjid, Jalur Telepon,  Keamanan",rumah,2.0,1.0,70.0,36.0,1.0,shm - sertifikat hak milik,1300 mah,0.0,0.0,1.0,0.0,2022.0,baru,timur,0.0,unfurnished,Rendah,0,Rendah,0,2
661000000.0,Rumah murah promo di akhir Agustus,Cikeas, Bogor," Jalur Telepon,  Taman,  CCTV, Ac, Jogging Track,  Masjid,  Keamanan",rumah,2.0,1.0,84.0,40.0,1.0,shm - sertifikat hak milik,1300 mah,0.0,0.0,1.0,0.0,2022.0,baru,timur,0.0,unfurnished,Rendah,0,Rendah,0,2
1160000000.0,Rumah 2 lantai siap huni sudah SHM,Cikeas, Bogor," Jalur Telepon,  Ac, Masjid,  Taman,  CCTV, Jogging Track,  Keamanan",rumah,3.0,3.0,84.0,95.0,1.0,shm - sertifikat hak milik,2200 mah,1.0,1.0,1.0,0.0,2022.0,baru,timur,0.0,unfurnished,Rendah,0,Sedang,2,1
921000000.0,Rumah Minimalis Siap Huni Dalam Cluster Posisi Hook Dekat Toll dan LRT Cimanggis,Cikeas, Bogor," Ac,  Jogging Track,  CCTV, Taman,  Masjid, Jalur Telepon,  Keamanan",rumah,2.0,1.0,125.0,48.0,1.0,shm - sertifikat hak milik,1300 mah,0.0,0.0,1.0,2.0,2020.0,baru,timur,2.0,unfurnished,Rendah,0,Rendah,0,3
499999999.9999999,Rumah Murah Siap Huni di Cikeas Bogor,Cikeas, Bogor," Jalur Telepon,  Jogging Track,  Taman,  CCTV, Ac,  Masjid, Keamanan",rumah,2.0,1.0,72.0,36.0,1.0,shm - sertifikat hak milik,1300 mah,1.0,0.0,1.0,0.0,2022.0,baru,timur,1.0,unfurnished,Rendah,0,Rendah,0,2
551000000.0,Rumah Baru di Jln Cikeas residence sudah SHM,Cikeas, Bogor," Jalur Telepon,  Ac,  Jogging Track, Taman,  Masjid, CCTV,  Keamanan",rumah,2.0,1.0,70.0,36.0,1.0,shm - sertifikat hak milik,1300 mah,0.0,0.0,1.0,0.0,2022.0,baru,barat,0.0,unfurnished,Rendah,0,Rendah,0,2
980000000.0,Rumah hook minimalis dicikeas residence,Cikeas, Bogor," Jalur Telepon,  Taman,  CCTV, Ac, Jogging Track,  Masjid,  Keamanan",rumah,2.0,1.0,125.0,48.0,1.0,shm - sertifikat hak milik,1300 mah,0.0,0.0,1.0,0.0,2022.0,bagus sekali,timur,0.0,unfurnished,Rendah,0,Rendah,0,2
655000000.0,Hunian Eksklusif Lokasi Strategis Dekat Pusat Kota Tangsel,Parung, Bogor,"Keamanan 24 jam,  Taman, Jalur Telepon,  Track Lari, Masjid, Kulkas,  AC,  Akses Parkir,  Playground, Lapangan Bulu Tangkis, Wastafel,  One Gate System, Lapangan Bola, Tempat Jemuran,  Tempat Laundry",rumah,3.0,2.0,64.0,60.0,1.0,shm - sertifikat hak milik,1300 mah,0.0,0.0,2.0,0.0,2022.0,baru,timur,2.0,semi furnished,Rendah,0,Rendah,0,0
1200000000.0,Rumah Cantik Minimalist Siap Huni Di Parung Bogor,Parung, Bogor," Taman, Masjid,  Jalur Telepon,  Keamanan,  Ac, CCTV,  Jogging Track",rumah,3.0,2.0,165.0,74.0,1.0,shm - sertifikat hak milik,2200 mah,0.0,0.0,2.0,0.0,2022.0,baru,barat,1.0,unfurnished,Rendah,0,Rendah,0,0
700000000.0,"Rumah Bagus Cozy di Parung Bogor, Dekat Tol Desari",Parung, Bogor," Taman,  Masjid, Jalur Telepon, Ac,  Keamanan,  Jogging Track",rumah,3.0,2.0,68.0,62.0,1.0,shm - sertifikat hak milik,2200 mah,1.0,1.0,2.0,0.0,2022.0,baru,timur,1.0,unfurnished,Rendah,0,Rendah,0,0
1350000000.0,Dijual rumah siap huni di lokasi strategis kota bogor SHM,Parung, Bogor," Masjid, Kitchen Set, Kolam Ikan, Jogging Track, AC,  AC,  Keamanan, Track Lari, Wastafel",rumah,3.0,2.0,94.0,96.0,1.0,shm - sertifikat hak milik,2200 mah,0.0,0.0,1.0,0.0,2022.0,baru,timur,0.0,semi furnished,Rendah,0,Sedang,2,2
685000000.0,Rumah Elegan 2 Lantai include  Biaya Biaya Surat Lokasi Strategis,Parung, Bogor,"Keamanan 24 jam,  Taman, Jalur Telepon, Masjid,  Jalur Telepon, Jogging Track,  Akses Parkir,  Keamanan,  One Gate System, Track Lari, Tempat Jemuran",rumah,3.0,2.0,64.0,60.0,1.0,shm - sertifikat hak milik,1300 mah,0.0,0.0,2.0,0.0,2022.0,baru,timur,0.0,unfurnished,Rendah,0,Rendah,0,0
455000000.0,Rumah di Parung Cuma 5jt Bisa Proses KPR dan Free Biaya-biaya,Parung, Bogor," Jalur Telepon, Tempat Jemuran, Masjid, Wastafel, Jalur Telepon, Keamanan",rumah,2.0,1.0,65.0,36.0,0.0,shm - sertifikat hak milik,1300 mah,0.0,0.0,1.0,0.0,2022.0,baru,selatan,0.0,unfurnished,Rendah,0,Rendah,0,2
410000000.0000001,"Rumah Elegant, Murah dan Strategis di Parung, Bogor",Parung, Bogor," Jogging Track,  Taman, Ac,  Masjid, Jalur Telepon,  Keamanan",rumah,2.0,1.0,60.0,36.0,1.0,shm - sertifikat hak milik,1300 mah,0.0,0.0,1.0,0.0,2022.0,baru,selatan,0.0,unfurnished,Rendah,0,Rendah,0,2
466000000.0,Rumah Murah Mewah 1 Lantai Siap Huni,Parung, Bogor," Jalur Telepon,  AC,  Kolam Renang,  Taman,  CCTV, Jogging Track,  Masjid, Keamanan",rumah,2.0,1.0,60.0,40.0,1.0,shm - sertifikat hak milik,1300 mah,0.0,0.0,1.0,0.0,2022.0,baru,tenggara,0.0,unfurnished,Rendah,0,Rendah,0,2
400000000.0,Rumah Murah 2 Lantai Siap Huni Dp Cuma 5jt,Parung, Bogor," Jalur Telepon,  AC, Kolam Renang,  Taman,  CCTV, Jogging Track,  Masjid,  Keamanan",rumah,2.0,1.0,60.0,40.0,1.0,shm - sertifikat hak milik,1300 mah,0.0,0.0,1.0,0.0,2022.0,baru,timur,0.0,unfurnished,Rendah,0,Rendah,0,2
400000000.0,Rumah Murah 5jt All In 1 Lantai Siap Huni,Parung, Bogor,"Tempat Jemuran,  Jogging Track, Track Lari,  Akses Parkir,  One Gate System,  Kolam Renang, Masjid, Keamanan 24 jam,  Taman,  Tempat Laundry,  CCTV, Taman,  Playground, Wastafel,  Masjid, Jalur Telepon,  Keamanan",rumah,2.0,1.0,60.0,40.0,1.0,shm - sertifikat hak milik,1300 mah,0.0,0.0,1.0,0.0,2022.0,baru,selatan,0.0,unfurnished,Rendah,0,Rendah,0,2
800000000.0,Rumah Murah 2 Lantai Hunian Masakini Siap Huni,Parung, Bogor," Jogging Track,  Kolam Renang,  Taman,  Masjid, CCTV, Jalur Telepon,  Keamanan",rumah,3.0,2.0,70.0,60.0,1.0,shm - sertifikat hak milik,2200 mah,0.0,0.0,2.0,0.0,2022.0,baru,timur,0.0,unfurnished,Rendah,0,Rendah,0,0
750000000.0,Rumah Murah Hunian Masakini 2 Lantai Siap Huni,Parung, Bogor," Jogging Track,  Kolam Renang,  Taman,  Masjid, CCTV, Jalur Telepon,  Keamanan",rumah,3.0,2.0,70.0,60.0,1.0,shm - sertifikat hak milik,2200 mah,0.0,0.0,2.0,0.0,2022.0,baru,tenggara,0.0,unfurnished,Rendah,0,Rendah,0,0
400000000.0,Rumah satu lantai dekat sts Cilebut,Cilebut, Bogor," Taman, Jalur Telepon,  Track Lari,  CCTV, Masjid,  Jalur Telepon, Keamanan,  AC, Lapangan Bulu Tangkis, Wastafel,  Ac, Pemanas Air, Tempat Jemuran,  Jogging Track, Lapangan Basket",rumah,2.0,1.0,72.0,36.0,1.0,shm - sertifikat hak milik,1300 mah,0.0,0.0,1.0,0.0,2022.0,baru,selatan,1.0,unfurnished,Rendah,0,Rendah,0,2
225000000.0,Rumah Minimalis Modern 10mnt Dari Stasiun Citayam,Cilebut, Bogor,"Taman,  CCTV, Keamanan 24 jam,  One Gate System",rumah,2.0,1.0,60.0,36.0,1.0,shm - sertifikat hak milik,1300 mah,0.0,0.0,1.0,0.0,2022.0,baru,timur,0.0,unfurnished,Rendah,0,Rendah,0,2
395000000.0,Rumah murah minimalis dekat Kampus IPB Dramaga Bogor,Dramaga, Bogor," Kolam Renang, Taman, Keamanan 24 jam, Jogging Track, Kolam Renang,  Playground,  Keamanan,  One Gate System, Track Lari, Tempat Jemuran, Lapangan Tenis,  Tempat Laundry",rumah,2.0,1.0,72.0,36.0,1.0,shm - sertifikat hak milik,1300 mah,0.0,0.0,1.0,0.0,2022.0,baru,timur,0.0,furnished,Rendah,0,Rendah,0,2
1350000000.0,Hunian exlusif di lokasi emas kota bogor siap huni SHM,Legenda Wisata, Bogor,"Taman,  Masjid, Kitchen Set,  AC, Jogging Track,  Keamanan, Track Lari, Wastafel",rumah,3.0,2.0,94.0,96.0,1.0,shm - sertifikat hak milik,2200 mah,0.0,0.0,1.0,0.0,2022.0,baru,timur,0.0,semi furnished,Rendah,0,Sedang,2,2
1330000000.0,Rumah murah legenda Wisata Cibubur Rumah,Legenda Wisata, Bogor," Jogging Track, Lapangan Bola, Lapangan Tenis,  Kolam Renang, Masjid,  Lapangan Voli,  Lapangan Bulu Tangkis, Taman, Wastafel,  Tempat Gym,  Lapangan Basket,  Keamanan,  Track Lari",rumah,3.0,2.0,160.0,88.0,2.0,shm - sertifikat hak milik,2200 mah,0.0,0.0,1.0,0.0,2022.0,bagus,timur,0.0,unfurnished,Rendah,0,Rendah,0,0
476000000.0000001,Griya Pratama Asri 2. Hunian Minimalis di lingkungan Asri.,Tajur Halang, Bogor,"Taman, Ac,  Keamanan",rumah,2.0,1.0,86.0,40.0,1.0,"lainnya (ppjb,girik,adat,dll)",1300 mah,0.0,0.0,1.0,0.0,2022.0,baru,timur,0.0,unfurnished,Rendah,0,Rendah,0,2
540000000.0,Rumah tanpa DP cukup 5 jt booking dekat Tol Kayu Manis,Tajur Halang, Bogor," Taman, Jalur Telepon, Track Lari,  CCTV, Masjid,  Jalur Telepon, Jogging Track, Wastafel,  Keamanan, CCTV, Tempat Jemuran",rumah,2.0,1.0,85.0,45.0,1.0,shm - sertifikat hak milik,1300 mah,0.0,0.0,1.0,0.0,2022.0,baru,utara,0.0,unfurnished,Rendah,0,Rendah,0,2
599000000.0000001,Dijual Rumah di Perumahan Taman Semesta Mas Tajur Halang,Tajur Halang, Bogor,"Keamanan, Taman",rumah,2.0,1.0,42.0,84.0,0.0,shm - sertifikat hak milik,1300 mah,0.0,0.0,1.0,2.0,2020.0,sudah renovasi,utara,0.0,unfurnished,Rendah,0,Rendah,0,3
1350000000.0,Rumah siap huni minimalis di bogor kota 2 Lantai SHM,Limusnunggal, Bogor,"Taman,  Taman, Kitchen Set, Masjid,  AC, Jogging Track,  Keamanan, Track Lari, Wastafel",rumah,3.0,2.0,94.0,96.0,1.0,shm - sertifikat hak milik,2200 mah,0.0,0.0,2.0,0.0,2022.0,baru,timur,0.0,semi furnished,Rendah,0,Sedang,2,0
459000000.0,Erumahan Modern Dengan Pemandangan Alami Dan Sejuk400 Jutaan,Tajur, Bogor," Masjid,  Jogging Track, Keamanan, Taman",rumah,2.0,1.0,60.0,31.999999999999993,1.0,shm - sertifikat hak milik,lainnya mah,0.0,0.0,1.0,0.0,2022.0,baru,barat laut,0.0,unfurnished,Rendah,0,Rendah,0,2
2600000000.0,RUMAH MANIS SIAP HUNI FULL FURNICE ALL,Ciawi, Bogor,"Tempat Jemuran,  Mesin Cuci,  Kolam Renang,  AC,  Taman,  CCTV, Kulkas, Ac,  Kitchen Set,  Pemanas Air, Wastafel,  Masjid,  Kolam Ikan, Jalur Telepon,  Keamanan",rumah,3.0,3.0,202.0,186.0,2.0,hgb - hak guna bangunan,3500 mah,0.0,0.0,2.0,2.0,2020.0,baru,timur laut,2.0,furnished,Sedang,2,Tinggi,3,3
879000000.0,Jual Rumah 2 Lantai Klasik Modern SHM Sindangbarang Bogor Kota,Sindang Barang, Bogor,"Masjid,  CCTV, Taman,  Masjid, CCTV",rumah,3.0,2.0,92.0,71.0,1.0,shm - sertifikat hak milik,2200 mah,0.0,0.0,2.0,0.0,2022.0,baru,selatan,0.0,unfurnished,Rendah,0,Rendah,0,0
1350000000.0,Rumah baru 2 lantai kawasan perumahan bogor kota Rumah SHM,Pasirlaja, Bogor,"Taman,  Masjid, Kitchen Set,  AC, AC,  Keamanan, Track Lari, Wastafel,  Jogging Track",rumah,3.0,2.0,94.0,96.0,1.0,shm - sertifikat hak milik,2200 mah,0.0,0.0,1.0,0.0,2022.0,baru,timur,0.0,semi furnished,Rendah,0,Sedang,2,2
1350000000.0,Rumah siap huni minimalis di kota bogor,Semplak, Bogor,"Taman, Keamanan 24 jam,  Taman,  Masjid,  CCTV, Masjid, Kitchen Set,  AC, Jogging Track, AC,  Keamanan,  One Gate System, Track Lari, Wastafel",rumah,3.0,2.0,94.0,96.0,1.0,shm - sertifikat hak milik,2200 mah,0.0,0.0,1.0,0.0,2022.0,baru,timur,0.0,semi furnished,Rendah,0,Sedang,2,2
1350000000.0,Jual rumah siap huni di bogor kota SHM,Cibuluh, Bogor,"Taman,  Masjid, Kitchen Set, Keamanan,  AC, Track Lari, Wastafel,  Jogging Track",rumah,3.0,2.0,94.0,96.0,1.0,shm - sertifikat hak milik,2200 mah,0.0,0.0,1.0,0.0,2022.0,baru,timur,0.0,semi furnished,Rendah,0,Sedang,2,2
1350000000.0,Rumah siap huni di bogor kota minimalis 2 lantai SHM,Kedungwaringin, Bogor,"Taman, Keamanan 24 jam,  Taman, Kitchen Set, Masjid,  AC, AC,  Keamanan,  One Gate System, Track Lari, Wastafel,  Jogging Track",rumah,3.0,2.0,94.0,96.0,1.0,shm - sertifikat hak milik,2200 mah,0.0,0.0,1.0,0.0,2022.0,baru,timur,0.0,semi furnished,Rendah,0,Sedang,2,2
1350000000.0,Rumah 2 lantai di area strategis bogor kota Baru SHM,Leuwinanggung, Bogor,"Taman,  Taman, Kitchen Set, Masjid,  AC, Jogging Track,  Keamanan, Track Lari, Wastafel",rumah,3.0,2.0,94.0,96.0,1.0,shm - sertifikat hak milik,2200 mah,0.0,0.0,1.0,0.0,2022.0,baru,timur,0.0,semi furnished,Rendah,0,Sedang,2,2
1350000000.0,Rumah murah siap huni fasilitas mantap SHM,Kedungbadak, Bogor,"Taman, Keamanan 24 jam,  Taman, Kitchen Set, Masjid,  AC, Jogging Track,  Keamanan,  One Gate System, Track Lari, Wastafel",rumah,3.0,2.0,94.0,96.0,1.0,shm - sertifikat hak milik,2200 mah,0.0,0.0,1.0,0.0,2022.0,baru,timur,0.0,semi furnished,Rendah,0,Sedang,2,2
1350000000.0,Rumah 2 lantai di kota bogor siap huni SHM,Sukamaju, Bogor,"Taman,  Masjid, Kitchen Set,  AC, AC, Track Lari, Wastafel,  Jogging Track",rumah,3.0,2.0,94.0,96.0,1.0,shm - sertifikat hak milik,2200 mah,0.0,0.0,1.0,0.0,2022.0,baru,timur,0.0,semi furnished,Rendah,0,Sedang,2,2
1350000000.0,Siap huni rumah 2 lantai di kota bogor SHM Baru,Sukatani, Bogor,"Taman, Keamanan 24 jam,  Taman, Kitchen Set, Masjid, Keamanan,  AC,  One Gate System, Track Lari, Wastafel,  Jogging Track",rumah,3.0,2.0,94.0,96.0,1.0,shm - sertifikat hak milik,2200 mah,0.0,0.0,1.0,0.0,2022.0,baru,timur,0.0,semi furnished,Rendah,0,Sedang,2,2
1350000000.0,Rumah 2 lantai siap huni lingkungan sejuk asri SHM,Harjamukti, Bogor,"Taman, Keamanan 24 jam,  Taman, Kitchen Set, Masjid,  AC,  Keamanan,  One Gate System, Track Lari, Wastafel,  Jogging Track",rumah,3.0,2.0,94.0,96.0,1.0,shm - sertifikat hak milik,2200 mah,0.0,0.0,1.0,0.0,2022.0,baru,timur,0.0,semi furnished,Rendah,0,Sedang,2,2
1500000000.0,Rumah cimanggis dekat stasiun LRT 2 Lantai Baru SHM Unfurnis,Harjamukti, Bogor," Taman, Ac,  Masjid, CCTV,  Keamanan",rumah,4.0,2.0,150.0,100.0,2.0,shm - sertifikat hak milik,2200 mah,0.0,0.0,2.0,0.0,2022.0,baru,utara,0.0,unfurnished,Rendah,0,Sedang,2,0
685000000.0,Rumah Mewah 2 Lantai Include Biaya Biaya Surat Bebas Banjir Lokasi Strategis,Ciseeng, Bogor,"Taman,  Taman,  Masjid, Jalur Telepon,  Keamanan, Track Lari, Tempat Jemuran,  Jogging Track",rumah,3.0,2.0,64.0,60.0,1.0,shm - sertifikat hak milik,1300 mah,0.0,0.0,2.0,0.0,2022.0,baru,timur,0.0,unfurnished,Rendah,0,Rendah,0,0
400000000.0,Rumah Murah 1 Lantai Siap Huni Hunian Masakini,Ciseeng, Bogor," Jalur Telepon,  Jogging Track,  AC, Masjid, Kolam Renang,  Taman,  CCTV,  Keamanan",rumah,2.0,1.0,60.0,40.0,1.0,shm - sertifikat hak milik,1300 mah,0.0,0.0,1.0,0.0,2022.0,baru,timur,0.0,unfurnished,Rendah,0,Rendah,0,2
800000000.0,Rumah Murah Hunian Masa Kini 2 Lantai Siap Huni,Ciseeng, Bogor," Jogging Track,  Kolam Renang,  CCTV, Taman,  Masjid, Jalur Telepon,  Keamanan",rumah,3.0,2.0,70.0,60.0,1.0,shm - sertifikat hak milik,2200 mah,0.0,0.0,2.0,0.0,2022.0,baru,timur laut,0.0,unfurnished,Rendah,0,Rendah,0,0
354999999.9999999,Rumah 3 kamar Siap Huni,Jonggol, Bogor," Jogging Track, Track Lari, Masjid, Keamanan 24 jam,  Taman, Taman, Wastafel,  Masjid, Keamanan",rumah,3.0,2.0,72.0,65.0,1.0,hgb - hak guna bangunan,1300 mah,0.0,0.0,1.0,0.0,2022.0,butuh renovasi,selatan,1.0,unfurnished,Rendah,0,Rendah,0,2
430000000.0000001,Ciputra Rumah 2 lantai Murah 3 kamar,Jonggol, Bogor," Jogging Track, Track Lari, Wastafel, Taman,  Masjid, Keamanan",rumah,3.0,2.0,72.0,100.0,1.0,hgb - hak guna bangunan,1300 mah,0.0,0.0,1.0,0.0,2022.0,butuh renovasi,selatan,1.0,unfurnished,Rendah,0,Sedang,2,2
350000000.0,Ciputra Luas 90m siap huni,Jonggol, Bogor," Jogging Track, Masjid, Keamanan,  Taman",rumah,2.0,1.0,90.0,55.0,1.0,hgb - hak guna bangunan,1300 mah,0.0,0.0,1.0,0.0,2022.0,sudah renovasi,selatan,0.0,unfurnished,Rendah,0,Rendah,0,2
350000000.0,Rumah luas 90m Murah siap huni,Jonggol, Bogor," Masjid, Taman,  Keamanan, Jogging Track",rumah,2.0,1.0,90.0,55.0,1.0,hgb - hak guna bangunan,1300 mah,0.0,0.0,1.0,0.0,2022.0,sudah renovasi,selatan,1.0,unfurnished,Rendah,0,Rendah,0,2
350000000.0,Rumah luas 90m Murah siap huni,Jonggol, Bogor," Masjid, Taman,  Keamanan, Jogging Track",rumah,2.0,1.0,90.0,55.0,1.0,hgb - hak guna bangunan,1300 mah,0.0,0.0,1.0,0.0,2022.0,sudah renovasi,selatan,1.0,unfurnished,Rendah,0,Rendah,0,2
775000000.0,Rumah Kpr 2lantai cibubur kota wisata deket tol cimaci,Ciangsana, Bogor,"Tempat Jemuran,  Jogging Track, Track Lari,  Taman,  Masjid, CCTV, Keamanan",rumah,3.0,2.0,72.0,69.0,2.0,shm - sertifikat hak milik,2200 mah,0.0,0.0,2.0,0.0,2022.0,baru,timur,1.0,semi furnished,Rendah,0,Rendah,0,0
919000000.0,Rumah 2lantai  Strategis di cibubur ciangsana,Ciangsana, Bogor," Jogging Track, Track Lari, Taman,  Masjid, CCTV,  Keamanan",rumah,3.0,2.0,110.0,69.0,1.0,shm - sertifikat hak milik,2200 mah,0.0,0.0,2.0,0.0,2022.0,baru,selatan,0.0,semi furnished,Rendah,0,Rendah,0,0
908000000.0,Rumah 2lantai di cibubur kota wisata bebas banjir,Ciangsana, Bogor," Jogging Track,  Taman,  Masjid, CCTV, Keamanan",rumah,3.0,2.0,108.0,69.0,1.0,shm - sertifikat hak milik,2200 mah,0.0,0.0,1.0,0.0,2022.0,baru,selatan,0.0,semi furnished,Rendah,0,Rendah,0,2
775000000.0,Rumah 2 Lantai Bebas Banjir dekat Kota Wisata,Ciangsana, Bogor," Jogging Track,  CCTV, Ac, Taman,  Masjid,  Keamanan",rumah,3.0,2.0,72.0,69.0,1.0,shm - sertifikat hak milik,2200 mah,0.0,0.0,2.0,0.0,2022.0,baru,selatan,0.0,unfurnished,Rendah,0,Rendah,0,0
389000000.0,Take Over Rumah Mewah Spek Premium dekat Mall & LRT Cibubur,Kranggan, Bogor," Jalur Telepon,  Jogging Track,  Taman,  CCTV, Ac,  Masjid, Keamanan",rumah,3.0,3.0,110.0,161.0,2.0,shm - sertifikat hak milik,2200 mah,1.0,0.0,2.0,1.0,2021.0,baru,barat,0.0,semi furnished,Rendah,0,Tinggi,3,3
338000000.0,Rumah Minimalis dekat Stasiun KA Tenjo ( Promo Free Dp0% ),Tenjo, Bogor," Taman, Ac, Jogging Track,  Masjid,  Keamanan",rumah,2.0,1.0,72.0,36.0,1.0,hgb - hak guna bangunan,1300 mah,0.0,0.0,1.0,0.0,2022.0,baru,selatan,0.0,unfurnished,Rendah,0,Rendah,0,2
799000000.0,Rumah Dekat Stasiun TANPA DP Pinggir Jalan Raya Strategis,Pancoran Mas, Depok,Taman,rumah,3.0,2.0,74.0,70.0,1.0,shm - sertifikat hak milik,2200 mah,0.0,0.0,2.0,0.0,2022.0,baru,timur,0.0,unfurnished,Rendah,0,Rendah,0,0
811000000.0,Rumah Depok 5 Menit Dari Exit Tol Sawangan,Pancoran Mas, Depok," Masjid,  CCTV, Keamanan, Taman",rumah,3.0,2.0,72.0,70.0,0.0,shm - sertifikat hak milik,1300 mah,0.0,0.0,2.0,0.0,2022.0,baru,utara,2.0,unfurnished,Rendah,0,Rendah,0,0
330000000.0,Rumah di Depok Harga Terjangkau Lokasi Strategis,Pancoran Mas, Depok,"Tempat Jemuran,  Akses Parkir,  One Gate System,  Kolam Renang,  AC, Mesin Cuci, Masjid, Keamanan 24 jam,  Taman,  Tempat Laundry,  CCTV,  Playground, Wastafel,  Kolam Ikan, Jalur Telepon,  Kitchen Set",rumah,2.0,1.0,60.0,40.0,1.0,shm - sertifikat hak milik,1300 mah,0.0,0.0,1.0,0.0,2022.0,baru,selatan,1.0,semi furnished,Rendah,0,Rendah,0,2
1030000000.0,Rumah Baru Murah Di Depok Tanpa Dp Dekat Toll Desari Siap Huni,Pancoran Mas, Depok,"Jalur Telepon, Taman,  Keamanan",rumah,3.0,2.0,83.0,90.0,0.0,shm - sertifikat hak milik,2200 mah,0.0,0.0,2.0,1.0,2021.0,baru,barat,0.0,unfurnished,Rendah,0,Sedang,2,3
885000000.0,Rumah 2 Lantai cluster ekslusif dekat tol sawangan,Pancoran Mas, Depok," Jalur Telepon,  Jogging Track, Track Lari, Masjid, Keamanan 24 jam,  Taman,  CCTV, Ac, Taman, AC, CCTV, Jalur Telepon,  Keamanan",rumah,3.0,3.0,54.0,85.0,1.0,shm - sertifikat hak milik,2200 mah,0.0,0.0,2.0,0.0,2022.0,baru,timur,1.0,unfurnished,Rendah,0,Rendah,0,0
775000000.0,Rumah 5 menit ke tol sawangan tanah besar,Pancoran Mas, Depok," Jalur Telepon,  Ac, AC, Track Lari,  Taman,  CCTV, Taman, Jogging Track,  Masjid, CCTV, Jalur Telepon, Keamanan",rumah,3.0,2.0,91.0,75.0,1.0,shm - sertifikat hak milik,2200 mah,0.0,0.0,1.0,0.0,2022.0,baru,timur,1.0,unfurnished,Rendah,0,Rendah,0,2
900000000.0,Townhouse 2 lantai dengan segala keuntungan,Pancoran Mas, Depok," CCTV, Keamanan,  Taman, Jogging Track",rumah,2.0,1.0,60.0,72.0,1.0,shm - sertifikat hak milik,1300 mah,0.0,0.0,1.0,0.0,2022.0,baru,utara,1.0,semi furnished,Rendah,0,Rendah,0,2
650000000.0,Dijual Rumah Siap Huni Dekat Tol Desari di Kavling Adhi Karya Pancoran Mas Depok,Pancoran Mas, Depok,"Tempat Jemuran, Lapangan Bola, Masjid, Akses Parkir,  Taman, Wastafel, AC, Jalur Telepon",rumah,2.0,1.0,75.0,45.0,1.0,shm - sertifikat hak milik,1300 mah,0.0,0.0,1.0,1.0,2021.0,baru,timur,0.0,unfurnished,Rendah,0,Rendah,0,3
725000000.0,Rumah Murah di Depok dekat Stasiun dan Pintu Tol Depok,Pancoran Mas, Depok,"Ac, Taman",rumah,2.0,1.0,68.0,42.0,1.0,shm - sertifikat hak milik,2200 mah,0.0,0.0,1.0,0.0,2022.0,bagus,utara,0.0,unfurnished,Rendah,0,Rendah,0,2
800000000.0,Rumah 2 Lantai SHM Semi Furnished di Rangkapan jaya,Pancoran Mas, Depok," Jalur Telepon,  Ac, AC, Track Lari,  Taman,  CCTV, Taman, Jogging Track,  Masjid, CCTV, Jalur Telepon, Keamanan",rumah,3.0,2.0,70.0,72.0,2.0,shm - sertifikat hak milik,2200 mah,0.0,0.0,2.0,0.0,2022.0,baru,timur,2.0,semi furnished,Rendah,0,Rendah,0,0
494000000.0,Rumah baru dekat stasiun berjarak 3 menit,Pancoran Mas, Depok," Ac,  Jogging Track, Track Lari,  Taman, Taman, AC,  Masjid, CCTV, Jalur Telepon,  Keamanan",rumah,2.0,1.0,66.0,40.0,1.0,shm - sertifikat hak milik,1300 mah,0.0,0.0,1.0,0.0,2022.0,baru,timur,1.0,unfurnished,Rendah,0,Rendah,0,2
940000000.0,Rumah 2 Lantai SHM di Rangkapan Jaya dekat Tol Sawangan Depok,Pancoran Mas, Depok," Ac,  Jogging Track,  CCTV, Taman,  Masjid, Jalur Telepon,  Keamanan",rumah,3.0,3.0,88.0,100.0,2.0,shm - sertifikat hak milik,2200 mah,0.0,0.0,2.0,0.0,2022.0,baru,timur,2.0,unfurnished,Rendah,0,Sedang,2,0
560000000.0,Rumah 2 Lantai Termurah Dekat Tol di Mampang Pancoran Mas,Pancoran Mas, Depok,"Tempat Jemuran,  Ac,  Jogging Track, Track Lari,  One Gate System, Masjid, Keamanan 24 jam,  Taman,  Tempat Laundry,  CCTV,  Playground, Wastafel, AC,  Masjid, CCTV, Jalur Telepon,  Keamanan",rumah,3.0,2.0,55.0,47.0,1.0,shm - sertifikat hak milik,1300 mah,0.0,0.0,2.0,0.0,2022.0,baru,timur,1.0,unfurnished,Rendah,0,Rendah,0,0
400000000.0,Rumah Siap Huni Akses Mobil Cuma 10 Menit Ke Stasiun Depok,Pancoran Mas, Depok,"Tempat Jemuran, Akses Parkir,  Taman, Taman, Jalur Telepon",rumah,2.0,1.0,68.0,45.0,1.0,shm - sertifikat hak milik,1300 mah,0.0,0.0,1.0,0.0,2022.0,baru,utara,0.0,unfurnished,Rendah,0,Rendah,0,2
895000000.0,Rumah design keren Semi Furnished di Pancoran Mas Depok,Pancoran Mas, Depok," Ac,  Jogging Track, Track Lari, Masjid, Keamanan 24 jam,  Taman, Taman, AC,  Masjid, CCTV, Jalur Telepon,  Keamanan",rumah,3.0,2.0,89.0,75.0,1.0,shm - sertifikat hak milik,2200 mah,0.0,0.0,1.0,0.0,2022.0,baru,timur,1.0,semi furnished,Rendah,0,Rendah,0,2
865000000.0,Rumah 2 Lantai Semi Furnished dekat tol desari,Pancoran Mas, Depok," Ac,  Jogging Track, Track Lari,  CCTV, Taman, AC,  Masjid, CCTV, Jalur Telepon,  Keamanan",rumah,3.0,3.0,50.0,80.0,2.0,shm - sertifikat hak milik,2200 mah,0.0,0.0,2.0,0.0,2022.0,baru,timur,0.0,semi furnished,Rendah,0,Rendah,0,0
1120000000.0,Rumah 2 Lantai dekat tol Desari Pancoran Mas Depok,Pancoran Mas, Depok," Ac,  Jogging Track, Track Lari,  CCTV, Taman, AC,  Masjid, CCTV, Jalur Telepon,  Keamanan",rumah,3.0,3.0,72.0,100.0,1.0,shm - sertifikat hak milik,2200 mah,0.0,0.0,2.0,0.0,2022.0,baru,timur,2.0,unfurnished,Rendah,0,Sedang,2,0
220000000.0,Rumah Minimalis Modern di Citayam Bebas Banjir Akses Mudah Asri,Pancoran Mas, Depok,"Tempat Jemuran,  One Gate System, Keamanan 24 jam, Taman, CCTV",rumah,2.0,1.0,60.0,36.0,1.0,shm - sertifikat hak milik,1300 mah,0.0,0.0,1.0,0.0,2022.0,baru,timur,0.0,unfurnished,Rendah,0,Rendah,0,2
389999999.9999999,Rumah di kompleks tanah Luas lokasi strategis,Pancoran Mas, Depok," Jogging Track, Lapangan Tenis,  Lapangan Bulu Tangkis, Kulkas, Wastafel,  Pemanas Air, Jalur Telepon, Tempat Jemuran, Lapangan Bola,  Lapangan Voli,  Taman, Taman,  Tempat Gym,  Masjid,  Kolam Ikan,  Keamanan,  Lapangan Basket,  Mesin Cuci,  Kolam Renang,  Track Lari",rumah,2.0,2.0,150.0,54.0,2.0,shm - sertifikat hak milik,1300 mah,0.0,0.0,1.0,0.0,2022.0,bagus,utara,1.0,unfurnished,Rendah,0,Rendah,0,2
1580000000.0,Rumah Mewah Minimalis Terbaik Bata Merah Di Kelapa Dua Depok,Kelapa Dua, Depok," Ac, Keamanan 24 jam,  CCTV, Taman, AC, CCTV, Jalur Telepon,  Keamanan",rumah,3.0,3.0,84.0,90.0,1.0,shm - sertifikat hak milik,3500 mah,0.0,0.0,2.0,0.0,2022.0,baru,barat,0.0,semi furnished,Rendah,0,Sedang,2,0
1580000000.0,"Dijual Rumah Mewah minimalis di dekat Margonda Depok, dekat Tol dan stasiun KRL",Cimanggis, Depok," Taman,  CCTV, Ac, Taman, AC, CCTV, Jalur Telepon,  Keamanan",rumah,3.0,3.0,84.0,85.0,2.0,shm - sertifikat hak milik,3500 mah,0.0,0.0,2.0,0.0,2022.0,baru,utara,0.0,furnished,Rendah,0,Rendah,0,0
595000000.0,Rumah 1 Lantai Dekat Dengan Tol Cijago,Cimanggis, Depok,"Kitchen Set, Keamanan 24 jam, One Gate System",rumah,2.0,1.0,88.0,40.0,2.0,shm - sertifikat hak milik,1300 mah,0.0,0.0,1.0,0.0,2022.0,baru,selatan,0.0,unfurnished,Rendah,0,Rendah,0,2
800000000.0,Dijual Rumah di Ciminggis 2 Lantai Dalam Cluster,Cimanggis, Depok," Jogging Track, Track Lari,  AC, Masjid, Keamanan 24 jam,  Taman,  CCTV, Taman, AC,  Masjid, CCTV, Jalur Telepon,  Keamanan",rumah,3.0,3.0,101.0,78.0,1.0,shm - sertifikat hak milik,3500 mah,0.0,0.0,2.0,0.0,2022.0,baru,barat,1.0,semi furnished,Rendah,0,Rendah,0,0
850000000.0,Rumah 2 lantai dengan design clasic dekat dengan pintu Tol cimanggis,Cimanggis, Depok," Masjid, Ac,  Keamanan, Taman",rumah,3.0,2.0,56.0,60.0,1.0,shm - sertifikat hak milik,1300 mah,0.0,0.0,2.0,0.0,2022.0,bagus sekali,timur,0.0,unfurnished,Rendah,0,Rendah,0,0
839000000.0,"Rumah Mewah 2 Lantai Harga Ekonomis di Cimanggis, Depok",Cimanggis, Depok,"Tempat Jemuran,  One Gate System, Akses Parkir, Keamanan 24 jam,  Taman,  Playground, Jalur Telepon",rumah,3.0,2.0,70.0,69.0,0.0,shm - sertifikat hak milik,2200 mah,1.0,0.0,2.0,2.0,2020.0,baru,timur,2.0,unfurnished,Rendah,0,Rendah,0,3
662000000.0,Rumah murah 2 lntai lokasi dekat tol cibubur,Cimanggis, Depok,"CCTV, Ac",rumah,2.0,2.0,40.0,52.0,1.0,shm - sertifikat hak milik,2200 mah,0.0,0.0,2.0,0.0,2022.0,baru,selatan,1.0,unfurnished,Rendah,0,Rendah,0,0
260000000.0,Rumah Murah 2 Kamar Tidur Dekat Stasiun Citayam,Citayam, Depok,Taman,rumah,2.0,1.0,60.0,36.0,1.0,shm - sertifikat hak milik,1300 mah,0.0,0.0,1.0,0.0,2022.0,baru,utara,0.0,unfurnished,Rendah,0,Rendah,0,2
365000000.0,RUMAH MEWAH DENGAN HARGA MURAH DEKAT STASIUN CITAYAM,Citayam, Depok,"Tempat Jemuran,  Akses Parkir,  One Gate System, Masjid, Keamanan 24 jam, Taman, Wastafel,  Keamanan",rumah,2.0,1.0,62.0,36.0,1.0,shm - sertifikat hak milik,1300 mah,0.0,0.0,1.0,0.0,2022.0,baru,utara,1.0,unfurnished,Rendah,0,Rendah,0,2
410000000.0000001,Rumah 1 Lantai Yang Sejuk Ala Eropa di Citayam Dekat Rs Citama,Citayam, Depok,"Tempat Jemuran, Track Lari,  One Gate System, Keamanan 24 jam, Taman, Wastafel, AC",rumah,2.0,1.0,65.0,36.0,1.0,shm - sertifikat hak milik,1300 mah,0.0,0.0,1.0,0.0,2022.0,baru,barat daya,0.0,unfurnished,Rendah,0,Rendah,0,2
325000000.0,Rumah murah minimalis modern terbaru dicitayam Bojong gede,Citayam, Depok," Jalur Telepon,  Ac, Tempat Jemuran,  Akses Parkir,  One Gate System, Masjid, Keamanan 24 jam,  Taman,  CCTV,  Playground, Wastafel, AC, Jalur Telepon, Keamanan",rumah,2.0,1.0,60.0,40.0,1.0,shm - sertifikat hak milik,1300 mah,0.0,0.0,1.0,0.0,2022.0,baru,selatan,1.0,unfurnished,Rendah,0,Rendah,0,2
325000000.0,Rumah murah minimalis modern terbaru dicitayam Bojong gede,Citayam, Depok," Jalur Telepon,  Ac, Tempat Jemuran,  Akses Parkir,  One Gate System, Masjid, Keamanan 24 jam,  Taman,  CCTV,  Playground, Wastafel, AC, Jalur Telepon, Keamanan",rumah,2.0,1.0,60.0,40.0,1.0,shm - sertifikat hak milik,1300 mah,0.0,0.0,1.0,0.0,2022.0,baru,selatan,1.0,unfurnished,Rendah,0,Rendah,0,2
325000000.0,Rumah murah dicitayam dekat stasiun KA di kompleks guava garden,Citayam, Depok," Jalur Telepon,  Ac, Tempat Jemuran,  Taman,  CCTV, Taman, Wastafel, AC,  Masjid, CCTV, Jalur Telepon,  Keamanan",rumah,2.0,1.0,60.0,40.0,1.0,shm - sertifikat hak milik,1300 mah,0.0,0.0,1.0,0.0,2022.0,baru,selatan,1.0,unfurnished,Rendah,0,Rendah,0,2
150000000.0,RUMAH SAMPING JALAN RAYA BOMANG DAN BISA KPR PRIBADI,Citayam, Depok," Jalur Telepon,  Ac, AC, Track Lari, Masjid, Keamanan 24 jam,  Taman, Taman, Jogging Track,  Masjid, CCTV, Jalur Telepon,  Keamanan",rumah,2.0,1.0,55.0,36.0,0.0,shm - sertifikat hak milik,1300 mah,0.0,0.0,1.0,0.0,2022.0,baru,barat daya,1.0,unfurnished,Rendah,0,Rendah,0,2
960000000.0,RUMAH MILENIAL SIAP HUNI DEKAT THE PARK SAWANGAN,Cinangka, Depok," Jalur Telepon,  Jogging Track, Track Lari,  Kolam Renang, Masjid, Keamanan 24 jam,  Taman, Kolam Renang,  CCTV, Ac, AC, CCTV, Jalur Telepon,  Keamanan",rumah,3.0,2.0,70.0,115.0,1.0,shm - sertifikat hak milik,2200 mah,0.0,0.0,2.0,0.0,2022.0,baru,utara,0.0,unfurnished,Rendah,0,Sedang,2,0
615000000.0,RUMAH SIAP HUNI DI EXITE TOL PAMULANG & THE PARK SAWANGAN,Cinangka, Depok," Ac,  Jogging Track, Track Lari, Masjid, Keamanan 24 jam,  Taman, Taman, AC,  Keamanan",rumah,2.0,1.0,70.0,48.0,1.0,shm - sertifikat hak milik,1300 mah,0.0,0.0,1.0,0.0,2022.0,baru,timur,0.0,unfurnished,Rendah,0,Rendah,0,2
775000000.0,Rumah tanah besar SHM baru dekat tol Sawangan,Cinangka, Depok," Jalur Telepon,  Ac, AC, Track Lari,  Taman,  CCTV, Taman, Jogging Track,  Masjid, CCTV, Jalur Telepon, Keamanan",rumah,3.0,2.0,91.0,70.0,1.0,shm - sertifikat hak milik,2200 mah,0.0,0.0,1.0,0.0,2022.0,baru,timur,1.0,unfurnished,Rendah,0,Rendah,0,2
680000000.0,Rumah 2 lantai semi furnish di limo 900 meter Tol Desari.,Cinangka, Depok," Jalur Telepon,  Jogging Track, Track Lari, Masjid, Keamanan 24 jam,  Taman, Ac, Taman, AC,  Masjid, CCTV, Jalur Telepon,  Keamanan",rumah,2.0,2.0,64.0,60.0,1.0,shm - sertifikat hak milik,2200 mah,0.0,0.0,2.0,0.0,2022.0,baru,timur,1.0,semi furnished,Rendah,0,Rendah,0,0
700000000.0,Rumah dekat pondok cabe Pamulang Ciputat Jakarta selatan.,Cinangka, Depok," Jalur Telepon,  Ac, AC, Track Lari,  Taman,  CCTV, Taman, Jogging Track,  Masjid, CCTV, Jalur Telepon, Keamanan",rumah,2.0,1.0,105.0,55.0,2.0,shm - sertifikat hak milik,1300 mah,0.0,0.0,1.0,0.0,2022.0,baru,timur,2.0,unfurnished,Rendah,0,Rendah,0,2
600000000.0,Rumah di Duren rangkapanjaya depokdekat tol sawangan,Cinangka, Depok," Jalur Telepon,  Ac,  Jogging Track, Track Lari, Masjid,  Taman,  CCTV, Taman, AC, CCTV, Jalur Telepon, Keamanan",rumah,2.0,1.0,85.0,50.0,1.0,shm - sertifikat hak milik,2200 mah,0.0,0.0,1.0,0.0,2022.0,baru,timur,1.0,unfurnished,Rendah,0,Rendah,0,2
995000000.0,Rumah 2 Lantai dekat tol dan stasiun di Mampang Pancoran mas,Cinangka, Depok," Jalur Telepon,  Jogging Track, Track Lari, Masjid, Keamanan 24 jam,  Taman, Ac, Taman, AC,  Masjid, CCTV, Jalur Telepon,  Keamanan",rumah,4.0,3.0,80.0,95.0,2.0,shm - sertifikat hak milik,2200 mah,0.0,0.0,2.0,0.0,2022.0,baru,selatan,2.0,unfurnished,Rendah,0,Sedang,2,0
589999999.9999999,RUMAH MURAH DI EXIT TOLL PAMULANG,Cinangka, Depok," Ac,  Jogging Track, Track Lari, Masjid, Keamanan 24 jam,  Taman,  CCTV, Taman, AC,  Masjid, CCTV, Jalur Telepon,  Keamanan",rumah,2.0,1.0,70.0,48.0,1.0,shm - sertifikat hak milik,1300 mah,0.0,0.0,1.0,0.0,2022.0,baru,timur,0.0,unfurnished,Rendah,0,Rendah,0,2
774000000.0,Rumah 2 lantai dekat pondok cabe Pamulang ciputat,Cinangka, Depok," Jalur Telepon,  Ac,  Jogging Track, Track Lari, Masjid, Keamanan 24 jam,  Taman, Taman, AC,  Masjid, CCTV, Jalur Telepon,  Keamanan",rumah,3.0,2.0,68.0,56.0,1.0,shm - sertifikat hak milik,2200 mah,0.0,0.0,2.0,0.0,2022.0,baru,timur,1.0,unfurnished,Rendah,0,Rendah,0,0
799000000.0,Rumah 2 Lantai Nyaman Nuansa Bali Dekat Pintu Tol Pamulang,Cinangka, Depok," Jalur Telepon,  Ac,  Jogging Track, Masjid,  Taman,  CCTV, Keamanan",rumah,3.0,2.0,70.0,60.0,1.0,shm - sertifikat hak milik,2200 mah,0.0,0.0,2.0,0.0,2022.0,baru,utara,1.0,unfurnished,Rendah,0,Rendah,0,0
600000000.0,Rumah Baru tanah besar SHM 900meter tol desari.,Cinangka, Depok," Ac,  Jogging Track, Track Lari, Keamanan 24 jam,  CCTV, Taman, AC, CCTV, Jalur Telepon,  Keamanan",rumah,2.0,1.0,85.0,50.0,1.0,shm - sertifikat hak milik,1300 mah,0.0,0.0,1.0,0.0,2022.0,baru,timur,1.0,unfurnished,Rendah,0,Rendah,0,2
725000000.0,Rumah Baru terasa 2 lantai Semi Furnished di Duren SHM,Cinangka, Depok," Jalur Telepon,  Jogging Track, Track Lari, Keamanan 24 jam, Ac, Taman, AC, Jalur Telepon,  Keamanan",rumah,2.0,1.0,70.0,55.0,1.0,shm - sertifikat hak milik,1300 mah,0.0,0.0,1.0,0.0,2022.0,baru,selatan,1.0,semi furnished,Rendah,0,Rendah,0,2
680000000.0,Rumah 2 Lantai SHM Semi Furnished di limo dekat tol desari.,Cinangka, Depok," Ac,  Jogging Track, Track Lari,  Taman, Taman, AC, CCTV, Jalur Telepon,  Keamanan",rumah,2.0,2.0,60.0,60.0,1.0,shm - sertifikat hak milik,2200 mah,0.0,0.0,2.0,0.0,2022.0,baru,timur,1.0,semi furnished,Rendah,0,Rendah,0,0
1490000000.0,Rumah mewah kawasan Beji dekat tol krukut dan kukusan.,Cinangka, Depok," Ac,  Jogging Track, Track Lari, Masjid, Keamanan 24 jam,  Taman, Taman, AC,  Masjid, CCTV, Jalur Telepon,  Keamanan",rumah,3.0,3.0,98.0,130.0,1.0,shm - sertifikat hak milik,2200 mah,1.0,1.0,2.0,0.0,2022.0,baru,timur laut,0.0,semi furnished,Rendah,0,Sedang,2,1
1490000000.0,Rumah 2 lantai SHM di Tanah baru akses 2 pintu tol,Cinangka, Depok," Jalur Telepon, AC, Track Lari,  Taman,  CCTV, Ac, Taman, Jogging Track, CCTV, Jalur Telepon,  Keamanan",rumah,3.0,3.0,95.0,130.0,2.0,shm - sertifikat hak milik,2200 mah,1.0,1.0,2.0,0.0,2022.0,baru,timur,2.0,semi furnished,Rendah,0,Sedang,2,1
484000000.0,Rumah Di Depok Murah,Cinangka, Depok," AC, Masjid,  CCTV, Kulkas, Wastafel,  Pemanas Air, Jalur Telepon, Tempat Jemuran, Lapangan Bulu Tangkis, Lapangan Bola,  Akses Parkir,  One Gate System, Keamanan 24 jam,  Taman,  Tempat Laundry,  Playground,  Kitchen Set,  Mesin Cuci,  Kolam Renang,  Track Lari",rumah,2.0,1.0,72.0,45.0,0.0,shm - sertifikat hak milik,1300 mah,0.0,0.0,1.0,0.0,2022.0,baru,selatan,0.0,unfurnished,Rendah,0,Rendah,0,2
730000000.0,RUMAH MURAH DI CINANGKA SAWANGAN DEPOK,Cinangka, Depok," Jalur Telepon,  Ac,  Jogging Track, Track Lari,  Taman, Taman, AC,  Masjid, CCTV, Jalur Telepon, Keamanan",rumah,2.0,1.0,101.0,48.0,1.0,shm - sertifikat hak milik,1300 mah,0.0,0.0,1.0,0.0,2022.0,baru,timur,0.0,unfurnished,Rendah,0,Rendah,0,2
589999999.9999999,RUMAH PALING MURAH DEKAT THE PARK SAWANGAN.,Cinangka, Depok," Jalur Telepon,  Jogging Track, Track Lari, Masjid, Keamanan 24 jam,  Taman,  CCTV, Ac, Taman, AC,  Masjid, CCTV, Jalur Telepon,  Keamanan",rumah,2.0,1.0,70.0,48.0,1.0,shm - sertifikat hak milik,1300 mah,0.0,0.0,1.0,0.0,2022.0,baru,timur,0.0,unfurnished,Rendah,0,Rendah,0,2
595000000.0,RUMAH SIAP HUNI DI EXITE TOLL PAMULANG.,Cinangka, Depok," Jalur Telepon, AC, Track Lari,  Taman,  CCTV, Ac, Taman, Jogging Track,  Masjid, CCTV, Jalur Telepon,  Keamanan",rumah,2.0,1.0,72.0,48.0,1.0,shm - sertifikat hak milik,1300 mah,0.0,0.0,1.0,0.0,2022.0,baru,barat,0.0,unfurnished,Rendah,0,Rendah,0,2
592000000.0,RUMAH  DEKAT THE PARK SAWANGAN.,Cinangka, Depok," Ac,  Jogging Track, Track Lari, Kolam Renang,  Taman, AC,  Masjid, Jalur Telepon,  Keamanan",rumah,2.0,1.0,70.0,48.0,1.0,shm - sertifikat hak milik,1300 mah,0.0,0.0,1.0,0.0,2022.0,baru,selatan,0.0,unfurnished,Rendah,0,Rendah,0,2
680000000.0,"Rumah 1,5 lantai semi furnish dekat stasiun Depok .",Cinangka, Depok," Jalur Telepon,  Jogging Track, Track Lari, Masjid, Keamanan 24 jam,  Taman,  CCTV, Ac, Taman, AC, CCTV, Jalur Telepon,  Keamanan",rumah,2.0,1.0,70.0,45.0,1.0,shm - sertifikat hak milik,2200 mah,0.0,0.0,1.0,0.0,2022.0,baru,selatan,1.0,semi furnished,Rendah,0,Rendah,0,2
965000000.0,RUMAH SIAP HUNI DI EXIT TOL PAMULANG,Cinangka, Depok," Jalur Telepon,  Jogging Track, Track Lari, Masjid, Keamanan 24 jam,  Taman, Ac, Taman, AC,  Masjid, CCTV, Jalur Telepon,  Keamanan",rumah,3.0,2.0,70.0,115.0,1.0,shm - sertifikat hak milik,2200 mah,0.0,0.0,2.0,0.0,2022.0,baru,selatan,0.0,unfurnished,Rendah,0,Sedang,2,0
630000000.0,Prestige Bojongsari Sawangan Rumah Dp 0 Persen,Bojong Sari, Depok," Jalur Telepon,  Jogging Track, Tempat Jemuran,  Akses Parkir,  One Gate System, Track Lari,  AC, Masjid, Keamanan 24 jam,  Taman,  CCTV,  Playground, Wastafel, Jalur Telepon, Keamanan",rumah,3.0,1.0,72.0,52.0,1.0,shm - sertifikat hak milik,2200 mah,1.0,0.0,2.0,0.0,2022.0,baru,utara,1.0,unfurnished,Rendah,0,Rendah,0,0
484000000.0,"Rumah  di Jalan Raya Bojongsari, Sawangan Depok",Bojong Sari, Depok," AC, Masjid,  CCTV, Kulkas, Wastafel,  Pemanas Air, Jalur Telepon, Tempat Jemuran, Lapangan Bulu Tangkis, Lapangan Bola,  Akses Parkir,  One Gate System, Keamanan 24 jam,  Taman,  Tempat Laundry,  Playground,  Kitchen Set,  Mesin Cuci,  Track Lari",rumah,2.0,1.0,72.0,45.0,1.0,shm - sertifikat hak milik,1300 mah,0.0,0.0,1.0,0.0,2022.0,baru,utara,0.0,semi furnished,Rendah,0,Rendah,0,2
785000000.0,Di jual rumah di Bojongsari sawangan Depok,Bojong Sari, Depok," Kolam Renang, Keamanan 24 jam, Ac, Taman, AC,  Keamanan",rumah,3.0,2.0,84.0,70.0,1.0,shm - sertifikat hak milik,2200 mah,0.0,0.0,2.0,1.0,2021.0,bagus,barat laut,0.0,unfurnished,Rendah,0,Rendah,0,3
999000000.0,Rumah 2 Lamtai Depok GDC Tanah Luas Lokasi Pinggir Jalan Raya Siap Huni Raya,Cilodong, Depok,"Ac,  Keamanan, Taman",rumah,3.0,2.0,89.0,80.0,2.0,shm - sertifikat hak milik,2200 mah,0.0,0.0,2.0,0.0,2022.0,baru,timur,2.0,unfurnished,Rendah,0,Rendah,0,0
775000000.0,Rumah di Depok 3 Kamar Dekat Sd Al Azhar Kawasan Gdc Depok,Cilodong, Depok,Taman,rumah,3.0,2.0,67.0,65.0,2.0,shm - sertifikat hak milik,2200 mah,0.0,0.0,2.0,0.0,2022.0,baru,utara,0.0,unfurnished,Rendah,0,Rendah,0,0
725000000.0,Rumah 2 Lantai bata merah di Cilodong carport 2 mobil,Cilodong, Depok," Jalur Telepon,  Jogging Track, Track Lari, Masjid, Keamanan 24 jam,  Taman,  CCTV, Ac, Taman, AC, CCTV, Jalur Telepon,  Keamanan",rumah,3.0,2.0,66.0,56.0,2.0,shm - sertifikat hak milik,2200 mah,0.0,0.0,2.0,0.0,2022.0,baru,timur,2.0,unfurnished,Rendah,0,Rendah,0,0
995000000.0,Rumah 2 Lantai SHM di Kalimulya Cilodong depok,Cilodong, Depok," Ac,  Taman,  CCTV, Jogging Track,  Masjid, Jalur Telepon,  Keamanan",rumah,3.0,3.0,95.0,100.0,2.0,shm - sertifikat hak milik,2200 mah,0.0,0.0,2.0,0.0,2022.0,baru,timur,2.0,unfurnished,Rendah,0,Sedang,2,0
699000000.0,Rumah nyaman 2 lantai dekat GDC dekat Setu Cilodong Depok,Cilodong, Depok,"Tempat Jemuran,  Ac,  Taman, Taman, One Gate System, AC, Jalur Telepon",rumah,3.0,2.0,66.0,56.0,2.0,shm - sertifikat hak milik,2200 mah,0.0,0.0,2.0,0.0,2022.0,baru,timur,0.0,unfurnished,Rendah,0,Rendah,0,0
220000000.0,Rumah Minimalis Modern di Citayam Bebas Banjir Akses Mudah Asri,Cilodong, Depok,"Tempat Jemuran, Taman,  One Gate System, Keamanan 24 jam",rumah,2.0,1.0,60.0,36.0,1.0,shm - sertifikat hak milik,1300 mah,0.0,0.0,1.0,0.0,2022.0,baru,timur,0.0,unfurnished,Rendah,0,Rendah,0,2
800000000.0,"Cluster Terdekat Stasiun Hanya 1.7km Rumah 2 Lantai Dekat Jalan Raya GDC Depok, 5 Menit Alun-Alun, Akses Tol",Sukmajaya, Depok," AC,  CCTV, Taman,  Masjid, Keamanan",rumah,3.0,2.0,70.0,68.0,2.0,shm - sertifikat hak milik,2200 mah,0.0,0.0,2.0,0.0,2022.0,bagus sekali,timur,2.0,unfurnished,Rendah,0,Rendah,0,0
995000000.0,"Rumah tanpa DP, harga all in, gratis smarthome, SHM",Sukmajaya, Depok,"Tempat Jemuran,  Ac,  Akses Parkir,  One Gate System,  AC, Masjid, Kitchen Set, Keamanan 24 jam,  Taman,  Tempat Laundry,  CCTV, Wastafel, Jalur Telepon,  Keamanan",rumah,3.0,2.0,72.0,70.0,1.0,shm - sertifikat hak milik,2200 mah,0.0,0.0,2.0,0.0,2022.0,bagus,barat,1.0,unfurnished,Rendah,0,Rendah,0,0
1100000000.0,TownHouse Mewah Luas Strategis 3 menit pintu Toll Desari Sawangan Depok 15menit TB Simatupang JakSel,Rangkapanjaya, Depok,"Tempat Jemuran,  One Gate System, Keamanan 24 jam,  Taman, Taman, Wastafel, AC, CCTV, Jalur Telepon, Keamanan",rumah,3.0,4.0,72.0,105.0,1.0,shm - sertifikat hak milik,2200 mah,0.0,0.0,2.0,1.0,2021.0,bagus,selatan,1.0,unfurnished,Rendah,0,Sedang,2,3
485000000.0,"Rumah di Jalan Raya Pancoran Mas, Rangkapan Jaya Depok",Rangkapanjaya, Depok," AC, Masjid,  CCTV, Kulkas, Wastafel,  Pemanas Air, Jalur Telepon, Tempat Jemuran, Lapangan Bulu Tangkis, Lapangan Bola,  Akses Parkir,  One Gate System, Keamanan 24 jam,  Taman,  Tempat Laundry,  Playground,  Kitchen Set,  Mesin Cuci,  Track Lari",rumah,2.0,1.0,84.0,55.0,1.0,shm - sertifikat hak milik,1300 mah,0.0,0.0,1.0,0.0,2022.0,baru,selatan,0.0,unfurnished,Rendah,0,Rendah,0,2
1480000000.0,Rumah Tropis 1km Tol Andara,Cinere, Depok,"Track Lari,  One Gate System, Akses Parkir, Keamanan 24 jam,  Taman,  CCTV, Taman,  Playground, Wastafel, AC, Jalur Telepon",rumah,3.0,2.0,60.0,73.0,2.0,shm - sertifikat hak milik,2200 mah,0.0,0.0,2.0,0.0,2022.0,bagus,selatan,2.0,unfurnished,Rendah,0,Rendah,0,0
970000000.0,RUMAH MURAH DI EXITE TOL PAMULANG,Cinere, Depok," Jalur Telepon,  Ac,  Jogging Track, Track Lari, Masjid,  Taman,  CCTV, Taman, AC, CCTV, Jalur Telepon, Keamanan",rumah,3.0,2.0,70.0,115.0,1.0,shm - sertifikat hak milik,2200 mah,0.0,0.0,2.0,0.0,2022.0,baru,selatan,0.0,unfurnished,Rendah,0,Sedang,2,0
800000000.0,Jual Rumah Desain Modern Dalam Cluster Amara Residence Sertifikat Hak Milik,Cinere, Depok," Jalur Telepon,  AC, Kitchen Set,  Taman,  CCTV, Taman, Wastafel, AC, Keamanan",rumah,3.0,3.0,65.0,78.0,1.0,shm - sertifikat hak milik,3500 mah,1.0,1.0,2.0,0.0,2022.0,baru,barat,0.0,unfurnished,Rendah,0,Rendah,0,0
890000000.0,Jual Rumah di Cinere Unit Hook Lokasi Cluster Tepi Jalan Utama,Cinere, Depok," Jalur Telepon,  Jogging Track, Track Lari, Masjid, Keamanan 24 jam,  Taman, Taman, AC,  Masjid, CCTV, Jalur Telepon,  Keamanan",rumah,3.0,3.0,101.0,78.0,1.0,shm - sertifikat hak milik,3500 mah,0.0,0.0,2.0,0.0,2022.0,baru,barat,1.0,semi furnished,Rendah,0,Rendah,0,0
1350000000.0,Rumah baru dalam cluster seberang mall Cinere,Cinere, Depok,"Tempat Jemuran, Keamanan, Wastafel",rumah,3.0,3.0,80.0,138.0,2.0,shm - sertifikat hak milik,2200 mah,1.0,1.0,2.0,0.0,2022.0,baru,timur,0.0,unfurnished,Rendah,0,Sedang,2,1
525000000.0,"Rumah modern termurah di kawasan cinere, akses mudah kemana2",Cinere, Depok," Jalur Telepon,  Jogging Track, Tempat Jemuran, Track Lari,  Taman, Ac, Taman, Wastafel, Lapangan Voli, AC,  Masjid,  Kolam Ikan, Jalur Telepon,  Keamanan",rumah,2.0,1.0,75.0,36.0,1.0,shm - sertifikat hak milik,1300 mah,0.0,0.0,1.0,0.0,2022.0,baru,selatan,1.0,unfurnished,Rendah,0,Rendah,0,2
1170000000.0,Rumah Mewah 2 Lantai Model Scandinavian Modern Cinere Krukut. Lokasi 50 Meter Dari Jalan Raya Krukut,Cinere, Depok,"Tempat Jemuran,  One Gate System, Masjid, Keamanan 24 jam,  Taman,  CCTV, CCTV, Jalur Telepon",rumah,3.0,2.0,93.0,88.0,2.0,shm - sertifikat hak milik,2200 mah,0.0,0.0,2.0,0.0,2022.0,baru,timur,0.0,unfurnished,Rendah,0,Rendah,0,0
1170000000.0,Rumah Mewah 2 Lantai Model Scandinavian Modern Cinere Krukut. Lokasi 50 Meter Dari Jalan Raya Krukut,Pangkalan Jati, Depok,"Tempat Jemuran,  One Gate System, Masjid, Keamanan 24 jam,  Taman,  CCTV, Taman, CCTV",rumah,3.0,2.0,93.0,88.0,2.0,shm - sertifikat hak milik,2200 mah,0.0,0.0,2.0,0.0,2022.0,baru,timur,0.0,unfurnished,Rendah,0,Rendah,0,0
300000000.0,Rumah di depok dekat gerbang tol,Sawangan, Depok," Jalur Telepon,  AC,  Kolam Renang,  Taman,  CCTV, Jogging Track,  Masjid, Keamanan",rumah,2.0,1.0,60.0,40.0,1.0,shm - sertifikat hak milik,1300 mah,0.0,0.0,1.0,0.0,2022.0,baru,selatan,1.0,semi furnished,Rendah,0,Rendah,0,2
235000000.0,Rumah Murah Di Kota Depok SHM - Sertifikat Hak Milik,Sawangan, Depok," Jalur Telepon,  Jogging Track, Track Lari,  Taman, Ac, Taman, AC,  Masjid, CCTV, Jalur Telepon,  Keamanan",rumah,2.0,1.0,50.0,36.0,0.0,shm - sertifikat hak milik,1300 mah,0.0,0.0,1.0,0.0,2022.0,baru,timur,1.0,semi furnished,Rendah,0,Rendah,0,2
901000000.0,Rumah Daerah Margonda Lokasi Strategis Dekat Exit Toll,Sawangan, Depok,"Tempat Jemuran, Track Lari,  One Gate System,  Kolam Renang,  AC, Kitchen Set, Akses Parkir, Keamanan 24 jam,  Taman,  Tempat Laundry,  CCTV, Ac,  Playground,  Pemanas Air, Wastafel, CCTV, Jalur Telepon,  Keamanan",rumah,3.0,3.0,101.0,78.0,1.0,shm - sertifikat hak milik,3500 mah,0.0,0.0,2.0,0.0,2022.0,baru,barat,1.0,semi furnished,Rendah,0,Rendah,0,0
901000000.0,Rumah 2 Lantai di Pamulang Dalam Cluster,Sawangan, Depok,"Tempat Jemuran, Track Lari,  AC, Kitchen Set,  Taman,  CCTV, Ac, Wastafel,  Pemanas Air, CCTV, Jalur Telepon,  Keamanan",rumah,3.0,3.0,101.0,91.0,1.0,shm - sertifikat hak milik,3500 mah,0.0,0.0,2.0,0.0,2022.0,baru,barat,1.0,semi furnished,Rendah,0,Sedang,2,0
1110000000.0,Rumah Baru di Ciputat 2 Lantai Cluster Pinggir Jalan,Sawangan, Depok,"Tempat Jemuran, Track Lari,  AC, Kitchen Set,  Taman,  CCTV, Ac, Wastafel,  Pemanas Air, CCTV, Jalur Telepon,  Keamanan",rumah,4.0,3.0,91.0,101.0,2.0,shm - sertifikat hak milik,3500 mah,0.0,0.0,2.0,0.0,2022.0,baru,timur,2.0,semi furnished,Rendah,0,Sedang,2,0
485000000.0,Rumah SHM Semi Furnished di Bedahan sawangan,Sawangan, Depok," Jalur Telepon,  Ac,  Jogging Track, Masjid,  Taman,  CCTV, Keamanan",rumah,2.0,1.0,60.0,45.0,1.0,shm - sertifikat hak milik,1300 mah,0.0,0.0,1.0,0.0,2022.0,baru,timur,0.0,semi furnished,Rendah,0,Rendah,0,2
1200000000.0,RUMAH MEWAH TERMURAH DEKAT MALL THE PARK SAWANGAN! SEMI FURNISHED,Sawangan, Depok," Ac,  Jogging Track, Track Lari,  Kolam Renang, Keamanan 24 jam,  Taman, Kolam Renang, Taman, AC, CCTV, Jalur Telepon,  Keamanan",rumah,2.0,2.0,84.0,75.0,0.0,shm - sertifikat hak milik,2200 mah,1.0,1.0,2.0,1.0,2021.0,baru,timur,2.0,semi furnished,Rendah,0,Rendah,0,3
800000000.0,Rumah Cantik Depok Nuansa Bali Dekat Jakarta Selatan Akses 10 Menit ke 2 Pintu Tol,Sawangan, Depok,"Tempat Jemuran,  One Gate System, Keamanan 24 jam,  Taman,  CCTV, Taman, Wastafel, AC,  Masjid, Jalur Telepon,  Keamanan",rumah,3.0,2.0,68.0,56.0,2.0,shm - sertifikat hak milik,2200 mah,0.0,0.0,2.0,0.0,2022.0,bagus,timur,2.0,unfurnished,Rendah,0,Rendah,0,0
750000000.0,Rumah 2 lantai Siap Huni akses jalan besar dekat ke TangSel JakSel akses Tol Jorr dan Desari,Sawangan, Depok,"Ac,  Keamanan, Taman",rumah,3.0,2.0,70.0,69.0,2.0,shm - sertifikat hak milik,2200 mah,0.0,0.0,2.0,0.0,2022.0,bagus,timur,2.0,unfurnished,Rendah,0,Rendah,0,0
600000000.0,Rumah Cantik Depok Nuansa Bali 10 menit Tol Jorr Desari Dekat Jakarta Selatan,Sawangan, Depok,"Ac, Taman",rumah,2.0,1.0,68.0,38.0,1.0,shm - sertifikat hak milik,1300 mah,0.0,0.0,1.0,0.0,2022.0,baru,timur,1.0,unfurnished,Rendah,0,Rendah,0,2
650000000.0,Grand Prestige Sawangan Rumah Exclusive Dp 0 Persen,Sawangan, Depok,"Tempat Jemuran,  Jogging Track, Track Lari,  Akses Parkir,  One Gate System,  AC, Masjid, Keamanan 24 jam,  Taman,  CCTV,  Playground, Wastafel,  Masjid, CCTV, Jalur Telepon,  Keamanan",rumah,3.0,1.0,72.0,52.0,1.0,shm - sertifikat hak milik,2200 mah,0.0,0.0,2.0,0.0,2022.0,baru,utara,1.0,unfurnished,Rendah,0,Rendah,0,0
950000000.0,RUMAH SIAP HUNI DI EXIT TOL PAMULANG,Sawangan, Depok," Jalur Telepon,  Jogging Track, Track Lari,  CCTV, Ac, Taman, AC, CCTV, Jalur Telepon,  Keamanan",rumah,4.0,2.0,70.0,118.0,1.0,shm - sertifikat hak milik,2200 mah,0.0,0.0,2.0,0.0,2022.0,baru,selatan,0.0,unfurnished,Rendah,0,Sedang,2,0
955000000.0,RUMAH MODERN SIAP HUNI DI EXITE TOLL PAMULANG,Sawangan, Depok," Jalur Telepon,  Jogging Track, Track Lari,  Taman, Ac, Taman, AC,  Masjid, CCTV, Jalur Telepon,  Keamanan",rumah,3.0,2.0,70.0,115.0,1.0,shm - sertifikat hak milik,2200 mah,0.0,0.0,2.0,0.0,2022.0,baru,selatan,0.0,unfurnished,Rendah,0,Sedang,2,0
1870000000.0,Rumah Mewah Pinggir Jl Raya Sawangan,Sawangan, Depok," Jalur Telepon,  Jogging Track, Track Lari,  Kolam Renang, Masjid, Keamanan 24 jam, Kolam Renang,  Taman,  CCTV, Taman,  Masjid, CCTV, Jalur Telepon, Keamanan",rumah,4.0,4.0,124.0,135.0,2.0,shm - sertifikat hak milik,2200 mah,0.0,0.0,2.0,0.0,2022.0,baru,timur,0.0,unfurnished,Rendah,0,Sedang,2,0
285000000.0,Rumah di Sawangan Harga Terjangkau,Sawangan, Depok," Jalur Telepon,  Ac,  Kolam Renang,  Taman, Jogging Track,  Masjid, CCTV,  Keamanan",rumah,2.0,1.0,63.0,40.0,1.0,shm - sertifikat hak milik,1300 mah,0.0,0.0,1.0,0.0,2022.0,baru,selatan,1.0,semi furnished,Rendah,0,Rendah,0,2
2490000000.0,Di Pinggir Jalan Raya Utama Rumah 2 lantai Bebas Banjir,Sawangan, Depok,"Tempat Jemuran,  Ac,  Jogging Track, Lapangan Bulu Tangkis,  Track Lari,  Kolam Renang,  AC, Kitchen Set,  Taman,  CCTV, Taman, Wastafel,  Pemanas Air,  Tempat Gym,  Masjid, Jalur Telepon,  Keamanan, Lapangan Basket",rumah,4.0,4.0,158.0,133.0,2.0,shm - sertifikat hak milik,2200 mah,1.0,1.0,2.0,0.0,2022.0,baru,utara,2.0,semi furnished,Sedang,2,Sedang,2,1
2280000000.0,Bebas Banjir Rumah 2 Lantai di Pinggir Jalan Raya Utama,Sawangan, Depok," Jalur Telepon,  Jogging Track, Tempat Jemuran, Lapangan Bulu Tangkis,  Track Lari,  Kolam Renang,  AC, Kitchen Set,  Taman,  CCTV, Ac, Wastafel,  Pemanas Air,  Tempat Gym, CCTV, Jalur Telepon,  Keamanan, Lapangan Basket",rumah,3.0,3.0,142.0,126.0,2.0,shm - sertifikat hak milik,2200 mah,1.0,1.0,2.0,0.0,2022.0,baru,selatan,2.0,unfurnished,Sedang,2,Sedang,2,1
230000000.0,RUMAH CLUSTER MEWAH HARGA TERJANGKAU DAN BEBAS BANJIR,Sawangan, Depok," Jalur Telepon,  Ac, AC, Track Lari, Masjid,  Taman,  CCTV, Taman, Jogging Track, CCTV, Jalur Telepon,  Keamanan",rumah,2.0,1.0,50.0,36.0,1.0,shm - sertifikat hak milik,1300 mah,0.0,0.0,1.0,0.0,2022.0,baru,timur,1.0,semi furnished,Rendah,0,Rendah,0,2
800000000.0,Rumah  di Sawangan 10 Menit Ke Toll Pamulang,Sawangan, Depok," Jalur Telepon,  Jogging Track, Track Lari,  AC, Masjid,  Taman,  CCTV, Taman, AC, CCTV, Jalur Telepon, Keamanan",rumah,3.0,3.0,101.0,78.0,1.0,shm - sertifikat hak milik,3500 mah,0.0,0.0,2.0,0.0,2022.0,baru,barat,1.0,semi furnished,Rendah,0,Rendah,0,0
387000000.0,Rumah SHM di sawangan depok,Sawangan, Depok," Jalur Telepon,  Ac,  Jogging Track, Masjid,  Taman,  CCTV, Keamanan",rumah,2.0,1.0,55.0,42.0,1.0,shm - sertifikat hak milik,1300 mah,0.0,0.0,1.0,0.0,2022.0,baru,selatan,1.0,unfurnished,Rendah,0,Rendah,0,2
485000000.0,"Rumah Baru SHM di Jalan Raya Sawangan Bojongsari Depok, Depok",Sawangan, Depok,"Tempat Jemuran, Lapangan Bulu Tangkis, Lapangan Bola,  Akses Parkir,  One Gate System,  AC, Masjid, Keamanan 24 jam,  Taman,  CCTV, Kulkas,  Playground, Wastafel,  Pemanas Air, Jalur Telepon,  Kitchen Set,  Track Lari",rumah,2.0,1.0,72.0,42.0,1.0,shm - sertifikat hak milik,1300 mah,0.0,0.0,1.0,0.0,2022.0,baru,timur,0.0,unfurnished,Rendah,0,Rendah,0,2
444999999.9999999,RUMAH 2 LANTAI DI PINGGIR JALAN UTAMA BEBAS BANJIR,Sawangan, Depok," Jalur Telepon,  Ac,  Jogging Track, Track Lari, Masjid, Keamanan 24 jam,  Taman, Taman, AC,  Masjid, CCTV, Jalur Telepon, Keamanan",rumah,4.0,2.0,60.0,80.0,1.0,shm - sertifikat hak milik,2200 mah,0.0,0.0,1.0,1.0,2021.0,bagus,utara,1.0,semi furnished,Rendah,0,Rendah,0,3
200000000.0,Rumah mewah harga murah lokasi strategis,Sawangan, Depok,"Masjid, Taman",rumah,2.0,1.0,50.0,36.0,1.0,shm - sertifikat hak milik,1300 mah,0.0,0.0,1.0,0.0,2022.0,bagus sekali,selatan,1.0,semi furnished,Rendah,0,Rendah,0,2
750000000.0,Rumah Minimalis Gardens candi Sawangan,Sawangan, Depok,"Ac,  Taman,  Kolam Renang, Keamanan",rumah,2.0,1.0,66.0,50.0,1.0,shm - sertifikat hak milik,1300 mah,0.0,0.0,1.0,1.0,2021.0,bagus,utara,0.0,semi furnished,Rendah,0,Rendah,0,3
2280000000.0,Bisa Cicil Sampai 20 Tahun Rumah Mewah Idaman Anak Muda Sudah Fully Furnished Super Lengkap di Lokasi Sangat Strategis di Jalan Utama Keamanan Terjamin Developer Alam Sutera,Sawangan, Depok," Jalur Telepon,  Jogging Track,  AC, Kolam Renang,  Taman,  CCTV, Keamanan",rumah,3.0,3.0,110.0,103.0,2.0,shm - sertifikat hak milik,5500 mah,1.0,1.0,2.0,1.0,2021.0,baru,selatan,0.0,furnished,Sedang,2,Sedang,2,1
1670000000.0,Rumah Viral Cuma 10 Jutaan Cicilan Nyaman di Hati Sutera Sawangan Modern Mewah Lokasi Sangat Strategis Dekat Mall,Sawangan, Depok," Jalur Telepon,  Jogging Track,  AC, Masjid, Kolam Renang,  Taman,  CCTV,  Keamanan",rumah,3.0,2.0,96.0,103.0,2.0,shm - sertifikat hak milik,2200 mah,1.0,1.0,2.0,1.0,2021.0,baru,selatan,0.0,unfurnished,Rendah,0,Sedang,2,1
1410000000.0,Cuma 8 Jutaan Perbulan Bisa Cicil 20 Tahun Rumah Super Cluster Eksklusif Lokasi Terdepan di Pusat Kota Sawangan Selangkah Ke Mall Dan Exit Toll,Sawangan, Depok," Jalur Telepon,  Jogging Track,  Kolam Renang,  Taman, AC,  Masjid, CCTV,  Keamanan",rumah,3.0,2.0,84.0,85.0,2.0,shm - sertifikat hak milik,2200 mah,0.0,0.0,2.0,1.0,2021.0,baru,timur,0.0,unfurnished,Rendah,0,Rendah,0,3
1330000000.0,Cuma 8 Jutaan Perbulan Bisa Cicil Sampai 20 Tahun Rumah Cantik Furnished Lokasi Super Strategis Sangat Dekat Dengan Toll Dan Mall Sutera Sawangan Persembahan Alam Sutera,Sawangan, Depok," Jogging Track,  Kolam Renang,  Taman,  Masjid, CCTV, Jalur Telepon,  Keamanan",rumah,2.0,2.0,84.0,75.0,2.0,shm - sertifikat hak milik,2200 mah,0.0,0.0,2.0,1.0,2021.0,baru,selatan,0.0,unfurnished,Rendah,0,Rendah,0,3
1940000000.0,Cicilan Super Panjanggg Sampai 20 Tahun Rumah Fully Furnished Lengkap Tinggal Bawa Koper Rumah Modern Lokasi Super Strategis di Jalan Utama Dengan Keamanan Sangat Terjamin,Sawangan, Depok," Jalur Telepon,  Jogging Track,  AC,  CCTV, Taman, Keamanan",rumah,2.0,2.0,106.0,75.0,1.0,shm - sertifikat hak milik,5500 mah,0.0,0.0,2.0,1.0,2021.0,baru,selatan,0.0,furnished,Rendah,0,Rendah,0,3
2790000000.0,Rumah Nyaman Dan Mewah Bisa Cicil 20 Tahun di Super Cluster Lokasi di Jalan Utama Keamanan Terjamin Lokasi Terdepan Bebas Banjir,Sawangan, Depok," Jogging Track, Kolam Renang,  Taman,  CCTV, Keamanan",rumah,4.0,4.0,129.0,120.0,2.0,shm - sertifikat hak milik,5500 mah,1.0,1.0,2.0,1.0,2021.0,baru,selatan,0.0,furnished,Sedang,2,Sedang,2,1
1330000000.0,Promo Cicilan 8 Jutaan Perbulan Free Biaya Akad Rumah Cluster Terlaris Alam Sutera Furnished Lokasi Dekat Dengan Toll Dan Mall Keamanan Terjamin,Sawangan, Depok," Jalur Telepon,  Jogging Track,  Kolam Renang,  CCTV, Taman, AC,  Keamanan",rumah,3.0,3.0,84.0,75.0,2.0,shm - sertifikat hak milik,2200 mah,0.0,0.0,2.0,0.0,2022.0,baru,timur,0.0,semi furnished,Rendah,0,Rendah,0,0
1500000000.0,CICIL TANPA DP DAN TANPA BUNGA RUMAH MEWAH DEKAT MALL! SUTERA SAWANGAN SEMI FURNISHED,Sawangan, Depok," Jalur Telepon,  Ac, AC, Track Lari,  Kolam Renang, Keamanan 24 jam, Kolam Renang,  Taman,  CCTV, Taman, Jogging Track, CCTV, Jalur Telepon,  Keamanan",rumah,4.0,4.0,96.0,103.0,2.0,shm - sertifikat hak milik,2200 mah,1.0,1.0,2.0,1.0,2021.0,baru,timur,2.0,semi furnished,Rendah,0,Sedang,2,1
1100000000.0,Cluster Modern 2 Lt Model Minimalis Lokasi Strategis Di Sawangan,Sawangan, Depok,"Tempat Jemuran, Lapangan Bola,  Akses Parkir,  One Gate System,  Track Lari,  Kolam Renang, Mesin Cuci, Masjid, Keamanan 24 jam,  Taman,  CCTV,  Playground, Wastafel, Jalur Telepon,  Kitchen Set, Lapangan Basket",rumah,3.0,2.0,92.0,74.0,2.0,shm - sertifikat hak milik,2200 mah,0.0,0.0,2.0,0.0,2022.0,baru,selatan,2.0,semi furnished,Rendah,0,Rendah,0,0
799000000.0,Rumah 2 Lantai 3 Kamar Tidur Harga Paling Terjangkau Di Cinangka,Sawangan, Depok,"Tempat Jemuran, Track Lari,  Akses Parkir,  One Gate System,  Kolam Renang, Masjid, Kitchen Set, Keamanan 24 jam,  Taman,  CCTV,  Playground, Wastafel, Jalur Telepon",rumah,3.0,2.0,76.0,66.0,2.0,shm - sertifikat hak milik,2200 mah,0.0,0.0,2.0,0.0,2022.0,baru,utara,2.0,semi furnished,Rendah,0,Rendah,0,0
755000000.0,Perumahan Elite 2 Lt Dengan Smarthome Sistem Di Sawangan Depok,Sawangan, Depok,"Tempat Jemuran, Lapangan Bola,  Akses Parkir,  One Gate System,  Track Lari,  Kolam Renang, Mesin Cuci, Masjid, Keamanan 24 jam,  Taman,  CCTV,  Playground, Wastafel, Jalur Telepon,  Kitchen Set, Lapangan Basket",rumah,3.0,2.0,75.0,60.0,2.0,shm - sertifikat hak milik,2200 mah,0.0,0.0,2.0,0.0,2022.0,baru,selatan,2.0,semi furnished,Rendah,0,Rendah,0,0
1230000000.0,Cluster Premium Rumah 2 Lantai Lokasi Strategis Dan Nyaman,Sawangan, Depok,"Tempat Jemuran, Track Lari,  Akses Parkir,  One Gate System,  Kolam Renang,  AC, Masjid, Kitchen Set, Keamanan 24 jam,  Taman,  CCTV,  Playground, Wastafel, Jalur Telepon",rumah,2.0,2.0,121.0,71.0,2.0,shm - sertifikat hak milik,2200 mah,0.0,0.0,2.0,0.0,2022.0,baru,selatan,2.0,semi furnished,Rendah,0,Rendah,0,0
875000000.0,Rumah 2 Lantai Strategis Dekat Dengan Tol Cijago,Sukatani, Depok,"Tempat Jemuran, Kitchen Set, Keamanan 24 jam, Wastafel",rumah,3.0,2.0,70.0,69.0,2.0,shm - sertifikat hak milik,2200 mah,0.0,0.0,2.0,0.0,2022.0,baru,barat,0.0,unfurnished,Rendah,0,Rendah,0,0
995000000.0,Rumah Mewah Beji Depok Nuansa Scandinavia Strategis Dekat Tol Margonda dan Tol Kukusan Stasiun,Beji, Depok,"Tempat Jemuran,  One Gate System, Keamanan 24 jam,  CCTV, Taman, Wastafel, AC,  Keamanan",rumah,3.0,2.0,72.0,75.0,2.0,shm - sertifikat hak milik,2200 mah,0.0,0.0,2.0,0.0,2022.0,bagus,timur,2.0,unfurnished,Rendah,0,Rendah,0,0
756000000.0,Rumah Murah di Tanah Baru Beji Dekat Kampus Ui Dan Exit Tol Depok,Beji, Depok,"Tempat Jemuran,  Jogging Track, Track Lari,  Taman, Jalur Telepon, Keamanan",rumah,2.0,2.0,60.0,51.0,2.0,shm - sertifikat hak milik,2200 mah,0.0,0.0,2.0,0.0,2022.0,baru,timur,0.0,unfurnished,Rendah,0,Rendah,0,0
1440000000.0,Rumah Siap Huni Akses 2 Mobil Lega Dekat Tol Kukusan Beji Depok,Beji, Depok," Ac,  Jogging Track, Track Lari,  Taman, Taman, AC,  Masjid, CCTV, Jalur Telepon,  Keamanan",rumah,3.0,3.0,97.0,130.0,2.0,shm - sertifikat hak milik,2200 mah,1.0,0.0,2.0,0.0,2022.0,baru,timur,2.0,semi furnished,Rendah,0,Sedang,2,0
1350000000.0,Rumah Mewah Strategis Dekat Stasiun Kereta di Beji Timur,Beji, Depok," Jalur Telepon,  Ac, Tempat Jemuran,  Akses Parkir,  One Gate System, AC, Track Lari, Masjid, Keamanan 24 jam,  Taman,  Tempat Laundry,  CCTV,  Playground, Wastafel, Jogging Track, Jalur Telepon,  Keamanan",rumah,3.0,3.0,102.0,120.0,2.0,shm - sertifikat hak milik,2200 mah,0.0,0.0,2.0,0.0,2022.0,baru,timur,2.0,unfurnished,Rendah,0,Sedang,2,0
950000000.0,Rumah 2 lantai dekat Stasiun depok lama,Beji, Depok," Ac, Masjid, Keamanan,  Taman",rumah,3.0,2.0,57.0,72.0,1.0,shm - sertifikat hak milik,1300 mah,0.0,0.0,2.0,0.0,2022.0,baru,selatan,0.0,unfurnished,Rendah,0,Rendah,0,0
1600000000.0,Rumah Nempel Kampus Ui Depok Dan Tol Kukusan Beji Siap Huni Lho,Beji, Depok," Jalur Telepon, Tempat Jemuran,  Taman, Taman, AC, Jalur Telepon",rumah,4.0,3.0,100.0,120.0,1.0,shm - sertifikat hak milik,2200 mah,0.0,0.0,2.0,0.0,2022.0,baru,selatan,0.0,semi furnished,Rendah,0,Sedang,2,0
995000000.0,Rumah di Depok Dekat Kampus Ui 5 Menit Dari Exit Tol Kukusan Beji,Beji, Depok," Jalur Telepon, Masjid,  CCTV, Taman, CCTV, Jalur Telepon,  Keamanan",rumah,3.0,2.0,72.0,75.0,2.0,shm - sertifikat hak milik,2200 mah,0.0,0.0,2.0,0.0,2022.0,bagus,timur,0.0,unfurnished,Rendah,0,Rendah,0,0
2300000000.0,RUMAH 2 LANTAI SIAP HUNI AKSES 2 MOBIL DI TANAH BARU BEJI DEPOK,Beji, Depok,"Jalur Telepon, Taman",rumah,5.0,5.0,127.0,168.0,2.0,shm - sertifikat hak milik,3500 mah,1.0,1.0,2.0,0.0,2022.0,baru,barat,0.0,unfurnished,Sedang,2,Tinggi,3,1
1950000000.0,Rumah 2 Lantai Baru Lokasi Dekat Lrt Cibubur SHM Siap Huni,Harjamukti, Depok," One Gate System, Keamanan 24 jam,  CCTV, Taman, Wastafel",rumah,3.0,3.0,125.0,136.0,2.0,shm - sertifikat hak milik,2200 mah,1.0,1.0,2.0,0.0,2022.0,baru,utara,0.0,unfurnished,Rendah,0,Sedang,2,1
770000000.0,Rumah 1 Lantai Dekat Dengan Tol Cibubur,Harjamukti, Depok,Keamanan 24 jam,rumah,2.0,1.0,72.0,42.0,2.0,shm - sertifikat hak milik,1300 mah,0.0,0.0,1.0,0.0,2022.0,baru,barat,0.0,unfurnished,Rendah,0,Rendah,0,2
1730000000.0,"Rumah strategis selangkah ke tol, margo city, ui",Margonda, Depok,"Tempat Jemuran,  Ac, Taman, Wastafel, AC, Keamanan",rumah,3.0,3.0,80.0,100.0,2.0,shm - sertifikat hak milik,2200 mah,1.0,1.0,2.0,0.0,2022.0,baru,selatan,0.0,unfurnished,Rendah,0,Sedang,2,1
350000000.0,"Cluster termurah Strategis minimalis dekat GDC, cash SHM",Depok II, Depok,"Keamanan 24 jam, Masjid, Keamanan,  Taman",rumah,2.0,1.0,50.0,36.0,1.0,shm - sertifikat hak milik,1300 mah,0.0,0.0,1.0,0.0,2022.0,baru,timur,0.0,unfurnished,Rendah,0,Rendah,0,2
800000000.0,"Rumah Termurah 2 Lantai di Krukut, Depok",Krukut, Depok," Ac,  Jogging Track, Track Lari,  Taman, Taman, AC,  Masjid, CCTV, Jalur Telepon,  Keamanan",rumah,3.0,2.0,80.0,70.0,1.0,shm - sertifikat hak milik,1300 mah,0.0,0.0,2.0,0.0,2022.0,baru,timur,0.0,furnished,Rendah,0,Rendah,0,0
1170000000.0,Rumah Mewah 2 Lantai Model Scandinavian Modern Cinere Krukut. Lokasi 50 Meter Dari Jalan Raya Krukut,Krukut, Depok,"Tempat Jemuran,  One Gate System, Masjid, Keamanan 24 jam,  Taman,  CCTV, Taman, CCTV",rumah,3.0,2.0,93.0,88.0,2.0,shm - sertifikat hak milik,2200 mah,0.0,0.0,2.0,0.0,2022.0,baru,timur,0.0,unfurnished,Rendah,0,Rendah,0,0
1450000000.0,Rumah Siap Huni Akses 2 Mobil 5 Menit Ke Tol Kukusan Beji Depok,Tanah Baru, Depok," Jalur Telepon,  Jogging Track,  AC, Masjid, Kitchen Set,  CCTV, Wastafel, Jalur Telepon, Tempat Jemuran,  Akses Parkir,  One Gate System, Keamanan 24 jam,  Taman,  Tempat Laundry, Ac, Taman,  Masjid,  Keamanan, Track Lari",rumah,3.0,3.0,98.0,130.0,2.0,shm - sertifikat hak milik,2200 mah,1.0,0.0,2.0,0.0,2022.0,baru,timur,2.0,unfurnished,Rendah,0,Sedang,2,0
1300000000.0,Rumah Murah  Di Tanah Baru-Beji-Depok siap huni,Tanah Baru, Depok,"Ac, Taman",rumah,3.0,3.0,98.0,130.0,2.0,shm - sertifikat hak milik,2200 mah,0.0,0.0,2.0,1.0,2021.0,baru,timur,0.0,semi furnished,Rendah,0,Sedang,2,3
2310000000.0,Rumah Mewah Selangkah Ke Jakarta Selatan,Tanah Baru, Depok," Ac,  Taman,  CCTV, Taman, AC, CCTV, Jalur Telepon, Keamanan",rumah,5.0,5.0,127.0,180.0,2.0,shm - sertifikat hak milik,2200 mah,1.0,1.0,2.0,0.0,2022.0,baru,barat,0.0,semi furnished,Sedang,2,Tinggi,3,1
506000000.0,Rumah 2 Lntai depok lokasi dekat Tol cijago.,Cilangkap, Depok," Ac, CCTV, Keamanan",rumah,2.0,2.0,40.0,46.0,1.0,shm - sertifikat hak milik,2200 mah,0.0,0.0,2.0,0.0,2022.0,baru,selatan,1.0,unfurnished,Rendah,0,Rendah,0,0
1170000000.0,Rumah Mewah 2 Lantai Model Scandinavian Modern Cinere Krukut. Lokasi 50 Meter Dari Jalan Raya Krukut,Gandul, Depok,"Tempat Jemuran,  One Gate System, Masjid, Keamanan 24 jam,  Taman,  CCTV, CCTV, Jalur Telepon",rumah,2.0,1.0,93.0,88.0,2.0,shm - sertifikat hak milik,1300 mah,0.0,0.0,1.0,0.0,2022.0,baru,timur,0.0,unfurnished,Rendah,0,Rendah,0,2
1170000000.0,Rumah Mewah 2 Lantai Model Scandinavian Modern Cinere Krukut. Lokasi 50 Meter Dari Jalan Raya Krukut,Gandul, Depok,"Tempat Jemuran,  One Gate System, Masjid, Keamanan 24 jam,  Taman,  CCTV, CCTV, Jalur Telepon",rumah,2.0,1.0,93.0,88.0,2.0,shm - sertifikat hak milik,1300 mah,0.0,0.0,1.0,0.0,2022.0,baru,timur,0.0,unfurnished,Rendah,0,Rendah,0,2
1590000000.0,Rumah Strategis Kavling Polri Jelambar,Jelambar, Jakarta Barat,"Tempat Jemuran, Wastafel",rumah,3.0,3.0,39.0,110.0,1.0,shm - sertifikat hak milik,2200 mah,0.0,0.0,3.0,0.0,2022.0,baru,utara,0.0,unfurnished,Rendah,0,Sedang,2,0
1710000000.0,RUMAH CANTIK DEKAT AKSES TOLL,Jagakarsa, Jakarta Selatan," AC,  Jogging Track,  Ac,  Kolam Renang, Jalur Telepon, Keamanan 24 jam, Kitchen Set, Masjid,  Jalur Telepon,  CCTV, Track Lari, Wastafel, Keamanan, Tempat Jemuran,  Taman",rumah,3.0,3.0,80.0,130.0,1.0,shm - sertifikat hak milik,2200 mah,1.0,1.0,2.0,0.0,2022.0,baru,utara,1.0,semi furnished,Rendah,0,Sedang,2,1
1950000000.0,RUMAH BARU DI JAGAKARSA  DALAM KOMPLEK PINGGIR JLN 5MENIT STASIUN KERETA API LENTENG AGUNG DAN 4MENIT TOL CICAGO GERBANG TOLL BRIGIF,Jagakarsa, Jakarta Selatan,"Kolam Renang, Taman,  Kolam Renang,  Keamanan,  Ac, Keamanan 24 jam, AC",rumah,4.0,4.0,95.0,150.0,2.0,shm - sertifikat hak milik,2200 mah,0.0,0.0,2.0,0.0,2022.0,baru,selatan,0.0,semi furnished,Rendah,0,Sedang,2,0
2400000000.0,RUMAH HARGA NEGO DI JAGAKARSA jalan Mochamad kahfi1 Jagakarsa,Jagakarsa, Jakarta Selatan,"Ac, AC",rumah,4.0,4.0,113.0,160.0,2.0,shm - sertifikat hak milik,2200 mah,0.0,0.0,2.0,0.0,2022.0,baru,timur,2.0,semi furnished,Sedang,2,Tinggi,3,0
1550000000.0,RUMAH CLUSTER DEKAT AKSES TOLL,Jagakarsa, Jakarta Selatan," Jogging Track,  Track Lari,  One Gate System,  Masjid,  Keamanan,  Akses Parkir, Keamanan 24 jam, Masjid,  Jalur Telepon, Lapangan Voli, CCTV, Tempat Jemuran, Ac, Lapangan Bola,  Taman,  AC,  Tempat Gym, Jalur Telepon, Kitchen Set,  CCTV, Wastafel,  Playground",rumah,3.0,3.0,70.0,120.0,0.0,shm - sertifikat hak milik,2200 mah,0.0,0.0,2.0,0.0,2022.0,baru,utara,1.0,semi furnished,Rendah,0,Sedang,2,0
695000000.0,"RUMAH MURAH, DEKAT CILANDAK AKSES MOTOR",Jagakarsa, Jakarta Selatan," Keamanan, Keamanan 24 jam, AC, Masjid,  Masjid, Ac, Jogging Track, Track Lari, Wastafel, Tempat Jemuran,  Taman",rumah,2.0,2.0,40.0,80.0,1.0,shm - sertifikat hak milik,2200 mah,0.0,0.0,2.0,0.0,2022.0,baru,utara,0.0,unfurnished,Rendah,0,Rendah,0,2
1450000000.0,Rumah Siap Huni Akses 2 Mobil Dekat Pintu Tol Kukusan Beji,Jagakarsa, Jakarta Selatan,"Taman,  Keamanan,  Ac, Jalur Telepon, Keamanan 24 jam, AC, Masjid,  Jalur Telepon, Jogging Track,  CCTV, Track Lari, CCTV,  Taman",rumah,3.0,3.0,97.0,130.0,2.0,shm - sertifikat hak milik,2200 mah,1.0,1.0,2.0,0.0,2022.0,baru,timur,2.0,semi furnished,Rendah,0,Sedang,2,1
3700000000.0,RUMAH BARU MEWAH MURAH STRATEGIS DEKAT RAGUNAN DI JAGAKARSA,Jagakarsa, Jakarta Selatan,"Tempat Jemuran, Kitchen Set, Taman, Keamanan",rumah,4.0,4.0,112.0,240.0,2.0,shm - sertifikat hak milik,2200 mah,2.0,1.0,3.0,0.0,2022.0,baru,timur,2.0,unfurnished,Sedang,2,Sangat Tinggi,1,1
2000000000.0,Rumah with PRIVATEPOOL dalam komplek besar nyaman asri Dekat tol cilandak siap huni,Jagakarsa, Jakarta Selatan," Taman,  Masjid, Jalur Telepon,  CCTV, Kolam Renang,  Keamanan,  Ac,  Jogging Track",rumah,5.0,5.0,125.0,160.0,2.0,shm - sertifikat hak milik,3300 mah,0.0,1.0,2.0,1.0,2021.0,baru,selatan,2.0,semi furnished,Rendah,0,Tinggi,3,1
1950000000.0,Rumah Mewah Luxury Dalam Cluster Dekat Dengan Tol Brigif,Jagakarsa, Jakarta Selatan," Kolam Renang,  Taman,  CCTV, Masjid,  Jalur Telepon, Jogging Track,  Ac,  Keamanan",rumah,3.0,3.0,96.0,150.0,2.0,shm - sertifikat hak milik,2200 mah,1.0,1.0,3.0,0.0,2022.0,baru,timur,1.0,semi furnished,Rendah,0,Sedang,2,1
1950000000.0,Rumah Mewah Luxury Dalam Cluster Dekat Dengan Tol Brigif,Jagakarsa, Jakarta Selatan," Kolam Renang,  Taman,  CCTV, Masjid,  Jalur Telepon, Jogging Track,  Ac,  Keamanan",rumah,3.0,3.0,96.0,150.0,2.0,shm - sertifikat hak milik,2200 mah,1.0,1.0,3.0,0.0,2022.0,baru,timur,1.0,semi furnished,Rendah,0,Sedang,2,1
3700000000.0,RUMAH BARU DI JAGAKARSA,Jagakarsa, Jakarta Selatan,"Keamanan 24 jam, AC, Ac, Keamanan",rumah,5.0,5.0,139.0,240.0,2.0,shm - sertifikat hak milik,3500 mah,0.0,0.0,2.0,0.0,2022.0,baru,timur laut,0.0,semi furnished,Sedang,2,Sangat Tinggi,1,1
3720000000.0,Rumah Baru Mewah Siap Huni Dalam Cluster Di Jagakarsa Raya Jaksel,Jagakarsa, Jakarta Selatan,"Taman,  CCTV, Kitchen Set, CCTV, Tempat Jemuran, Keamanan",rumah,4.0,4.0,112.0,240.0,2.0,shm - sertifikat hak milik,3500 mah,2.0,1.0,3.0,0.0,2022.0,baru,timur,2.0,semi furnished,Sedang,2,Sangat Tinggi,1,1
3500000000.0,RUMAH  BARU DI JAGAKARSA HARGA NEGO DALAM KOMPLEK  DEKET KE TOLL BRIGIF DAN STASIUN LENTENG AGUNG,Jagakarsa, Jakarta Selatan,"Taman, Keamanan 24 jam,  Taman, Ac, Kolam Renang, AC,  Keamanan",rumah,4.0,3.0,135.0,200.0,1.0,shm - sertifikat hak milik,3300 mah,1.0,0.0,2.0,0.0,2022.0,baru,selatan,2.0,semi furnished,Sedang,2,Tinggi,3,1
1900000000.0,RUMAH BARU  HARGA NEGO,Jagakarsa, Jakarta Selatan,"Taman, Kolam Renang, AC,  Keamanan,  Ac",rumah,4.0,4.0,90.0,150.0,2.0,shm - sertifikat hak milik,2200 mah,0.0,0.0,2.0,0.0,2022.0,baru,selatan,0.0,semi furnished,Rendah,0,Sedang,2,0
2300000000.0,Rumah Semi Cluster Lokasi Strategis Dekat Tol di Jagakarsa,Jagakarsa, Jakarta Selatan,"Taman,  Masjid,  Jalur Telepon, Keamanan",rumah,3.0,3.0,120.0,165.0,2.0,shm - sertifikat hak milik,2200 mah,0.0,1.0,2.0,0.0,2022.0,baru,timur,0.0,unfurnished,Sedang,2,Tinggi,3,1
1450000000.0,Rumah Murah Siap Huni Dekat Pintu Toll Di Jagakarsa,Jagakarsa, Jakarta Selatan,"Ac, Keamanan",rumah,3.0,3.0,63.0,100.0,2.0,shm - sertifikat hak milik,2200 mah,0.0,0.0,2.0,0.0,2022.0,baru,timur,0.0,unfurnished,Rendah,0,Sedang,2,0
1680000000.0,Rumah 3 Lantai Desain Skandinavia Terlaris di Area Bintaro,Bintaro, Jakarta Selatan,"Taman,  Taman, Jalur Telepon,  Keamanan, CCTV",rumah,3.0,3.0,60.0,132.0,1.0,shm - sertifikat hak milik,2200 mah,0.0,0.0,3.0,0.0,2022.0,baru,barat,0.0,unfurnished,Rendah,0,Sedang,2,0
1290000000.0,Rumah Murah Minimalis Modern 2 Lantai 3 Kt Dekat Cbd Bintaro Jaya,Bintaro, Jakarta Selatan,"Taman, Keamanan 24 jam, Akses Parkir,  Taman,  CCTV, Wastafel,  One Gate System, Tempat Jemuran",rumah,3.0,2.0,60.0,70.0,1.0,shm - sertifikat hak milik,2200 mah,0.0,0.0,2.0,0.0,2022.0,bagus,utara,0.0,unfurnished,Rendah,0,Rendah,0,0
2700000000.0,RUMAH BARU MURAH SIAP HUNI DI KEBAGUSAN PASAR MINGGU,Kebagusan, Jakarta Selatan,"Taman, One Gate System, Tempat Jemuran, Kitchen Set",rumah,3.0,3.0,118.0,180.0,2.0,shm - sertifikat hak milik,2200 mah,1.0,1.0,2.0,0.0,2022.0,baru,barat,0.0,unfurnished,Sedang,2,Tinggi,3,1
2350000000.0,"Termurah Rumah Minimalis PIK2 6X12.5, Cluster Terbaik",Pantai Indah Kapuk, Jakarta Utara,"Taman,  Kolam Renang,  Keamanan, Jalur Telepon, Keamanan 24 jam, Jogging Track, Track Lari, Wastafel,  Taman",rumah,3.0,3.0,75.0,98.0,2.0,"lainnya (ppjb,girik,adat,dll)",4400 mah,1.0,1.0,2.0,1.0,2021.0,baru,timur laut,0.0,unfurnished,Sedang,2,Sedang,2,1
3150000000.0,"Dijual Brand New Rumah 8x12.5 PIK2, TERMURAH!",Pantai Indah Kapuk, Jakarta Utara," Kolam Renang,  Jalur Telepon, Jogging Track, Keamanan,  Taman",rumah,3.0,3.0,100.0,120.0,2.0,"lainnya (ppjb,girik,adat,dll)",4400 mah,1.0,1.0,2.0,0.0,2022.0,baru,selatan,0.0,unfurnished,Sedang,2,Sedang,2,1
3150000000.0,"Dijual Brand New Rumah 8x12.5 PIK2, TERMURAH!",Pantai Indah Kapuk, Jakarta Utara," Kolam Renang,  Taman,  Jalur Telepon, Jogging Track, Keamanan",rumah,3.0,3.0,100.0,120.0,2.0,"lainnya (ppjb,girik,adat,dll)",4400 mah,1.0,1.0,2.0,0.0,2022.0,baru,selatan,0.0,unfurnished,Sedang,2,Sedang,2,1
3000000000.0,"Rumah 6x15 di Pantai Indah Kapuk 2, 2 Lantai Unfurnished",Pantai Indah Kapuk, Jakarta Utara," Kolam Renang,  Taman, Jogging Track, Track Lari, Keamanan",rumah,3.0,3.0,90.0,120.0,2.0,shm - sertifikat hak milik,2200 mah,1.0,1.0,2.0,0.0,2022.0,baru,selatan,0.0,unfurnished,Sedang,2,Sedang,2,1
1300000000.0,Andre Tjhia Rumah 4x14 Bangunan 3 Lantai Dekat Mal Puri Samping Meruya,Puri Indah, Jakarta Barat," AC, Tempat Jemuran, Wastafel, Kitchen Set",rumah,3.0,3.0,56.0,150.0,0.0,shm - sertifikat hak milik,2200 mah,0.0,0.0,3.0,0.0,2022.0,baru,utara,0.0,semi furnished,Rendah,0,Sedang,2,0
408000000.0000001,Rumah murah 2 lantai di utan kayu jakarta timur,Utan Kayu, Jakarta Timur,"Taman, Keamanan 24 jam,  One Gate System, Keamanan, CCTV,  Taman",rumah,2.0,1.0,18.0,35.0,0.0,shm - sertifikat hak milik,2200 mah,0.0,0.0,2.0,0.0,2022.0,baru,barat,0.0,unfurnished,Rendah,0,Rendah,0,2
418000000.0,Rumah Murah 2 lantai di Utan Kayu di Jalan Kamboja Utan Kayu,Utan Kayu, Jakarta Timur,"Keamanan, Keamanan 24 jam, CCTV",rumah,2.0,1.0,18.0,35.0,0.0,shm - sertifikat hak milik,2200 mah,0.0,0.0,2.0,0.0,2022.0,baru,selatan,0.0,unfurnished,Rendah,0,Rendah,0,2
418000000.0,Rumah Murah 2 lantai di Utan Kayu di Jalan Kamboja Utan Kayu,Utan Kayu, Jakarta Timur,"CCTV, Keamanan",rumah,2.0,1.0,18.0,35.0,0.0,shm - sertifikat hak milik,2200 mah,0.0,0.0,2.0,0.0,2022.0,baru,selatan,0.0,unfurnished,Rendah,0,Rendah,0,2
418000000.0,Rumah Murah Indent Kamboja Hanya 10 Menit Ke Rs Persahabatan,Utan Kayu, Jakarta Timur,"Taman, One Gate System, AC, Keamanan",rumah,2.0,2.0,18.0,33.0,0.0,shm - sertifikat hak milik,2200 mah,0.0,0.0,2.0,0.0,2022.0,baru,selatan,0.0,unfurnished,Rendah,0,Rendah,0,2
4300000000.000001,Rumah Riviera Puri Brand New 8X18 - Phase 1 - Selatan,Green Lake City, Jakarta Barat,"Taman, Kolam Renang,  Jogging Track,  Keamanan",rumah,3.0,3.0,144.0,200.0,2.0,shm - sertifikat hak milik,4400 mah,1.0,1.0,2.0,2.0,2020.0,baru,selatan,0.0,unfurnished,Tinggi,3,Tinggi,3,1
2540000000.0,"Turun Harga! Smart Home Modern, luas 98 di Cluster Semayang Asya, Jakarta Garden City",Cakung, Jakarta Timur,"CCTV, AC, Keamanan",rumah,3.0,4.0,98.0,115.0,0.0,shm - sertifikat hak milik,3500 mah,1.0,1.0,2.0,2.0,2020.0,bagus,utara,0.0,unfurnished,Sedang,2,Sedang,2,3
506000000.0,"Rumah Murah Minimalis SHM di Sumur Batu Kemayoran, Jakarta Pusat",Cempaka Putih, Jakarta Pusat,"Keamanan 24 jam, Taman",rumah,2.0,2.0,23.0,43.0,0.0,shm - sertifikat hak milik,2200 mah,0.0,0.0,2.0,0.0,2022.0,baru,selatan,0.0,unfurnished,Rendah,0,Rendah,0,2
1470000000.0,Rumah Modern Elegan di Jalan Cempaka Putih Tengah Jakarta Pusat,Cempaka Putih, Jakarta Pusat,"Taman, Keamanan 24 jam,  One Gate System,  CCTV, Keamanan",rumah,3.0,2.0,36.0,68.0,1.0,shm - sertifikat hak milik,2200 mah,0.0,0.0,3.0,0.0,2022.0,baru,utara,0.0,unfurnished,Rendah,0,Rendah,0,0
506000000.0,"Rumah Murah Minimalis SHM di Sumur Batu Kemayoran, Jakarta Pusat",Cempaka Putih, Jakarta Pusat,"Taman, Keamanan 24 jam",rumah,2.0,2.0,23.0,43.0,0.0,shm - sertifikat hak milik,2200 mah,0.0,0.0,2.0,0.0,2022.0,baru,selatan,0.0,unfurnished,Rendah,0,Rendah,0,2
1470000000.0,Rumah Modern Elegan di Jalan Cempaka Putih Tengah Jakarta Pusat,Cempaka Putih, Jakarta Pusat,"Taman, Keamanan",rumah,3.0,2.0,36.0,68.0,1.0,shm - sertifikat hak milik,2200 mah,0.0,0.0,3.0,0.0,2022.0,baru,utara,0.0,unfurnished,Rendah,0,Rendah,0,0
1480000000.0,Rumah Murah di cempaka putih Jakarta  pusat,Cempaka Putih, Jakarta Pusat,"CCTV, Tempat Jemuran, Keamanan",rumah,2.0,2.0,36.0,69.0,1.0,shm - sertifikat hak milik,2200 mah,0.0,0.0,2.0,0.0,2022.0,baru,utara,1.0,unfurnished,Rendah,0,Rendah,0,0
4600000000.0,ANDRE TJHIA Permata Buana Lokasi Bagus Rumah Siap Huni Semi Furnish,Permata Buana, Jakarta Barat,"Taman, Keamanan 24 jam, Track Lari, AC,  Ac,  Jogging Track, Keamanan",rumah,4.0,2.0,200.0,200.0,3.0,shm - sertifikat hak milik,2200 mah,1.0,1.0,2.0,0.0,2022.0,bagus sekali,barat,0.0,semi furnished,Tinggi,3,Tinggi,3,1
800000000.0,rumah mewah di kebon jeruk,Pos Pengumben, Jakarta Barat,"Ac, Keamanan",rumah,3.0,3.0,52.0,71.0,1.0,shm - sertifikat hak milik,2200 mah,0.0,0.0,1.0,0.0,2022.0,baru,barat,1.0,unfurnished,Rendah,0,Rendah,0,0
4500000000.0,"Rumah Grisenda PIK 6X20 SHM, Hadap Selatan",Taman Grisenda, Jakarta Utara,"Taman,  Kolam Renang,  Jogging Track, Jalur Telepon,  Keamanan, Keamanan 24 jam,  CCTV, Track Lari, CCTV",rumah,4.0,4.0,120.0,240.0,2.0,shm - sertifikat hak milik,3500 mah,0.0,0.0,2.0,1.0,2021.0,baru,selatan,0.0,unfurnished,Tinggi,3,Sangat Tinggi,1,1
2100000000.0,Rumah 3 Lantai Rooftop Tanah Luas Di Jatinegara Indah,Rawamangun, Jakarta Timur,"Keamanan 24 jam, Taman,  Taman,  Masjid, Masjid,  Keamanan, CCTV",rumah,3.0,2.0,132.0,88.0,2.0,shm - sertifikat hak milik,2200 mah,0.0,0.0,2.0,0.0,2022.0,baru,selatan,0.0,unfurnished,Sedang,2,Rendah,0,0
2600000000.0,Cluster 2 Lantai di Rawamangun,Rawamangun, Jakarta Timur,"Taman, Keamanan",rumah,3.0,3.0,100.0,130.0,2.0,shm - sertifikat hak milik,3500 mah,1.0,1.0,2.0,0.0,2022.0,baru,timur,0.0,unfurnished,Sedang,2,Sedang,2,1
440000000.0,Rumah 2 Lantai Harga 1 Lantai Hanya 2 Km Ke Mall Kelapa Gading,Kelapa Gading, Jakarta Utara,"CCTV, Kitchen Set",rumah,2.0,2.0,21.0,42.0,0.0,shm - sertifikat hak milik,1300 mah,0.0,0.0,2.0,0.0,2022.0,baru,timur,0.0,unfurnished,Rendah,0,Rendah,0,2
640000000.0,Rumah Murah Di Pisangan Baru Jakarta Timur,Cipinang, Jakarta Timur,"Ac,  CCTV, Keamanan",rumah,2.0,2.0,36.0,60.0,1.0,shm - sertifikat hak milik,2200 mah,0.0,0.0,2.0,0.0,2022.0,baru,utara,0.0,unfurnished,Rendah,0,Rendah,0,2
1140000000.0,"Rumah Masuk Mobil Cipinang Dekat Bea Cukai,tol Rawamangun",Cipinang, Jakarta Timur,"Keamanan 24 jam, Taman, AC,  Keamanan,  Ac, CCTV",rumah,3.0,3.0,36.0,71.0,1.0,shm - sertifikat hak milik,2200 mah,0.0,0.0,2.0,0.0,2022.0,baru,selatan,0.0,unfurnished,Rendah,0,Rendah,0,0
2090000000.0,"Rumah 2 Lantai Shm di Cipinang Baru, Jakarta Timur Dekat Tol",Cipinang, Jakarta Timur,"Taman, Keamanan 24 jam,  CCTV, Ac, AC,  Keamanan,  One Gate System, CCTV",rumah,3.0,3.0,76.0,90.0,1.0,shm - sertifikat hak milik,2200 mah,0.0,0.0,2.0,0.0,2022.0,baru,selatan,0.0,unfurnished,Sedang,2,Sedang,2,0
1140000000.0,Rumah Mewah 2 Lantai di Cipinang Kebembem Jakarta Timur,Cipinang, Jakarta Timur,"AC, Ac, Keamanan",rumah,2.0,2.0,36.0,71.0,1.0,shm - sertifikat hak milik,2200 mah,0.0,0.0,2.0,0.0,2022.0,baru,selatan,1.0,unfurnished,Rendah,0,Rendah,0,0
4550000000.0,Dijual Cepat Rumah Cluster Mewah Murah Lokasi Fantastis Cipinang Jakarta Timur,Cipinang, Jakarta Timur," Pemanas Air, Jalur Telepon,  Jalur Telepon, Ac,  Kitchen Set,  Masjid,  Mesin Cuci,  CCTV, Masjid, Kulkas,  One Gate System, Wastafel,  Playground, CCTV, Keamanan 24 jam,  Taman,  AC,  Akses Parkir,  Keamanan, Tempat Jemuran",rumah,5.0,4.0,153.0,180.0,2.0,shm - sertifikat hak milik,3300 mah,0.0,0.0,2.0,1.0,2021.0,bagus,timur,2.0,furnished,Tinggi,3,Tinggi,3,1
780000000.0,"Rumah Mewah di Pulogadung,Jakarta timur",Pulo Gadung, Jakarta Timur,Ac,rumah,3.0,3.0,37.0,68.0,1.0,shm - sertifikat hak milik,2200 mah,0.0,0.0,2.0,0.0,2022.0,baru,barat,0.0,unfurnished,Rendah,0,Rendah,0,0
780000000.0,"Rumah Mewah di Pulogadung,Jakarta timur",Pulo Gadung, Jakarta Timur,Ac,rumah,3.0,3.0,37.0,68.0,1.0,shm - sertifikat hak milik,2200 mah,0.0,0.0,2.0,0.0,2022.0,baru,barat,0.0,unfurnished,Rendah,0,Rendah,0,0
858000000.0,Rumah Modern Elegan 2 lantai di Jalan Lio Pulo Gadung SHM Baru,Pulo Gadung, Jakarta Timur,"Tempat Jemuran, Taman, Keamanan",rumah,3.0,3.0,39.0,63.0,1.0,shm - sertifikat hak milik,2200 mah,0.0,0.0,2.0,0.0,2022.0,baru,barat,0.0,unfurnished,Rendah,0,Rendah,0,0
780000000.0,"Rumah Mewah di Pulogadung,Jakarta timur",Pulo Gadung, Jakarta Timur,Ac,rumah,3.0,3.0,37.0,68.0,1.0,shm - sertifikat hak milik,2200 mah,0.0,0.0,2.0,0.0,2022.0,baru,barat,0.0,unfurnished,Rendah,0,Rendah,0,0
858000000.0,Rumah Modern Elegan 2 lantai di Jalan Lio Pulo Gadung SHM Baru,Pulo Gadung, Jakarta Timur,"Taman, Tempat Jemuran, Keamanan",rumah,3.0,3.0,39.0,63.0,1.0,shm - sertifikat hak milik,2200 mah,0.0,0.0,2.0,0.0,2022.0,baru,barat,0.0,unfurnished,Rendah,0,Rendah,0,0
783000000.0,Rumah Murah Pisangan Baru Hanya 10 Menit Ke Stasiun Jatinegara,Pulo Gadung, Jakarta Timur,"CCTV, Taman, AC, Keamanan",rumah,2.0,2.0,32.0,63.0,1.0,shm - sertifikat hak milik,2200 mah,0.0,0.0,2.0,0.0,2022.0,baru,selatan,0.0,unfurnished,Rendah,0,Rendah,0,2
780000000.0,Rumah  Mewah modern 2 lantai di jatinegara Lio kecamatan pulogadung Jakarta Timur,Pulo Gadung, Jakarta Timur," CCTV, Ac, Keamanan",rumah,2.0,2.0,33.0,60.0,1.0,shm - sertifikat hak milik,2200 mah,0.0,0.0,2.0,0.0,2022.0,baru,utara,1.0,unfurnished,Rendah,0,Rendah,0,0
528000000.0,Rumah Minimalis Murah di Jl. Taman Sari  Jakarta Barat 2 Lantai,Tamansari, Jakarta Barat,"Keamanan, CCTV",rumah,2.0,2.0,22.0,42.0,0.0,shm - sertifikat hak milik,2200 mah,0.0,0.0,2.0,0.0,2022.0,baru,timur,0.0,unfurnished,Rendah,0,Rendah,0,2
562000000.0,Rumah Murah di taman sari jakarta barat,Tamansari, Jakarta Barat,"Keamanan 24 jam, Taman, Keamanan",rumah,2.0,2.0,22.0,42.0,0.0,shm - sertifikat hak milik,2200 mah,0.0,0.0,2.0,0.0,2022.0,baru,timur,0.0,unfurnished,Rendah,0,Rendah,0,2
528000000.0,Rumah Minimalis Murah di Jl. Taman Sari  Jakarta Barat 2 Lantai,Tamansari, Jakarta Barat,"CCTV, Keamanan",rumah,2.0,2.0,22.0,42.0,0.0,shm - sertifikat hak milik,2200 mah,0.0,0.0,2.0,0.0,2022.0,baru,timur,0.0,unfurnished,Rendah,0,Rendah,0,2
562000000.0,Rumah Murah di taman sari jakarta barat,Tamansari, Jakarta Barat,"Taman, Keamanan",rumah,2.0,2.0,22.0,42.0,0.0,shm - sertifikat hak milik,2200 mah,0.0,0.0,2.0,0.0,2022.0,baru,timur,0.0,unfurnished,Rendah,0,Rendah,0,2
998000000.0,"Rumah Murah Sertifikat Hak Milik di Pos Pengumben, Jakarta Barat",Kebon Jeruk, Jakarta Barat,"Taman, Keamanan 24 jam,  CCTV, Ac, AC,  Keamanan, CCTV",rumah,3.0,2.0,34.0,67.0,1.0,shm - sertifikat hak milik,2200 mah,0.0,0.0,2.0,0.0,2022.0,baru,selatan,0.0,unfurnished,Rendah,0,Rendah,0,0
782000000.0,Rumah  Murah di cipinang muara Jakarta timur,Jatinegara, Jakarta Timur,"Keamanan 24 jam, Taman, Keamanan, One Gate System",rumah,2.0,2.0,33.0,68.0,1.0,shm - sertifikat hak milik,2200 mah,0.0,0.0,2.0,0.0,2022.0,baru,selatan,0.0,unfurnished,Rendah,0,Rendah,0,2
782000000.0,Rumah  Murah di cipinang muara Jakarta timur,Jatinegara, Jakarta Timur,"Taman, Keamanan",rumah,2.0,2.0,33.0,68.0,1.0,shm - sertifikat hak milik,2200 mah,0.0,0.0,2.0,0.0,2022.0,baru,selatan,0.0,unfurnished,Rendah,0,Rendah,0,2
1000000000.0,"Rumah Baru SHM di Catur Tunggal Kebon Nanas, Jakarta Timur",Jatinegara, Jakarta Timur,"Taman, Keamanan 24 jam,  CCTV, AC,  One Gate System, CCTV",rumah,2.0,2.0,43.99999999999999,90.0,1.0,shm - sertifikat hak milik,2200 mah,0.0,0.0,2.0,0.0,2022.0,baru,selatan,0.0,unfurnished,Rendah,0,Sedang,2,0
764000000.0,Rumah Minimalis Elegan 2 Lantai SHM di Matraman Jakarta Timur,Matraman, Jakarta Timur,"Keamanan 24 jam, CCTV,  One Gate System, Keamanan",rumah,2.0,1.0,32.0,56.0,1.0,shm - sertifikat hak milik,2200 mah,0.0,0.0,2.0,0.0,2022.0,baru,timur,0.0,unfurnished,Rendah,0,Rendah,0,2
764000000.0,Rumah Minimalis Elegan 2 Lantai SHM di Matraman Jakarta Timur,Matraman, Jakarta Timur,Keamanan,rumah,2.0,1.0,32.0,56.0,1.0,shm - sertifikat hak milik,2200 mah,0.0,0.0,2.0,0.0,2022.0,baru,timur,0.0,unfurnished,Rendah,0,Rendah,0,2
625000000.0,Rumah Unik Murah Matraman Pisangan Jakarta Timur,Matraman, Jakarta Timur," Taman,  Masjid,  CCTV,  Jalur Telepon, Jogging Track,  Ac, Keamanan",rumah,2.0,2.0,30.0,60.0,1.0,shm - sertifikat hak milik,2200 mah,0.0,0.0,2.0,1.0,2021.0,baru,timur,1.0,unfurnished,Rendah,0,Rendah,0,3
599000000.0000001,Rumah murah di sumur batu Jakarta pusat,Kemayoran, Jakarta Pusat,"Taman, Keamanan 24 jam,  Taman, Akses Parkir,  Kitchen Set,  Pemanas Air,  Mesin Cuci,  CCTV, Track Lari, Ac, Kulkas,  AC, Wastafel,  Keamanan,  One Gate System, CCTV, Tempat Jemuran,  Jogging Track",rumah,2.0,2.0,31.0,44.0,0.0,shm - sertifikat hak milik,2200 mah,0.0,0.0,2.0,0.0,2022.0,baru,timur,0.0,unfurnished,Rendah,0,Rendah,0,2
534000000.0,Rumah 2 lantai di jalan angkasa Kemayoran Jakarta pusat,Kemayoran, Jakarta Pusat,"Keamanan 24 jam, Keamanan",rumah,2.0,2.0,26.999999999999993,42.0,0.0,shm - sertifikat hak milik,2200 mah,0.0,0.0,2.0,0.0,2022.0,baru,barat,0.0,unfurnished,Rendah,0,Rendah,0,2
499999999.9999999,"Rumah Murah di Sumurbatu,Kemayoran Jakarta pusat",Kemayoran, Jakarta Pusat,Ac,rumah,2.0,2.0,23.0,43.0,0.0,shm - sertifikat hak milik,2200 mah,0.0,0.0,2.0,0.0,2022.0,baru,timur,0.0,unfurnished,Rendah,0,Rendah,0,2
444000000.0,Rumah murah 2 Lantai SHM di Angkasa Kemayoran Jakarta pusat,Kemayoran, Jakarta Pusat,"Taman,  Taman, Masjid, Keamanan",rumah,2.0,2.0,26.999999999999993,42.0,0.0,shm - sertifikat hak milik,2200 mah,0.0,0.0,2.0,0.0,2022.0,baru,utara,0.0,unfurnished,Rendah,0,Rendah,0,2
1900000000.0,"Rumah dlm Komplek Pasar Minggu jaksel hny 1,9m",Pasar Minggu, Jakarta Selatan,"Keamanan 24 jam, Masjid,  Akses Parkir, Wastafel, Tempat Jemuran, Keamanan",rumah,3.0,3.0,67.0,150.0,0.0,shm - sertifikat hak milik,2200 mah,1.0,1.0,3.0,0.0,2022.0,baru,timur,2.0,unfurnished,Rendah,0,Sedang,2,1
4190000000.000001,RUMAH MEWAH MURAH SIAP HUNI DI PEJATEN BARAT,Pejaten, Jakarta Selatan,"Taman, Keamanan",rumah,4.0,3.0,152.0,186.0,2.0,shm - sertifikat hak milik,2200 mah,1.0,1.0,2.0,1.0,2021.0,baru,selatan,0.0,unfurnished,Tinggi,3,Tinggi,3,1
4190000000.000001,Rumah baru murah siap huni dalam cluster di pejaten barat jaksel,Pejaten, Jakarta Selatan,"Taman,  CCTV, Jalur Telepon,  Keamanan",rumah,4.0,3.0,152.0,186.0,2.0,shm - sertifikat hak milik,3300 mah,1.0,1.0,2.0,0.0,2022.0,baru,selatan,0.0,semi furnished,Tinggi,3,Tinggi,3,1
1900000000.0,Rumah Murah Modern Minimalis Siap Huni Di Ciganjur Jagakarsa,Ciganjur, Jakarta Selatan,"Taman, Keamanan 24 jam, One Gate System, Kitchen Set, Tempat Jemuran, Keamanan",rumah,3.0,3.0,90.0,150.0,2.0,shm - sertifikat hak milik,2200 mah,1.0,1.0,2.0,0.0,2022.0,baru,selatan,0.0,unfurnished,Rendah,0,Sedang,2,1
1950000000.0,Rumah Baru Murah Mewah Minimalis Modern Di Ciganjur Jagakarsa,Ciganjur, Jakarta Selatan,"Taman, Keamanan 24 jam, Kitchen Set, Kolam Renang,  Keamanan,  One Gate System, Tempat Jemuran",rumah,3.0,3.0,92.0,150.0,2.0,shm - sertifikat hak milik,2200 mah,1.0,1.0,2.0,0.0,2022.0,baru,selatan,0.0,unfurnished,Rendah,0,Sedang,2,1
1050000000.0,Rumah Siap Bangun Dalam Cluster Di Ciganjur Jagakarsa,Ciganjur, Jakarta Selatan,"CCTV, Taman,  Keamanan",rumah,3.0,3.0,53.0,100.0,1.0,shm - sertifikat hak milik,2200 mah,0.0,0.0,2.0,0.0,2022.0,baru,selatan,0.0,semi furnished,Rendah,0,Sedang,2,0
2700000000.0,Rumah Mewah Tanah Luas Dekat MRT Fatmawati,Lebak Bulus, Jakarta Selatan,"Taman,  Keamanan, Jalur Telepon,  Ac",rumah,4.0,4.0,126.0,150.0,2.0,shm - sertifikat hak milik,2200 mah,0.0,0.0,2.0,0.0,2022.0,baru,barat,0.0,semi furnished,Sedang,2,Sedang,2,0
2900000000.0,RUMAH DALAM CLUSTER +PRIVATE POLL  HARGA NEGO Di Lebak Bulus 5menit ke MRT,Lebak Bulus, Jakarta Selatan,"Taman,  Taman, Ac, Kolam Renang, AC,  Keamanan",rumah,4.0,4.0,116.0,170.0,2.0,shm - sertifikat hak milik,3500 mah,0.0,0.0,2.0,0.0,2022.0,baru,timur,0.0,semi furnished,Sedang,2,Tinggi,3,1
2850000000.0,RUMAH BARU MURAH PLUS MINI POLL DI CLUSTER DI LEBAK BULUS  JAKSEL,Lebak Bulus, Jakarta Selatan,"Taman, Kolam Renang",rumah,3.0,3.0,114.0,150.0,2.0,shm - sertifikat hak milik,4400 mah,1.0,1.0,1.0,1.0,2021.0,baru,timur,0.0,unfurnished,Sedang,2,Sedang,2,1
2550000000.0,DALAM CLUSTER PREMIUM AREA LEBAK BULUS DEKAT MRT JAKARTA SELATAN,Lebak Bulus, Jakarta Selatan," Taman,  Masjid,  Jalur Telepon, Ac,  Keamanan, CCTV,  Jogging Track",rumah,4.0,4.0,101.0,150.0,2.0,shm - sertifikat hak milik,3300 mah,1.0,1.0,2.0,0.0,2022.0,baru,timur,2.0,semi furnished,Sedang,2,Sedang,2,1
595000000.0,Rumah dgn akses strategis ke jalan utama Jakarta Selatan,Lebak Bulus, Jakarta Selatan,"Keamanan 24 jam,  Kolam Renang,  Taman, Akses Parkir,  Pemanas Air, Jalur Telepon,  CCTV, Kitchen Set,  Jalur Telepon,  AC, Kolam Renang,  Playground, Lapangan Bulu Tangkis, Wastafel,  Ac,  One Gate System, Tempat Jemuran, Keamanan",rumah,3.0,1.0,72.0,52.0,1.0,shm - sertifikat hak milik,1300 mah,0.0,0.0,2.0,0.0,2022.0,baru,timur,1.0,semi furnished,Rendah,0,Rendah,0,0
1550000000.0,Rumah Cluster Mewah 2lantai Pinggir Jalan Raya Siap Huni Dijatiwaringin,Jatiwaringin, Jakarta Timur,"Taman, Keamanan 24 jam,  Taman, Akses Parkir, AC, Wastafel, Tempat Jemuran",rumah,3.0,3.0,94.0,130.0,2.0,shm - sertifikat hak milik,2200 mah,0.0,0.0,2.0,0.0,2022.0,baru,barat,0.0,unfurnished,Rendah,0,Sedang,2,0
3650000000.0,Perumahan Mewah Di Cilandak Jaksel Lokasi Pinggir Jalan Raya,Cilandak, Jakarta Selatan,"Taman,  Masjid, Jalur Telepon,  Keamanan",rumah,3.0,2.0,104.0,126.0,1.0,shm - sertifikat hak milik,2200 mah,1.0,1.0,2.0,1.0,2021.0,baru,utara,1.0,unfurnished,Sedang,2,Sedang,2,1
3450000000.0,RUMAH BARU MURAH MODERN MINIMALIS STRATEGIS DI CILANDAK KKO RAYA,Cilandak, Jakarta Selatan,"Taman, Tempat Jemuran, Keamanan, Kitchen Set",rumah,4.0,4.0,94.0,200.0,2.0,shm - sertifikat hak milik,2200 mah,1.0,1.0,3.0,0.0,2022.0,baru,selatan,0.0,unfurnished,Sedang,2,Tinggi,3,1
3450000000.0,Rumah baru strategis dalam townhouse di cilandak raya kko jaksel,Cilandak, Jakarta Selatan,"Taman, Kitchen Set,  Keamanan, CCTV, Tempat Jemuran",rumah,4.0,3.0,94.0,200.0,2.0,shm - sertifikat hak milik,3300 mah,1.0,1.0,3.0,0.0,2022.0,baru,selatan,0.0,semi furnished,Sedang,2,Tinggi,3,1
3650000000.0,RUMAH MEWAH MURAH STRATEGIS DI CILANDAK KKO RAYA,Cilandak, Jakarta Selatan,"Taman, Tempat Jemuran, Keamanan, Kitchen Set",rumah,4.0,3.0,109.0,200.0,2.0,shm - sertifikat hak milik,2200 mah,1.0,1.0,3.0,0.0,2022.0,baru,utara,0.0,unfurnished,Sedang,2,Tinggi,3,1
3650000000.0,Rumah Murah Mewah Lokasi Di Pinggir Jalan Daerah Jakarta Selatan,Cilandak, Jakarta Selatan,"Keamanan 24 jam, Taman,  Taman, Jalur Telepon,  CCTV, Kolam Renang, AC,  One Gate System, Wastafel",rumah,3.0,3.0,127.0,142.0,2.0,shm - sertifikat hak milik,2200 mah,1.0,1.0,2.0,0.0,2022.0,baru,selatan,0.0,unfurnished,Sedang,2,Sedang,2,1
1970000000.0,"Rumah 2 lantai dekat Ragunan, Jakarta Selatan",Cilandak, Jakarta Selatan,"Taman, Keamanan 24 jam,  Taman, Jalur Telepon,  Jalur Telepon,  AC, AC, Wastafel,  One Gate System, Tempat Jemuran, Keamanan",rumah,3.0,3.0,79.0,120.0,1.0,shm - sertifikat hak milik,2200 mah,1.0,1.0,2.0,0.0,2022.0,baru,selatan,0.0,unfurnished,Rendah,0,Sedang,2,1
451000000.0,Rumah Murah di Jakpus,Senen, Jakarta Pusat,"CCTV, Keamanan",rumah,2.0,1.0,20.0,37.0,0.0,shm - sertifikat hak milik,2200 mah,0.0,0.0,2.0,0.0,2022.0,baru,barat,0.0,unfurnished,Rendah,0,Rendah,0,2
567999999.9999999,RUMAH MURAH MINIMALIS Di Pasar Baru Jakarta Pusat,Pasar Baru, Jakarta Pusat,Keamanan,rumah,2.0,1.0,21.0,40.0,0.0,shm - sertifikat hak milik,2200 mah,0.0,0.0,2.0,0.0,2022.0,baru,utara,0.0,unfurnished,Rendah,0,Rendah,0,2
1280000000.0,Rumah Dengan Konsep Townhouse di Cibubur Dekat Lrt Cibubur,Cibubur, Jakarta Timur,"Keamanan 24 jam,  Taman, Akses Parkir, Jalur Telepon,  CCTV,  Playground, AC, Wastafel,  One Gate System, Tempat Jemuran",rumah,3.0,2.0,85.0,80.0,2.0,shm - sertifikat hak milik,2200 mah,0.0,0.0,2.0,0.0,2022.0,bagus,selatan,2.0,unfurnished,Rendah,0,Rendah,0,0
2400000000.0,Rumah Dalam Komplek Lokasi Strategis Di Duren Sawit,Duren Sawit, Jakarta Timur,"Taman,  Masjid, Keamanan",rumah,3.0,3.0,106.0,150.0,2.0,shm - sertifikat hak milik,2200 mah,1.0,1.0,2.0,2.0,2020.0,bagus sekali,utara,0.0,unfurnished,Sedang,2,Sedang,2,3
1500000000.0,Rumah di Duren Sawit Jakarta Timur,Duren Sawit, Jakarta Timur,"Keamanan 24 jam, AC, Ac, Keamanan",rumah,3.0,2.0,66.0,110.0,0.0,shm - sertifikat hak milik,2200 mah,0.0,0.0,1.0,1.0,2021.0,baru,selatan,0.0,unfurnished,Rendah,0,Sedang,2,3
1900000000.0,ANDRE TJHIA Duri Kepa Minimalist House Bebas Banjir Jln 2 Mobil Langka,Duri Kepa, Jakarta Barat,"AC, Ac, Keamanan",rumah,3.0,3.0,65.0,135.0,2.0,shm - sertifikat hak milik,2200 mah,0.0,0.0,3.0,0.0,2022.0,bagus sekali,utara,0.0,semi furnished,Rendah,0,Sedang,2,0
525000000.0,Rumah minimalis 2 lantai lokasi dekat suntermall jakarta,Tanjung Priok, Jakarta Utara,"AC, Ac",rumah,2.0,1.0,24.0,44.0,0.0,shm - sertifikat hak milik,1300 mah,0.0,0.0,2.0,0.0,2022.0,baru,selatan,0.0,unfurnished,Rendah,0,Rendah,0,2
475000000.0,Rumah minimalis 2 lantai lokasi dekat suntermall,Tanjung Priok, Jakarta Utara,Ac,rumah,2.0,1.0,21.0,33.0,0.0,shm - sertifikat hak milik,1300 mah,0.0,0.0,2.0,0.0,2022.0,baru,selatan,0.0,unfurnished,Rendah,0,Rendah,0,2
2550000000.0,Rumah Mewah Di Grand Wisata Bekasi,Cawang, Jakarta Timur," Kolam Renang, Taman,  Masjid, Track Lari, Kolam Renang, AC,  Keamanan,  Ac, CCTV,  Jogging Track",rumah,4.0,3.0,145.0,125.0,2.0,shm - sertifikat hak milik,2200 mah,1.0,1.0,2.0,0.0,2022.0,baru,timur,2.0,semi furnished,Sedang,2,Sedang,2,1
725000000.0,Rumah 2 Lantai + Rooftop di Koja Jakarta Utara,Koja, Jakarta Utara,"Taman,  Kolam Renang, Akses Parkir, Keamanan 24 jam,  CCTV,  One Gate System, CCTV, Wastafel",rumah,2.0,2.0,34.0,64.0,1.0,shm - sertifikat hak milik,2200 mah,0.0,0.0,3.0,0.0,2022.0,baru,timur,0.0,unfurnished,Rendah,0,Rendah,0,0
1050000000.0,Rumah Mewah Di Dekat Monumen Pancasila Jakarta Timur,Lubang Buaya, Jakarta Timur,"Taman, Keamanan 24 jam,  One Gate System, CCTV, Tempat Jemuran, Keamanan",rumah,3.0,2.0,56.0,70.0,1.0,shm - sertifikat hak milik,2200 mah,0.0,0.0,1.0,0.0,2022.0,baru,selatan,0.0,unfurnished,Rendah,0,Rendah,0,2
1050000000.0,Rumah Mewah Di Dekat Monumen Pancasila Jakarta Timur,Lubang Buaya, Jakarta Timur,"Taman, Keamanan 24 jam,  One Gate System, CCTV, Tempat Jemuran, Keamanan",rumah,3.0,2.0,56.0,70.0,1.0,shm - sertifikat hak milik,2200 mah,0.0,0.0,1.0,0.0,2022.0,baru,selatan,0.0,unfurnished,Rendah,0,Rendah,0,2
919000000.0,RUMAH STRATEGIS DI CIRACAS JAKARTA TIMUR,Ciracas, Jakarta Timur," Taman, Masjid, Jalur Telepon,  Keamanan",rumah,3.0,2.0,69.0,60.0,1.0,shm - sertifikat hak milik,2200 mah,0.0,0.0,1.0,0.0,2022.0,baru,selatan,0.0,unfurnished,Rendah,0,Rendah,0,2
3200000000.0,Andre Tjhia Rumah Baru 3 Lantai Lebar Jalan 2 Mbl Lega Lokasi Premium,Taman Ratu, Jakarta Barat,"Track Lari, Jogging Track, Keamanan",rumah,5.0,4.0,96.0,215.0,3.0,shm - sertifikat hak milik,2200 mah,1.0,0.0,3.0,0.0,2022.0,baru,utara,0.0,unfurnished,Sedang,2,Tinggi,3,1
2500000000.0,Rumah mewah joglo,Joglo, Jakarta Barat," Taman,  Masjid, Jalur Telepon, Lapangan Voli,  Track Lari,  CCTV, Kulkas,  AC, Kolam Renang, Tempat Gym,  Keamanan,  Ac, Wastafel,  Jogging Track",rumah,3.0,3.0,105.0,150.0,1.0,shm - sertifikat hak milik,2200 mah,1.0,1.0,2.0,0.0,2022.0,baru,timur,2.0,unfurnished,Sedang,2,Sedang,2,1
2600000000.0,rumah di Sunter karya 3 Lantai Bagus siap huni jakut,Sunter, Jakarta Utara,"Taman,  CCTV, Kitchen Set,  AC, Wastafel,  Ac, CCTV, Tempat Jemuran",rumah,4.0,3.0,77.0,220.0,2.0,shm - sertifikat hak milik,5500 mah,1.0,1.0,3.0,2.0,2020.0,bagus,selatan,0.0,semi furnished,Sedang,2,Sangat Tinggi,1,1
1370000000.0,ANDRE TJHIA Bojong Indah Tanah 8x15 Bangunan 2 Lantai Sangat Terawat,Bojong Indah, Jakarta Barat,"Taman, Jogging Track,  Keamanan",rumah,4.0,2.0,120.0,160.0,2.0,shm - sertifikat hak milik,2200 mah,0.0,0.0,2.0,0.0,2022.0,bagus sekali,barat,0.0,unfurnished,Rendah,0,Tinggi,3,0
4100000000.0,Rumah  Swarnabhumi Residence Cilandak Fatmawati Jakarta Selatan,Fatmawati, Jakarta Selatan,Taman,rumah,4.0,4.0,108.0,220.0,1.0,shm - sertifikat hak milik,5500 mah,0.0,0.0,3.0,2.0,2020.0,baru,timur,1.0,unfurnished,Tinggi,3,Sangat Tinggi,1,3
565000000.0,Rumah Pinang Ranti Mansion Letak Strategis Makasar Jakarta Timurr,Pinang Ranti, Jakarta Timur,"Taman, Keamanan 24 jam, Wastafel,  One Gate System, Track Lari, Tempat Jemuran",rumah,2.0,1.0,32.0,38.0,1.0,shm - sertifikat hak milik,1300 mah,0.0,0.0,2.0,0.0,2022.0,baru,selatan,1.0,unfurnished,Rendah,0,Rendah,0,2
3830000000.0,STOK TERAKHIR Rumah 2 Lantai Sutera NARADA NYKKA TIPE NAVII ALAM SUTERA,Alam Sutera, Tangerang," Keamanan, Jalur Telepon, Akses Parkir, Wastafel,  Track Lari, Keamanan 24 jam, Ac,  CCTV,  AC,  Lapangan Voli, Lapangan Tenis,  Pemanas Air, Kitchen Set,  Playground,  Taman, Jogging Track,  Lapangan Bulu Tangkis, Tempat Jemuran, Lapangan Basket,  One Gate System,  Jalur Telepon",rumah,3.0,3.0,105.0,135.0,1.0,shm - sertifikat hak milik,3500 mah,0.0,1.0,2.0,0.0,2022.0,baru,selatan,2.0,semi furnished,Sedang,2,Sedang,2,1
5860000000.0,Rumah TERBAIK SUTERA NARADA NYKKA TIPE MOREE TERBESAR ALAM SUTERA,Alam Sutera, Tangerang," Keamanan,  Taman, Jogging Track,  Pemanas Air, Lapangan Basket, Lapangan Voli, Kitchen Set,  Track Lari, Ac, Wastafel,  CCTV, Taman,  AC",rumah,4.0,3.0,160.0,209.0,1.0,shm - sertifikat hak milik,3500 mah,0.0,1.0,2.0,0.0,2022.0,baru,utara,2.0,semi furnished,Tinggi,3,Tinggi,3,1
5050000000.0,"Rumah 2 Lantai Terbaru, di ALAM SUTERA. 2 menit KE MALL. 5 MENIT KE RUMAH SAKIT",Alam Sutera, Tangerang," Ac,  Taman, CCTV, Jogging Track, Keamanan, Keamanan 24 jam, AC,  CCTV, Track Lari,  Kolam Renang, Taman",rumah,4.0,3.0,140.0,176.0,1.0,shm - sertifikat hak milik,3500 mah,0.0,1.0,2.0,0.0,2022.0,baru,utara,0.0,semi furnished,Tinggi,3,Tinggi,3,1
6940000000.0,"Rumah Paling Untung Se Cluster, Dapat Tanah Vasum, Full Marmer",Alam Sutera, Tangerang," Keamanan,  Jogging Track, Taman, AC,  CCTV,  Kolam Renang,  Jalur Telepon",rumah,4.0,4.0,205.0,241.0,3.0,"lainnya (ppjb,girik,adat,dll)",3500 mah,1.0,1.0,3.0,0.0,2022.0,baru,timur,0.0,semi furnished,Sangat Tinggi,1,Sangat Tinggi,1,1
3830000000.0,"Cluster di Alam Sutera, Kawasan Hijau Lokasi Strategis di Pusat CBD Alam Sutera Tangerang.",Alam Sutera, Tangerang," Ac,  Keamanan, Jogging Track, AC, Track Lari,  Kolam Renang, Taman",rumah,3.0,2.0,105.0,134.0,2.0,shm - sertifikat hak milik,2200 mah,1.0,1.0,2.0,0.0,2022.0,baru,selatan,0.0,semi furnished,Sedang,2,Sedang,2,1
3830000000.0,Rumah Nyaman Di Nykka Sutera Narada Alam Sutera Selangkah Ke St Laurensia School,Alam Sutera, Tangerang,"Jalur Telepon, Akses Parkir, Wastafel,  Track Lari, Keamanan 24 jam,  CCTV,  AC,  Lapangan Voli, Lapangan Tenis,  Pemanas Air, Kitchen Set,  Playground,  Taman, Lapangan Bola,  Tempat Gym, Tempat Jemuran,  Lapangan Bulu Tangkis,  One Gate System,  Lapangan Basket",rumah,3.0,3.0,105.0,134.0,2.0,shm - sertifikat hak milik,3500 mah,1.0,1.0,2.0,0.0,2022.0,baru,selatan,0.0,furnished,Sedang,2,Sedang,2,1
3830000000.0,JAMIN PASTI UNTUNG!!! RUMAH ALAM SUTERA HARGA AWAL HADAP SELATAN,Alam Sutera, Tangerang,"Pemanas Air,  Keamanan, Jalur Telepon, Akses Parkir,  Ac,  Track Lari, Keamanan 24 jam,  CCTV,  AC,  Lapangan Voli,  Jogging Track, Lapangan Tenis, Kitchen Set,  Playground,  Taman, Lapangan Basket, Tempat Jemuran,  Lapangan Bulu Tangkis, Taman,  One Gate System",rumah,3.0,3.0,104.0,135.0,1.0,shm - sertifikat hak milik,3500 mah,0.0,1.0,2.0,0.0,2022.0,baru,selatan,2.0,semi furnished,Sedang,2,Sedang,2,1
3830000000.0,CLUSTER NARADA 2 LANTAI ALAM SUTERA ! TERBAIK DAN SURVEY LANGSUNG LOKASI YUK,Alam Sutera, Tangerang," Keamanan,  Jogging Track, CCTV, AC, Ac,  CCTV, Track Lari,  Kolam Renang, Taman",rumah,4.0,4.0,105.0,134.0,0.0,shm - sertifikat hak milik,3500 mah,0.0,0.0,2.0,0.0,2022.0,baru,utara,0.0,semi furnished,Sedang,2,Sedang,2,0
6660000000.0,RUMAH SUTERA WINONA FULL MARMER DEKAT TOL DAN MALL,Alam Sutera, Tangerang," Ac,  Keamanan,  Jogging Track, Kolam Renang,  Taman, CCTV, Jalur Telepon, Keamanan 24 jam, AC,  Kolam Renang,  CCTV, Track Lari, Taman,  Jalur Telepon",rumah,5.0,4.0,144.0,277.0,2.0,shm - sertifikat hak milik,5500 mah,1.0,1.0,3.0,0.0,2022.0,baru,tenggara,2.0,semi furnished,Sangat Tinggi,1,Sangat Tinggi,1,1
3830000000.0,"RUMAH TERBARU ALAM SUTERA, JAMIN HARGA TERBAIK DARI MICHAEL TJU",Alam Sutera, Tangerang," Ac,  Keamanan, CCTV, Jogging Track, Keamanan 24 jam, AC,  CCTV, Track Lari,  Kolam Renang, Taman",rumah,3.0,3.0,105.0,134.0,1.0,shm - sertifikat hak milik,2200 mah,0.0,1.0,2.0,0.0,2022.0,baru,selatan,2.0,semi furnished,Sedang,2,Sedang,2,1
5860000000.0,"FREE KONSULTASI. TIPE TERBESAR, HARGA AWAL, RUMAH CLUSTER ALAM SUTERA 2 LANTAI",Alam Sutera, Tangerang," Ac,  Keamanan, CCTV,  Taman, Jogging Track, Jalur Telepon, Taman, Keamanan 24 jam, AC, Track Lari,  Kolam Renang,  Jalur Telepon",rumah,4.0,3.0,160.0,209.0,1.0,shm - sertifikat hak milik,3500 mah,0.0,1.0,2.0,0.0,2022.0,baru,utara,0.0,semi furnished,Tinggi,3,Tinggi,3,1
5050000000.0,"RUMAH ALAM SUTERA INGAT MICHAEL TJU, JAMINAN BEST SERVICE & HARGA TERBAIK",Alam Sutera, Tangerang," Ac,  Keamanan, CCTV,  Taman, Jogging Track, Keamanan 24 jam, AC, Track Lari,  Kolam Renang, Taman",rumah,4.0,3.0,140.0,176.0,1.0,shm - sertifikat hak milik,lainnya mah,0.0,1.0,2.0,0.0,2022.0,baru,utara,2.0,semi furnished,Tinggi,3,Tinggi,3,1
3830000000.0,"Rumah Tropical Hadap Selatan, Harga Murah , Alam Sutera, Tangerang di Sutera NaradaAlam sutera , tangerang",Alam Sutera, Tangerang," Ac,  Taman, CCTV, Jogging Track, Jalur Telepon, Taman, Keamanan, Keamanan 24 jam, AC,  CCTV, Track Lari,  Kolam Renang,  Jalur Telepon",rumah,4.0,3.0,105.0,134.0,2.0,shm - sertifikat hak milik,2200 mah,0.0,1.0,2.0,0.0,2022.0,baru,selatan,0.0,semi furnished,Sedang,2,Sedang,2,1
4440000000.000001,RUMAH VIEW DANAU FULL MARMER! SUTERA WINONA ALAM SUTERA SEMI FURNISHED,Alam Sutera, Tangerang," Jogging Track,  Taman, Kolam Renang, CCTV, Jalur Telepon, Taman, Keamanan, Keamanan 24 jam, Ac, AC,  CCTV, Track Lari,  Kolam Renang,  Jalur Telepon",rumah,5.0,6.0,108.0,195.0,2.0,shm - sertifikat hak milik,3500 mah,1.0,1.0,3.0,2.0,2020.0,bagus sekali,selatan,2.0,semi furnished,Tinggi,3,Tinggi,3,1
4270000000.0,VIEW KOLAM RENANG  EXTRA LAHAN SEBELAH CLUB HOUSE  RUMAH MEWAH ALAM SUTERA BISA CICIL sold,Alam Sutera, Tangerang," Jogging Track,  Taman, Kolam Renang, CCTV, Jalur Telepon, Taman, Keamanan, Keamanan 24 jam, Ac, AC,  CCTV, Track Lari,  Kolam Renang,  Jalur Telepon",rumah,4.0,3.0,200.0,155.0,2.0,shm - sertifikat hak milik,2200 mah,1.0,1.0,2.0,2.0,2020.0,baru,selatan,2.0,semi furnished,Tinggi,3,Tinggi,3,1
3830000000.0,Pelayanan TRANSPARAN SAMPAI DEAL RUMAH  2 LANTAI ALAM SUTERA NARADA EXTENTION NYKKA,Alam Sutera, Tangerang," Keamanan, CCTV, Akses Parkir, Wastafel,  Track Lari, Keamanan 24 jam, Ac,  CCTV,  AC,  Lapangan Voli,  Jogging Track, Lapangan Tenis,  Pemanas Air, Kitchen Set,  Playground,  Taman, Lapangan Basket, Tempat Jemuran,  Lapangan Bulu Tangkis, Taman,  One Gate System",rumah,3.0,3.0,105.0,135.0,1.0,shm - sertifikat hak milik,3500 mah,0.0,1.0,2.0,0.0,2022.0,baru,selatan,2.0,furnished,Sedang,2,Sedang,2,1
5860000000.0,"MICHAEL TJU, TERPERCAYA Jual Rumah ALAM SUTERA NO TIPU TIPU",Alam Sutera, Tangerang," Ac,  Lapangan Voli,  Jogging Track,  Taman, Lapangan Tenis,  Pemanas Air, Tempat Jemuran, Jalur Telepon, Lapangan Basket, Keamanan, Kitchen Set,  Lapangan Bulu Tangkis,  Track Lari, Wastafel,  CCTV, Taman,  AC,  Jalur Telepon",rumah,4.0,4.0,160.0,209.0,1.0,shm - sertifikat hak milik,3500 mah,0.0,0.0,2.0,0.0,2022.0,baru,utara,2.0,semi furnished,Tinggi,3,Tinggi,3,1
3830000000.0,MICHAEL TJU JUAL RUMAH ALAM SUTERA PELAYANAN & HARGA TERBAIK. DIBANTU SAMPAI COCOK,Alam Sutera, Tangerang," Keamanan, Jalur Telepon, Akses Parkir, Wastafel,  Track Lari, Keamanan 24 jam, Ac,  CCTV,  AC,  Lapangan Voli, Lapangan Tenis,  Pemanas Air, Kitchen Set,  Playground,  Taman, Jogging Track,  Lapangan Bulu Tangkis, Tempat Jemuran, Lapangan Basket,  One Gate System,  Jalur Telepon",rumah,3.0,3.0,105.0,135.0,1.0,shm - sertifikat hak milik,3500 mah,0.0,1.0,2.0,0.0,2022.0,baru,selatan,2.0,semi furnished,Sedang,2,Sedang,2,1
5050000000.0,JAMIN TERMURAH & SERVIS TERBAIK DARI AGEN LAIN! GARANSI! RUMAH 2 LANTAI HARGA BU di Alam Sutera,Alam Sutera, Tangerang," Lapangan Voli,  Keamanan, CCTV,  Jogging Track,  Taman, Lapangan Tenis,  Pemanas Air, Tempat Jemuran, Jalur Telepon, Lapangan Basket, Kitchen Set,  Track Lari, Ac, Wastafel,  CCTV,  AC,  Jalur Telepon",rumah,4.0,3.0,140.0,176.0,1.0,shm - sertifikat hak milik,3500 mah,1.0,1.0,2.0,0.0,2022.0,baru,utara,2.0,semi furnished,Tinggi,3,Tinggi,3,1
3830000000.0,"Termurah, Rumah 2 Lantai Banyak Gratisnya, Dekat Mall",Alam Sutera, Tangerang," Keamanan, CCTV, Jalur Telepon, Wastafel,  Kolam Renang,  Track Lari, Keamanan 24 jam, Ac,  CCTV,  AC,  Jogging Track, Lapangan Tenis,  Pemanas Air, Kitchen Set,  Playground,  Taman,  Tempat Gym, Lapangan Basket, Taman,  One Gate System,  Tempat Laundry,  Jalur Telepon",rumah,3.0,2.0,105.0,134.0,2.0,shm - sertifikat hak milik,3500 mah,1.0,1.0,2.0,0.0,2022.0,baru,selatan,0.0,semi furnished,Sedang,2,Sedang,2,1
5050000000.0,"Bisa Jalan Kaki Ke Living World, Bisa Kpr Juga, Banyak Gratisnya",Alam Sutera, Tangerang," Ac,  Lapangan Voli,  Jogging Track,  Tempat Gym, Lapangan Tenis,  Pemanas Air, Lapangan Basket, Taman, Jalur Telepon, Keamanan, Kitchen Set,  Track Lari, Wastafel,  CCTV,  Kolam Renang,  AC,  Jalur Telepon",rumah,4.0,3.0,140.0,176.0,2.0,shm - sertifikat hak milik,5500 mah,1.0,1.0,1.0,0.0,2022.0,baru,utara,0.0,semi furnished,Tinggi,3,Tinggi,3,1
6630000000.0,"Rumah Paling Untung Se Cluster Cuman Ada 1, Dapat Tanah Extra",Alam Sutera, Tangerang," Keamanan, CCTV,  Jogging Track,  Taman, Jalur Telepon,  Kolam Renang",rumah,4.0,4.0,205.0,241.0,3.0,shm - sertifikat hak milik,3500 mah,1.0,1.0,3.0,0.0,2022.0,baru,barat laut,0.0,furnished,Sangat Tinggi,1,Sangat Tinggi,1,1
5860000000.0,RUMAH ALAM SUTERA 2 LANTAI STRATEGIS,Alam Sutera, Tangerang," Keamanan, CCTV, Jalur Telepon, Akses Parkir, Wastafel,  Track Lari, Keamanan 24 jam, Ac,  CCTV,  AC,  Lapangan Voli,  Jogging Track, Lapangan Tenis,  Pemanas Air, Kitchen Set,  Playground,  Taman, Lapangan Basket, Tempat Jemuran,  Lapangan Bulu Tangkis,  One Gate System,  Jalur Telepon",rumah,4.0,3.0,160.0,209.0,1.0,shm - sertifikat hak milik,3500 mah,1.0,1.0,1.0,0.0,2022.0,baru,utara,2.0,semi furnished,Tinggi,3,Tinggi,3,1
3830000000.0,"RUMAH 2 LANTAI DI ALAM SUTERA!!!, LOKASI STRATEGIS!!!",Alam Sutera, Tangerang," Keamanan, CCTV,  Taman, Jalur Telepon, Keamanan 24 jam, Ac, AC, Taman,  Jalur Telepon",rumah,2.0,2.0,105.0,134.0,2.0,"lainnya (ppjb,girik,adat,dll)",3500 mah,0.0,0.0,2.0,0.0,2022.0,baru,utara,0.0,semi furnished,Sedang,2,Sedang,2,0
3830000000.0,RUMAH BARU 2 LANTAI ALAM SUTERA ! Di Sutera Narada Semi Furnished,Alam Sutera, Tangerang," Keamanan,  Jogging Track, CCTV, AC, Ac,  CCTV, Track Lari,  Kolam Renang, Taman",rumah,3.0,3.0,105.0,135.0,1.0,shm - sertifikat hak milik,3500 mah,0.0,1.0,2.0,0.0,2022.0,baru,selatan,0.0,semi furnished,Sedang,2,Sedang,2,1
6660000000.0,BEST DEAL !! RUMAH 3 LANTAI SUTERA WINONA,Alam Sutera, Tangerang," Keamanan, CCTV,  Jogging Track,  Taman, Keamanan 24 jam, Ac, AC, Track Lari,  Kolam Renang, Taman",rumah,5.0,4.0,144.0,277.0,1.0,shm - sertifikat hak milik,5500 mah,1.0,1.0,3.0,0.0,2022.0,baru,timur,0.0,semi furnished,Sangat Tinggi,1,Sangat Tinggi,1,1
3190000000.0,"RUMAH 2 LANTAI ALAM SUTERA 15 MENIT KE JAKARTA BARAT, RUMAH INCARAN sold",Alam Sutera, Tangerang," Keamanan,  Jogging Track, Kolam Renang,  Taman, Ac,  CCTV",rumah,3.0,2.0,124.0,138.0,1.0,shm - sertifikat hak milik,3300 mah,1.0,1.0,2.0,0.0,2022.0,baru,selatan,2.0,semi furnished,Sedang,2,Sedang,2,1
3830000000.0,Rumah Narada Alam Sutera Sutera Narada Cluster Narada Tangerang,Alam Sutera, Tangerang," Keamanan,  Jogging Track, CCTV, AC, Ac,  CCTV, Track Lari,  Kolam Renang, Taman",rumah,3.0,3.0,105.0,134.0,1.0,shm - sertifikat hak milik,3500 mah,0.0,0.0,2.0,0.0,2022.0,baru,selatan,0.0,semi furnished,Sedang,2,Sedang,2,0
4980000000.0,RUMAH MEWAH ALAM SUTERA HANYA 3 MENIT KE PINTU TOL JAKARTA,Alam Sutera, Tangerang," Ac,  Taman, Jogging Track, Keamanan,  CCTV,  Kolam Renang,  Jalur Telepon",rumah,4.0,3.0,200.0,193.0,2.0,shm - sertifikat hak milik,2200 mah,1.0,1.0,2.0,1.0,2021.0,baru,selatan,0.0,semi furnished,Tinggi,3,Tinggi,3,1
4270000000.0,"DAPAT TANAH EXTRA Best Price, Hadap Timur, Posisi Sangat Strategis, Rumah Mewah Alam Sutera",Alam Sutera, Tangerang," Keamanan, Kolam Renang,  Taman, Jogging Track,  CCTV,  AC,  Jalur Telepon",rumah,4.0,3.0,200.0,155.0,2.0,shm - sertifikat hak milik,2200 mah,1.0,1.0,2.0,1.0,2021.0,baru,timur,0.0,semi furnished,Tinggi,3,Tinggi,3,1
5350000000.0,RUMAH FULL MARMER DEPAN CLUB HOUSE SUTERA WINONA ALAM SUTERA HARGA TERBAIK,Alam Sutera, Tangerang," Ac,  Keamanan, Kolam Renang,  Taman, CCTV, Jogging Track, Taman, Jalur Telepon, Keamanan 24 jam, AC,  CCTV, Track Lari,  Kolam Renang,  Jalur Telepon",rumah,6.0,6.0,126.0,231.0,0.0,shm - sertifikat hak milik,3500 mah,1.0,1.0,3.0,2.0,2020.0,baru,tenggara,2.0,furnished,Tinggi,3,Sangat Tinggi,1,1
6660000000.0,"Rumah SMARTHOME Cluster Sultan di ALAM SUTERA, AMERICAN CLASSIC",Alam Sutera, Tangerang," Ac,  Keamanan,  Jogging Track, Kolam Renang,  Pemanas Air, Tempat Jemuran, Lapangan Basket, Kitchen Set, Wastafel,  CCTV, Track Lari, Taman,  AC",rumah,5.0,4.0,144.0,277.0,1.0,shm - sertifikat hak milik,5500 mah,0.0,1.0,3.0,0.0,2022.0,baru,selatan,2.0,semi furnished,Sangat Tinggi,1,Sangat Tinggi,1,1
4440000000.000001,RUMAH PINTAR ALAM SUTERA DI TENGAH CBD,Alam Sutera, Tangerang," Ac,  Keamanan, CCTV,  Taman, Jogging Track, Tempat Jemuran, Jalur Telepon,  Pemanas Air, Lapangan Basket, Kitchen Set, Wastafel,  CCTV, Track Lari,  Kolam Renang,  AC,  Jalur Telepon",rumah,4.0,3.0,108.0,195.0,1.0,shm - sertifikat hak milik,3500 mah,0.0,1.0,3.0,0.0,2022.0,baru,tenggara,2.0,semi furnished,Tinggi,3,Tinggi,3,1
6660000000.0,RUMAH AMERICAN CLASSIC DI CBD ALAM SUTERA. LOKASI TERBAIK & MEWAH,Alam Sutera, Tangerang," Ac,  Keamanan,  Jogging Track, Kolam Renang,  Taman,  Pemanas Air, Tempat Jemuran, Jalur Telepon, Lapangan Basket, Kitchen Set, Wastafel,  CCTV, Track Lari,  Kolam Renang,  AC",rumah,5.0,4.0,144.0,277.0,1.0,shm - sertifikat hak milik,5500 mah,1.0,1.0,3.0,1.0,2021.0,baru,selatan,2.0,semi furnished,Sangat Tinggi,1,Sangat Tinggi,1,1
3190000000.0,VINCENT PROPERTY - TERBAIK RUMAH 2 LANTAI DI ALAM SUTERA SIAP SURVEY LOKASI,Alam Sutera, Tangerang," Keamanan, CCTV,  Jogging Track,  Taman, Ac,  Kolam Renang",rumah,3.0,2.0,124.0,138.0,1.0,shm - sertifikat hak milik,3500 mah,1.0,1.0,2.0,0.0,2022.0,baru,utara,0.0,semi furnished,Sedang,2,Sedang,2,1
4270000000.0,HADAP SELATAN ! HARGA TERBAIK WITH VINCENT PROPERTY ALAM SUTERA,Alam Sutera, Tangerang," Keamanan,  Jogging Track, Kolam Renang,  Taman, Ac,  CCTV",rumah,4.0,3.0,200.0,155.0,1.0,shm - sertifikat hak milik,3500 mah,1.0,1.0,2.0,0.0,2022.0,baru,selatan,1.0,semi furnished,Tinggi,3,Tinggi,3,1
3760000000.0,1 Min To Santa Laurensia Rumah Hadap Selatan Di Narada Alam Sutera,Alam Sutera, Tangerang," Keamanan, Jalur Telepon, Akses Parkir, Wastafel, Taman,  Track Lari, Keamanan 24 jam,  CCTV,  AC,  Jogging Track, Kolam Renang, Lapangan Tenis,  Pemanas Air, Kitchen Set,  Playground,  Taman, Lapangan Basket, Tempat Jemuran,  Kolam Renang,  One Gate System,  Tempat Laundry,  Jalur Telepon",rumah,3.0,3.0,105.0,134.0,2.0,shm - sertifikat hak milik,2200 mah,1.0,1.0,2.0,0.0,2022.0,baru,selatan,0.0,semi furnished,Sedang,2,Sedang,2,1
5050000000.0,"RUMAH ALAM SUTERA NARADA, NYKKA, 2 LANTAI SIAP KPR MEWAH",Alam Sutera, Tangerang," Ac,  Taman, Lapangan Tenis, Jogging Track,  Pemanas Air, Lapangan Basket, Keamanan, Kitchen Set,  Track Lari, Wastafel,  CCTV,  Kolam Renang,  AC, Taman",rumah,4.0,3.0,140.0,176.0,1.0,shm - sertifikat hak milik,3500 mah,0.0,1.0,2.0,0.0,2022.0,baru,utara,2.0,semi furnished,Tinggi,3,Tinggi,3,1
6660000000.0,(LANGKA)RUMAH ALAM SUTERA WINONA TIPE WALLACE BADAN CLUSTER MEWAH,Alam Sutera, Tangerang," Keamanan,  Jogging Track, CCTV, AC, Ac,  CCTV, Track Lari,  Kolam Renang, Taman",rumah,5.0,4.0,144.0,277.0,1.0,shm - sertifikat hak milik,5500 mah,1.0,1.0,3.0,0.0,2022.0,baru,selatan,2.0,semi furnished,Sangat Tinggi,1,Sangat Tinggi,1,1
3710000000.0,CLUSTER NARADA ! INFO TERUPDATE RUMAH ALAM SUTERA HANYA DISINI !,Alam Sutera, Tangerang,"Kolam Renang,  Taman, CCTV, Jalur Telepon, AC, Ac,  Kolam Renang,  CCTV, Taman,  Jalur Telepon",rumah,5.0,4.0,105.0,134.0,0.0,shm - sertifikat hak milik,2200 mah,0.0,0.0,2.0,0.0,2022.0,baru,selatan,2.0,semi furnished,Sedang,2,Sedang,2,0
6650000000.0,Rumah Mewah Full Marmer Hadap Timur View Taman,Alam Sutera, Tangerang," Keamanan,  Jogging Track, Taman, AC,  CCTV,  Kolam Renang,  Jalur Telepon",rumah,4.0,4.0,200.0,250.0,2.0,"lainnya (ppjb,girik,adat,dll)",5500 mah,1.0,1.0,2.0,1.0,2021.0,baru,barat laut,0.0,furnished,Sangat Tinggi,1,Sangat Tinggi,1,1
5350000000.0,"RUMAH 3 LANTAI LOKASI PREMIUM, ADA 2 MASTER BEDROOM",Alam Sutera, Tangerang," Ac,  Keamanan, CCTV,  Jogging Track,  Taman, Jalur Telepon,  Kolam Renang",rumah,4.0,3.0,126.0,231.0,1.0,shm - sertifikat hak milik,3500 mah,1.0,1.0,3.0,1.0,2021.0,baru,timur laut,2.0,semi furnished,Tinggi,3,Sangat Tinggi,1,1
6660000000.0,LIFT PRIBADI DI RUMAH 3 LANTAI PALING FAVORIT DI ALAM SUTERA,Alam Sutera, Tangerang," Ac,  Keamanan,  Jogging Track, CCTV, Jalur Telepon, Keamanan 24 jam, AC,  CCTV, Track Lari,  Kolam Renang, Taman",rumah,5.0,4.0,144.0,277.0,1.0,shm - sertifikat hak milik,5500 mah,1.0,1.0,3.0,1.0,2021.0,baru,timur laut,2.0,semi furnished,Sangat Tinggi,1,Sangat Tinggi,1,1
3830000000.0,Rumah Lokasi paling terbaik 2 Lantai di Sutera Narada NYKKA,Alam Sutera, Tangerang,"Masjid,  Jogging Track,  Taman, Kolam Renang, CCTV, Jalur Telepon, Keamanan, Keamanan 24 jam, Ac,  Masjid,  CCTV, AC, Track Lari,  Kolam Renang,  Jalur Telepon",rumah,3.0,3.0,105.0,134.0,2.0,shm - sertifikat hak milik,3500 mah,1.0,1.0,2.0,0.0,2022.0,baru,utara,0.0,semi furnished,Sedang,2,Sedang,2,1
3830000000.0,LIMITED UNITS ! NYKKA 2 LANTAI EXTENSION CLUSTER NARADA,Alam Sutera, Tangerang," Keamanan, CCTV,  Jogging Track,  Taman, Keamanan 24 jam, Ac, AC, Track Lari,  Kolam Renang, Taman",rumah,3.0,3.0,105.0,135.0,1.0,shm - sertifikat hak milik,3500 mah,0.0,1.0,2.0,0.0,2022.0,baru,selatan,0.0,semi furnished,Sedang,2,Sedang,2,1
5860000000.0,Selangkah Ke Laurensia School Rumah Di Narada Alam Sutera,Alam Sutera, Tangerang," Ac,  Keamanan,  Taman, Jogging Track, Jalur Telepon,  CCTV,  Kolam Renang",rumah,4.0,3.0,160.0,209.0,2.0,shm - sertifikat hak milik,4400 mah,1.0,1.0,2.0,0.0,2022.0,baru,selatan,0.0,semi furnished,Tinggi,3,Tinggi,3,1
5050000000.0,Selangkah Ke Laurensia School Rumah di Narada Alam Sutera,Alam Sutera, Tangerang," Keamanan,  Taman, Jogging Track, Ac,  CCTV,  Kolam Renang,  Jalur Telepon",rumah,4.0,3.0,140.0,176.0,2.0,shm - sertifikat hak milik,3500 mah,1.0,1.0,2.0,0.0,2022.0,baru,timur,0.0,semi furnished,Tinggi,3,Tinggi,3,1
2960000000.0,Langka Rumah Rossini Siap Huni Gading Serpong,Gading Serpong, Tangerang,"CCTV,  Kolam Renang, Taman,  Keamanan",rumah,4.0,3.0,96.0,116.0,2.0,"lainnya (ppjb,girik,adat,dll)",2200 mah,1.0,1.0,2.0,1.0,2021.0,sudah renovasi,utara,0.0,unfurnished,Sedang,2,Sedang,2,1
5050000000.0,Rumah 2 Lantai LOKASI DI TENGAH CBD,Gading Serpong, Tangerang," Ac,  Lapangan Voli,  Jogging Track,  Taman, Lapangan Tenis,  Pemanas Air, Tempat Jemuran, Jalur Telepon, Lapangan Basket, Keamanan, Kitchen Set,  Lapangan Bulu Tangkis,  Track Lari, Wastafel,  CCTV,  AC",rumah,4.0,3.0,140.0,176.0,1.0,shm - sertifikat hak milik,3500 mah,0.0,1.0,2.0,0.0,2022.0,baru,utara,2.0,semi furnished,Tinggi,3,Tinggi,3,1
7100000000.0,Rumah Mewah Cluster Pasadena Gading Serpong Lokasi Strategis,Gading Serpong, Tangerang," Ac,  Taman, Jogging Track, Keamanan,  CCTV,  Kolam Renang,  Jalur Telepon",rumah,4.0,3.0,216.0,283.0,2.0,shm - sertifikat hak milik,5500 mah,1.0,1.0,2.0,0.0,2022.0,baru,selatan,1.0,unfurnished,Sangat Tinggi,1,Sangat Tinggi,1,1
2700000000.0,BELI RUMAH INI GA PERLU PAKAI DP LOHH! SUDAH FULLY FURNISHED JUGA! LOKASI DEKAT SEKOLAH DAN MALL,Gading Serpong, Tangerang," Keamanan, CCTV,  Jogging Track,  Taman, Kolam Renang, Jalur Telepon, Track Lari,  Kolam Renang",rumah,3.0,3.0,84.0,128.0,2.0,shm - sertifikat hak milik,2200 mah,0.0,0.0,3.0,0.0,2022.0,bagus,selatan,2.0,furnished,Sedang,2,Sedang,2,0
5320000000.0,Rumah 2 Lantai Di Area Gading Serpong  Lokasi Pusat,Gading Serpong, Tangerang," Ac,  Taman, Jogging Track, Keamanan,  Kolam Renang,  Jalur Telepon",rumah,3.0,3.0,180.0,257.0,3.0,shm - sertifikat hak milik,5500 mah,1.0,1.0,2.0,0.0,2022.0,baru,timur laut,0.0,unfurnished,Tinggi,3,Sangat Tinggi,1,1
1940000000.0,Rumah New Alma Lebar 10 Termurah di Gading Serpong,Gading Serpong, Tangerang," Ac,  Keamanan,  Jogging Track, Kolam Renang,  CCTV, Taman,  Jalur Telepon",rumah,3.0,2.0,80.0,102.0,1.0,shm - sertifikat hak milik,2200 mah,0.0,0.0,1.0,0.0,2022.0,baru,timur,2.0,unfurnished,Rendah,0,Sedang,2,0
3100000000.0,Flamingo Caribbean The Springs Rumah Mewah di Gading Serpong,Gading Serpong, Tangerang,"Keamanan, Taman",rumah,3.0,3.0,128.0,129.0,2.0,shm - sertifikat hak milik,2200 mah,0.0,0.0,1.0,0.0,2022.0,baru,timur,0.0,unfurnished,Sedang,2,Sedang,2,0
1200000000.0,Rumah Fleekhauz Furnish Gading Serpong,Gading Serpong, Tangerang,"Taman, Ac,  Keamanan",rumah,3.0,3.0,72.0,120.0,1.0,shm - sertifikat hak milik,2200 mah,0.0,0.0,2.0,0.0,2022.0,bagus,timur laut,0.0,semi furnished,Rendah,0,Sedang,2,0
2960000000.0,Cluster Rossini Kawasan Symphonia Summarecon Serpong,Gading Serpong, Tangerang," Keamanan,  Jogging Track,  Taman, Tempat Jemuran, Jalur Telepon, Wastafel, Track Lari, Taman",rumah,4.0,3.0,96.0,116.0,2.0,"lainnya (ppjb,girik,adat,dll)",2200 mah,0.0,0.0,2.0,2.0,2020.0,bagus,utara,0.0,unfurnished,Sedang,2,Sedang,2,3
1400000000.0,"Zuma Malibu Village, Rumah 2 Lantai Furnished Di Gading Serpong",Gading Serpong, Tangerang," Ac,  Taman, Jogging Track, Keamanan,  Kolam Renang,  Jalur Telepon",rumah,2.0,2.0,48.0,63.0,1.0,shm - sertifikat hak milik,2200 mah,0.0,0.0,2.0,1.0,2021.0,baru,selatan,0.0,furnished,Rendah,0,Rendah,0,3
3500000000.0,Rumah Siap Huni Semi Furnish Samping Taman | no Cobroke,Gading Serpong, Tangerang," Keamanan, CCTV,  Jogging Track,  Taman, Jalur Telepon, Taman, AC, Ac, Track Lari,  Kolam Renang,  Jalur Telepon",rumah,4.0,3.0,128.0,160.0,1.0,"lainnya (ppjb,girik,adat,dll)",4400 mah,0.0,1.0,2.0,2.0,2020.0,bagus sekali,timur laut,1.0,semi furnished,Sedang,2,Tinggi,3,3
5100000000.000001,"Rumah Baru 2 Lantai Di Menteng Village, Gading Serpong Baru",Gading Serpong, Tangerang," Keamanan,  Jogging Track,  Taman, Jalur Telepon, Ac,  Kolam Renang",rumah,3.0,3.0,180.0,257.0,3.0,shm - sertifikat hak milik,3500 mah,1.0,1.0,2.0,0.0,2022.0,baru,utara,0.0,unfurnished,Tinggi,3,Sangat Tinggi,1,1
1460000000.0,Rumah 2 Lantai Furnished Di Gading Serpong New Zuma,Gading Serpong, Tangerang," Ac,  Keamanan,  Jogging Track, Jalur Telepon,  Kolam Renang, Taman",rumah,2.0,2.0,48.0,63.0,1.0,shm - sertifikat hak milik,2200 mah,0.0,0.0,2.0,0.0,2022.0,baru,selatan,0.0,furnished,Rendah,0,Rendah,0,0
6929999999.999999,PASADENA GRAND RESIDANCE L12x18,Gading Serpong, Tangerang," Ac,  Keamanan,  Jogging Track, Kolam Renang,  CCTV, Taman,  Jalur Telepon",rumah,4.0,3.0,216.0,283.0,2.0,shm - sertifikat hak milik,7700 mah,1.0,1.0,2.0,1.0,2021.0,baru,selatan,1.0,unfurnished,Sangat Tinggi,1,Sangat Tinggi,1,1
755000000.0,Rumah Minimalis 2 Lantai SHM Gratis Biaya Biaya Surat Lokasi Strategis,Gading Serpong, Tangerang," Akses Parkir, Masjid,  Keamanan,  Jogging Track,  Taman, Tempat Jemuran, Jalur Telepon, Keamanan 24 jam,  Masjid, Track Lari, Taman,  One Gate System",rumah,3.0,2.0,78.0,60.0,1.0,shm - sertifikat hak milik,1300 mah,0.0,0.0,2.0,0.0,2022.0,baru,utara,0.0,unfurnished,Rendah,0,Rendah,0,0
785000000.0,Rumah Murah 2 Lantai SHM Gratis Biaya Biaya Surat Bebas Banjir,Gading Serpong, Tangerang,"Masjid,  Jogging Track,  Taman, Tempat Jemuran, Jalur Telepon, Keamanan, Track Lari,  Jalur Telepon",rumah,3.0,2.0,85.0,60.0,1.0,shm - sertifikat hak milik,1300 mah,0.0,0.0,2.0,0.0,2022.0,baru,utara,0.0,unfurnished,Rendah,0,Rendah,0,0
2720000000.0,"Dijual Murah Rumah Rapih Siap Huni, Minimalis Design Mandiri, lokasi dekat sekolah Pahoa dan Tunas Bangsa, dekat Mall sms dan pasar Sinpasa, pasar Paramount. Rumah sudah baja ringan.",Gading Serpong, Tangerang," Keamanan,  Taman, Lapangan Basket, Tempat Jemuran, Jalur Telepon, AC, Ac,  Kolam Renang, Wastafel, Taman,  Jalur Telepon",rumah,3.0,2.0,144.0,250.0,1.0,shm - sertifikat hak milik,3500 mah,1.0,1.0,2.0,2.0,2020.0,bagus,selatan,1.0,semi furnished,Sedang,2,Sangat Tinggi,1,1
5050000000.0,RUMAH CANTIK 2 LANTAI DI CBD DEKAT PINTU TOL DAN MALL. CLUSTER,BSD City, Tangerang," Keamanan, CCTV, Jalur Telepon, Akses Parkir, Wastafel,  Ac,  Track Lari, Keamanan 24 jam,  CCTV,  AC,  Lapangan Voli,  Jogging Track, Lapangan Tenis,  Pemanas Air, Kitchen Set,  Playground,  Taman, Lapangan Basket, Tempat Jemuran,  Lapangan Bulu Tangkis,  One Gate System",rumah,4.0,3.0,140.0,176.0,1.0,shm - sertifikat hak milik,3500 mah,1.0,1.0,2.0,0.0,2022.0,baru,utara,2.0,semi furnished,Tinggi,3,Tinggi,3,1
2700000000.0,TANPA DP - CICILAN 18JUTA/BULAN - RUMAH 2 LANTAI ADA ROOFTOP FULL FURNISH TANAKAYU CHAVA BSD,BSD City, Tangerang," Keamanan, Jogging Track, Keamanan 24 jam, Track Lari, Taman",rumah,3.0,3.0,84.0,126.0,2.0,shm - sertifikat hak milik,2200 mah,0.0,0.0,3.0,0.0,2022.0,baru,selatan,0.0,furnished,Sedang,2,Sedang,2,0
4000000000.0,TANYA TANYA RUMAH BARU INI YUK! RUMAH MEWAH 3 LANTAI SEBRANG MALL DAN SEKOLAH,BSD City, Tangerang," Taman, CCTV, Lapangan Tenis, Jogging Track, Tempat Jemuran, Jalur Telepon, Keamanan, Akses Parkir, Keamanan 24 jam, Wastafel,  CCTV, Track Lari,  Playground,  Kolam Renang,  One Gate System,  Jalur Telepon",rumah,4.0,4.0,128.0,183.0,2.0,shm - sertifikat hak milik,4400 mah,1.0,1.0,3.0,0.0,2022.0,bagus,selatan,0.0,unfurnished,Tinggi,3,Tinggi,3,1
1000000000.0,Rumah Mewah kualitas terbaik di serpong tangerang selatan,BSD City, Tangerang," Keamanan, CCTV, AC, Ac,  CCTV, Taman",rumah,3.0,3.0,63.0,83.0,2.0,shm - sertifikat hak milik,3300 mah,0.0,0.0,2.0,0.0,2022.0,baru,selatan,2.0,furnished,Rendah,0,Rendah,0,0
1700000000.0,RUMAH FULL FURNISH MYZA COZMO BSD CITY,BSD City, Tangerang," Jogging Track, Keamanan, Track Lari, Taman",rumah,3.0,2.0,60.0,73.0,1.0,shm - sertifikat hak milik,2200 mah,0.0,0.0,2.0,0.0,2022.0,baru,selatan,0.0,furnished,Rendah,0,Rendah,0,0
1300000000.0,RUMAH MILLENIAL SIAP HUNI! LOKASI STRATEGIS SI PUSAT BSD CITY DAN GADING SERPONG,BSD City, Tangerang," Ac,  Keamanan, CCTV,  Jogging Track,  Taman,  Pemanas Air, Tempat Jemuran, Jalur Telepon, Kitchen Set, Wastafel,  CCTV, Track Lari,  AC",rumah,2.0,1.0,48.0,45.0,1.0,shm - sertifikat hak milik,2200 mah,0.0,0.0,2.0,0.0,2022.0,bagus,selatan,1.0,furnished,Rendah,0,Rendah,0,2
599000000.0000001,"Rumah 2 Lantai Baru di Serpong, Hanya 8 Menit Ke Stasiun",BSD City, Tangerang," Akses Parkir, Masjid,  Taman, Lapangan Bola,  Tempat Gym, Lapangan Tenis, Tempat Jemuran, Jalur Telepon,  Kolam Ikan,  Lapangan Bulu Tangkis, Keamanan 24 jam, Wastafel,  CCTV,  Kolam Renang,  One Gate System,  Tempat Laundry,  Playground,  Lapangan Basket",rumah,3.0,2.0,70.0,50.0,1.0,shm - sertifikat hak milik,1300 mah,0.0,0.0,2.0,0.0,2022.0,baru,utara,2.0,unfurnished,Rendah,0,Rendah,0,0
1450000000.0,Rumah Bsd Gres Baru Full Furnished Siap Huni Termurah 2.5 Lt Invensihaus R,BSD City, Tangerang," Jogging Track, Kolam Renang,  Taman, CCTV, Keamanan,  CCTV, Track Lari, Taman",rumah,3.0,2.0,50.0,68.0,1.0,shm - sertifikat hak milik,2200 mah,0.0,0.0,2.0,1.0,2021.0,baru,selatan,0.0,furnished,Rendah,0,Rendah,0,3
1600000000.0,RUMAH 2 LANTAI PALING OKE! SUDAH DAPAT 4 KAMAR TIDUR DENGAN LOKASI DI PUSAT BSD CITY,BSD City, Tangerang,"CCTV,  Jogging Track,  Taman, Lapangan Bola, Jalur Telepon, Keamanan, Akses Parkir, Keamanan 24 jam,  Track Lari,  CCTV,  Playground, Taman,  One Gate System, Tempat Gym,  Jalur Telepon",rumah,4.0,2.0,60.0,78.0,2.0,shm - sertifikat hak milik,2200 mah,0.0,0.0,2.0,1.0,2021.0,bagus,selatan,0.0,unfurnished,Rendah,0,Rendah,0,3
1000000000.0,Rumah Modern Minimalis Dekat Pintu Toll Bsd,BSD City, Tangerang," Keamanan, CCTV,  Taman,  Jogging Track, Keamanan 24 jam, Ac, AC, Track Lari, Taman",rumah,2.0,2.0,64.0,65.0,0.0,shm - sertifikat hak milik,2200 mah,0.0,0.0,2.0,0.0,2022.0,baru,timur,0.0,unfurnished,Rendah,0,Rendah,0,2
900000000.0,Rumah Minimalis 2 Lantai Dekat Stasiun dan Tol,BSD City, Tangerang,"CCTV, Ac,  Keamanan",rumah,2.0,2.0,53.0,60.0,2.0,shm - sertifikat hak milik,2200 mah,0.0,0.0,2.0,2.0,2020.0,baru,timur,0.0,unfurnished,Rendah,0,Rendah,0,3
3100000000.0,Rumah Hook Lt 181 di Bsd City Ada Private Pool Dengan View Taman Full Furnished,BSD City, Tangerang," Taman, Jogging Track, Keamanan,  CCTV,  Kolam Renang,  AC,  Jalur Telepon",rumah,3.0,3.0,181.0,182.0,3.0,shm - sertifikat hak milik,4400 mah,1.0,1.0,2.0,1.0,2021.0,bagus sekali,timur,1.0,furnished,Sedang,2,Tinggi,3,1
1700000000.0,KESEMPATAN !  RUMAH 3 LANTAI SIAP HUNI BSD CITY!,BSD City, Tangerang," Keamanan, Jogging Track,  CCTV, Taman,  Jalur Telepon",rumah,2.0,2.0,60.0,67.0,1.0,shm - sertifikat hak milik,2200 mah,0.0,0.0,2.0,0.0,2022.0,bagus sekali,utara,1.0,unfurnished,Rendah,0,Rendah,0,0
1300000000.0,RUMAH 3 LANTAI SIAP HUNI DI BSD CITY! PUNYA PRIVATE POOL!,BSD City, Tangerang," Keamanan, CCTV,  Taman, Kolam Renang, Jogging Track, Jalur Telepon, Taman, Keamanan 24 jam, Track Lari,  Kolam Renang,  Jalur Telepon",rumah,4.0,2.0,32.0,90.0,2.0,shm - sertifikat hak milik,2200 mah,0.0,0.0,3.0,2.0,2020.0,bagus,selatan,0.0,semi furnished,Rendah,0,Sedang,2,3
800000000.0,Rumah 2 Lantai Cluster Dekat Perkantoran BSD AEON Mall Dan TOL,BSD City, Tangerang,"Keamanan, Taman",rumah,3.0,2.0,60.0,65.0,2.0,shm - sertifikat hak milik,2200 mah,0.0,0.0,2.0,0.0,2022.0,baru,selatan,0.0,unfurnished,Rendah,0,Rendah,0,0
5080000000.0,"Unit Batalan Rumah Corner Type 8 Quantis Signature Bsd, Siapa Cepat Pasti Dapat",BSD City, Tangerang,"Kolam Renang,  Taman, CCTV,  Tempat Gym, Lapangan Basket, Lapangan Bulu Tangkis, Jalur Telepon, Taman,  Track Lari, Keamanan 24 jam, Wastafel,  CCTV,  Kolam Renang,  Playground",rumah,4.0,4.0,153.0,147.0,2.0,"lainnya (ppjb,girik,adat,dll)",4400 mah,1.0,1.0,2.0,0.0,2022.0,baru,utara,0.0,unfurnished,Tinggi,3,Sedang,2,1
1400000000.0,Rumah Minimalis 2 Lantai Furnished Siap Huni di Fleek Hauz BSD,BSD City, Tangerang," Keamanan,  Taman,  Jogging Track, Jalur Telepon, Akses Parkir, Kitchen Set, Keamanan 24 jam, Ac, Wastafel,  CCTV, Track Lari, Taman,  One Gate System,  AC,  Tempat Laundry,  Playground",rumah,2.0,2.0,60.0,45.0,0.0,"lainnya (ppjb,girik,adat,dll)",2200 mah,0.0,0.0,2.0,1.0,2021.0,bagus,utara,2.0,furnished,Rendah,0,Rendah,0,3
785000000.0,Rumah Elit Harga irit Include Biaya Biaya Surat Lokasi Strategis,BSD City, Tangerang,"Masjid,  Keamanan,  Taman, Jogging Track, Tempat Jemuran, Jalur Telepon, Track Lari,  Jalur Telepon",rumah,3.0,2.0,85.0,60.0,0.0,shm - sertifikat hak milik,1300 mah,0.0,0.0,2.0,0.0,2022.0,baru,utara,0.0,unfurnished,Rendah,0,Rendah,0,0
1650000000.0,"Rumah langka siap huni termurah, Cluster Avezza The Mozia BSD City",BSD City, Tangerang," Jogging Track,  Taman, Tempat Jemuran, Jalur Telepon, Keamanan, Track Lari, Tempat Gym",rumah,2.0,2.0,60.0,73.0,1.0,"lainnya (ppjb,girik,adat,dll)",2200 mah,0.0,0.0,2.0,2.0,2020.0,bagus,timur,0.0,unfurnished,Rendah,0,Rendah,0,3
455000000.0,Di Jual Cepat Rumah Baru Siap Huni di Cikupa Citra Raya,Cikupa Citra Raya, Tangerang,"Lapangan Bulu Tangkis, Tempat Jemuran, Keamanan, Wastafel, Taman",rumah,2.0,1.0,72.0,72.0,1.0,shm - sertifikat hak milik,1300 mah,0.0,0.0,1.0,0.0,2022.0,baru,utara,1.0,unfurnished,Rendah,0,Rendah,0,2
675000000.0,Di Jual Rumah 2 lantai di Cikupa Perumahan Serdang Asri,Cikupa Citra Raya, Tangerang," Jogging Track, Tempat Jemuran, Keamanan, Keamanan 24 jam, Wastafel, Track Lari, Taman,  Playground",rumah,3.0,2.0,72.0,110.0,1.0,hgb - hak guna bangunan,2200 mah,0.0,0.0,2.0,0.0,2022.0,baru,timur,1.0,unfurnished,Rendah,0,Sedang,2,0
685000000.0,Di Jual Rumah Siap Huni di Cikupa Citra Raya,Cikupa Citra Raya, Tangerang," Taman, Jogging Track, Tempat Jemuran, Keamanan, Keamanan 24 jam, Wastafel, Track Lari, Taman, Tempat Gym,  Playground",rumah,3.0,1.0,72.0,65.0,1.0,hgb - hak guna bangunan,2200 mah,0.0,0.0,1.0,1.0,2021.0,baru,selatan,1.0,unfurnished,Rendah,0,Rendah,0,3
1000000000.0,rumah baru dalam cluster design elegant di bsd tangerang selatan,BSD, Tangerang," Keamanan, CCTV,  Taman, AC, Ac, Taman",rumah,3.0,2.0,61.0,69.0,2.0,shm - sertifikat hak milik,2200 mah,0.0,0.0,2.0,1.0,2021.0,baru,timur,2.0,unfurnished,Rendah,0,Rendah,0,3
2770000000.0,Rumah Furnished 2.5 Lt Chava Tanakayu Bsd City 7 X 12 Roof Top,BSD, Tangerang," Taman,  Pemanas Air, Tempat Jemuran, Jalur Telepon, Akses Parkir, Kitchen Set, Keamanan 24 jam, Wastafel,  CCTV, Track Lari,  Kolam Renang,  One Gate System,  Tempat Laundry,  Playground",rumah,4.0,3.0,84.0,126.0,1.0,shm - sertifikat hak milik,2200 mah,0.0,0.0,3.0,0.0,2022.0,baru,utara,0.0,furnished,Sedang,2,Sedang,2,0
6000000000.0,Zora Rumah Jepang Full Marmer Mewah di Pusat Kota Bsd Tangerang,BSD, Tangerang," Keamanan, CCTV,  Taman, Ac,  Kolam Renang",rumah,4.0,5.0,136.0,242.0,0.0,shm - sertifikat hak milik,4400 mah,1.0,1.0,1.0,0.0,2022.0,baru,timur,2.0,unfurnished,Sangat Tinggi,1,Sangat Tinggi,1,1
1900000000.0,Tanakayu Bsd Rumah Fully Furnish di Pusat Bsd Dekat Aeon Mall,BSD, Tangerang," Keamanan, Jogging Track,  Kolam Renang,  CCTV, Taman",rumah,4.0,3.0,66.0,86.0,1.0,shm - sertifikat hak milik,2200 mah,0.0,0.0,2.0,0.0,2022.0,baru,timur,0.0,furnished,Rendah,0,Rendah,0,0
7800000000.0,Rumah di The Zora Cluster Kazumi BSD | no Cobroke,BSD, Tangerang," Keamanan,  Jogging Track, Jalur Telepon, Keamanan 24 jam, Track Lari,  Kolam Renang, Taman",rumah,4.0,4.0,180.0,280.0,2.0,shm - sertifikat hak milik,5500 mah,1.0,1.0,3.0,2.0,2020.0,bagus,utara,1.0,unfurnished,Sangat Tinggi,1,Sangat Tinggi,1,1
665000000.0000001,Rumah Murah Design Modern Minimalis Dekat Stasiun Rawa Buntu,BSD, Tangerang,"Kulkas, Masjid,  Taman, Lapangan Bola, Tempat Jemuran, Jalur Telepon, Lapangan Bulu Tangkis,  Track Lari, Keamanan 24 jam, Wastafel,  One Gate System,  AC,  Playground",rumah,3.0,2.0,85.0,60.0,1.0,shm - sertifikat hak milik,1300 mah,0.0,0.0,2.0,0.0,2022.0,baru,utara,2.0,semi furnished,Rendah,0,Rendah,0,0
1040000000.0,Rumah Cluster Eksklusif 10 Menit Pintu Toll Bsd DP5%,BSD, Tangerang," Ac,  Keamanan, CCTV, Jogging Track, AC,  CCTV, Track Lari, Taman",rumah,3.0,3.0,63.0,83.0,2.0,shm - sertifikat hak milik,3500 mah,0.0,0.0,2.0,0.0,2022.0,baru,selatan,0.0,unfurnished,Rendah,0,Rendah,0,0
1430000000.0,Rumah Di Jual 2 Lantai Murah Dekat Ke Area Bsd,BSD, Tangerang," Keamanan, AC,  Masjid,  CCTV, Taman",rumah,3.0,3.0,68.0,80.0,1.0,shm - sertifikat hak milik,3500 mah,0.0,0.0,2.0,0.0,2022.0,baru,utara,0.0,semi furnished,Rendah,0,Rendah,0,0
5950000000.0,Rumah 3 Lantai Cantik Kanade 8 X 17 The Zora Bsd City,BSD, Tangerang," Taman,  Tempat Gym, Lapangan Tenis,  Pemanas Air, Tempat Jemuran, Jalur Telepon, Lapangan Basket, Akses Parkir, Kitchen Set, Keamanan 24 jam,  Track Lari, Wastafel,  CCTV,  Kolam Renang,  One Gate System,  AC,  Tempat Laundry,  Playground",rumah,4.0,5.0,136.0,242.0,2.0,shm - sertifikat hak milik,4400 mah,1.0,1.0,3.0,0.0,2022.0,baru,utara,0.0,semi furnished,Sangat Tinggi,1,Sangat Tinggi,1,1
2950000000.0,Rumah Siap Huni di Kencana Loka BSD | no Cobroke,BSD, Tangerang," Keamanan, CCTV,  Taman, Jalur Telepon, AC, Ac, Taman,  Jalur Telepon",rumah,3.0,3.0,153.0,230.0,2.0,shm - sertifikat hak milik,3500 mah,1.0,1.0,2.0,1.0,2021.0,bagus sekali,utara,0.0,semi furnished,Sedang,2,Sangat Tinggi,1,1
1000000000.0,rumah 2 lantai  siap huni di serpong,BSD, Tangerang," Ac,  Keamanan, CCTV,  Masjid, Taman",rumah,3.0,2.0,74.0,69.0,2.0,shm - sertifikat hak milik,2200 mah,0.0,0.0,2.0,0.0,2022.0,baru,barat,0.0,semi furnished,Rendah,0,Rendah,0,0
2770000000.0,Rumah Cantik Ada Roof Top 7 X 12 di Bsd City,BSD, Tangerang,"Kolam Renang,  Taman,  Pemanas Air, Jalur Telepon,  Kolam Ikan, Akses Parkir, Kitchen Set, Keamanan 24 jam, Wastafel,  CCTV, Track Lari,  Kolam Renang,  One Gate System,  Tempat Laundry,  Playground",rumah,4.0,3.0,84.0,126.0,1.0,shm - sertifikat hak milik,2200 mah,0.0,0.0,3.0,0.0,2022.0,baru,utara,0.0,furnished,Sedang,2,Sedang,2,0
765000000.0,"Rumah Murah Bsd 2 Lantai, 7 Menit Ke Stasiun Serpong Tangsel",BSD, Tangerang," Ac,  Keamanan, CCTV,  Jogging Track,  Masjid, Taman",rumah,3.0,2.0,60.0,80.0,1.0,shm - sertifikat hak milik,2200 mah,0.0,0.0,2.0,0.0,2022.0,baru,selatan,1.0,unfurnished,Rendah,0,Rendah,0,0
655000000.0,Hunian Idaman Keluarga Anda Harga Termurah Dekat Unpam,BSD, Tangerang,"Kulkas, Masjid,  Taman, Lapangan Bola, Tempat Jemuran, Jalur Telepon, Lapangan Bulu Tangkis,  Track Lari, Keamanan 24 jam, Wastafel,  Akses Parkir,  One Gate System,  AC,  Tempat Laundry,  Playground",rumah,3.0,2.0,68.0,60.0,1.0,shm - sertifikat hak milik,1300 mah,0.0,0.0,2.0,0.0,2022.0,baru,timur,2.0,semi furnished,Rendah,0,Rendah,0,0
2110000000.0,Rumah Baru Yuthica BSD Hoek 4KT Full Furnished,BSD, Tangerang," Taman,  Pemanas Air, Keamanan, Akses Parkir, Keamanan 24 jam, Kitchen Set, Wastafel, Taman,  One Gate System,  Playground",rumah,4.0,2.0,80.0,78.0,1.0,"lainnya (ppjb,girik,adat,dll)",2200 mah,0.0,0.0,2.0,0.0,2022.0,baru,utara,0.0,furnished,Sedang,2,Rendah,0,0
655000000.0,Rumah Mewah Murah Lokasi Strategis Dekat Universitas Dan Stasiun,BSD, Tangerang,"Kulkas, Masjid,  Taman, Lapangan Bola, Tempat Jemuran, Jalur Telepon, Lapangan Bulu Tangkis,  Track Lari, Keamanan 24 jam, Wastafel,  Akses Parkir,  One Gate System,  AC,  Tempat Laundry,  Playground",rumah,3.0,2.0,61.0,60.0,1.0,shm - sertifikat hak milik,1300 mah,0.0,0.0,2.0,0.0,2022.0,baru,timur,2.0,semi furnished,Rendah,0,Rendah,0,0
685000000.0,Rumah Elegan 2 Lantai Harga irit Gratis Biaya Biaya Surat,Rawakalong, Tangerang,"Masjid,  Jogging Track,  Taman, Tempat Jemuran, Jalur Telepon, Keamanan, Keamanan 24 jam, Track Lari,  Akses Parkir,  One Gate System,  Jalur Telepon",rumah,3.0,2.0,64.0,60.0,1.0,shm - sertifikat hak milik,1300 mah,0.0,0.0,2.0,0.0,2022.0,baru,timur,0.0,unfurnished,Rendah,0,Rendah,0,0
2750000000.0,Meranti Golf Estate Suvarna Sutera Tangerang,Sindang Jaya, Tangerang," Keamanan, Jalur Telepon, Wastafel,  Track Lari,  CCTV,  Lapangan Voli,  Jogging Track, Kolam Renang, Lapangan Tenis,  Pemanas Air, Kitchen Set, Masjid,  Taman, Lapangan Bola,  Tempat Gym, Tempat Jemuran,  Lapangan Bulu Tangkis,  Jalur Telepon,  Lapangan Basket",rumah,4.0,4.0,180.0,214.0,3.0,shm - sertifikat hak milik,3500 mah,1.0,1.0,2.0,0.0,2022.0,baru,barat,0.0,semi furnished,Sedang,2,Tinggi,3,1
2800000000.0,Cluster Eldora Suvarna Sutera Tangerang,Sindang Jaya, Tangerang," Keamanan, CCTV, Jalur Telepon, Wastafel,  Track Lari, Keamanan 24 jam,  CCTV,  Akses Parkir,  Lapangan Voli,  Jogging Track, Kolam Renang, Lapangan Tenis,  Playground, Masjid,  Taman, Lapangan Bola,  Tempat Gym, Tempat Jemuran,  Lapangan Bulu Tangkis,  Kolam Renang,  One Gate System,  Tempat Laundry,  Jalur Telepon,  Lapangan Basket",rumah,4.0,3.0,160.0,190.0,2.0,shm - sertifikat hak milik,3500 mah,1.0,1.0,2.0,0.0,2022.0,baru,selatan,0.0,unfurnished,Sedang,2,Tinggi,3,1
1800000000.0,"Dijual Murah Bu Chiara Suvarna Sutera Lokasi Strategis, Siap Huni",Sindang Jaya, Tangerang,"Masjid,  Lapangan Voli,  Taman,  Tempat Gym, Lapangan Tenis, Lapangan Basket, Tempat Jemuran, Jalur Telepon, Kitchen Set, Keamanan 24 jam,  Track Lari,  Kolam Renang,  CCTV, Wastafel,  Akses Parkir,  One Gate System,  Playground",rumah,3.0,3.0,180.0,142.0,1.0,"lainnya (ppjb,girik,adat,dll)",5500 mah,1.0,0.0,2.0,2.0,2020.0,bagus,barat,2.0,unfurnished,Rendah,0,Sedang,2,3
755000000.0,Rumah Mewah Termurah Tahun 2022 Modern dan Asri,Cisauk, Tangerang," Akses Parkir, Masjid,  Keamanan,  Jogging Track,  Taman, Tempat Jemuran, Jalur Telepon, Keamanan 24 jam,  Masjid, Track Lari, Taman,  One Gate System",rumah,3.0,2.0,78.0,60.0,1.0,shm - sertifikat hak milik,1300 mah,0.0,0.0,2.0,0.0,2022.0,baru,utara,0.0,unfurnished,Rendah,0,Rendah,0,0
800000000.0,Rumah Mewah dan terjangkau dekat stasiun cisauk,Cisauk, Tangerang," Keamanan,  Tempat Gym, Lapangan Tenis, Jogging Track, Tempat Jemuran, Lapangan Basket,  Track Lari, Wastafel, Taman",rumah,3.0,2.0,60.0,70.0,2.0,shm - sertifikat hak milik,2200 mah,0.0,0.0,2.0,0.0,2022.0,baru,selatan,2.0,unfurnished,Rendah,0,Rendah,0,0
954000000.0,"Rumah 2 Lantai Baru Unfurnished SHM di Rumah Aryana Karawaci, Curug, Tangerang, Banten, Tangerang",Curug, Tangerang,"Jalur Telepon, Wastafel,  Track Lari, Keamanan 24 jam,  CCTV,  AC,  Akses Parkir,  Lapangan Voli, Kitchen Set,  Playground, Masjid,  Taman, Lapangan Bola,  Tempat Gym, Lapangan Basket, Tempat Jemuran,  Lapangan Bulu Tangkis,  Kolam Renang,  Tempat Laundry",rumah,4.0,2.0,72.0,83.0,1.0,hgb - hak guna bangunan,2200 mah,0.0,0.0,2.0,1.0,2021.0,baru,selatan,0.0,unfurnished,Rendah,0,Rendah,0,3
1300000000.0,Rumah 2 Lantai Griya Karawaci 15 menit ke Lippo dan Gading Serpong,Curug, Tangerang," Keamanan, CCTV,  Taman,  Masjid, Ac",rumah,5.0,3.0,108.0,200.0,2.0,shm - sertifikat hak milik,2200 mah,0.0,0.0,2.0,2.0,2020.0,bagus sekali,timur,0.0,semi furnished,Rendah,0,Tinggi,3,3
832000000.0,Rumah Cantik 2 Lantai Aryana Karawaci,Curug, Tangerang,"Taman,  Kolam Renang, Jogging Track,  Keamanan",rumah,4.0,2.0,72.0,78.0,1.0,shm - sertifikat hak milik,2200 mah,0.0,0.0,2.0,1.0,2021.0,bagus sekali,selatan,1.0,unfurnished,Rendah,0,Rendah,0,3
648000000.0,Rumah sangat strategis dalam cluster dekat Lippo Karawaci dan Gading Serpong,Curug, Tangerang," Jogging Track, Keamanan,  Masjid,  Kolam Renang, Taman",rumah,2.0,1.0,72.0,39.0,0.0,shm - sertifikat hak milik,1300 mah,0.0,0.0,1.0,2.0,2020.0,bagus sekali,selatan,0.0,unfurnished,Rendah,0,Rendah,0,3
843000000.0,Rumah murah siap huni dekat Lippo karawaci,Curug, Tangerang," Ac,  Keamanan, Jogging Track,  CCTV,  Kolam Renang, Taman",rumah,2.0,2.0,72.0,54.0,1.0,shm - sertifikat hak milik,2200 mah,0.0,0.0,2.0,1.0,2021.0,baru,utara,1.0,semi furnished,Rendah,0,Rendah,0,3
679000000.0,Rumah Milenial dekat stasiun Parung panjang,Pagedangan, Tangerang," Ac,  Keamanan,  Jogging Track, Kolam Renang,  CCTV, Taman,  Jalur Telepon",rumah,2.0,1.0,72.0,36.0,1.0,shm - sertifikat hak milik,2200 mah,0.0,0.0,1.0,0.0,2022.0,baru,selatan,1.0,unfurnished,Rendah,0,Rendah,0,2
755000000.0,Rumah Elegan 2 Lantai SHM Gratis Biaya Biaya Surat Bebas Banjir,Kelapa Dua, Tangerang," Keamanan,  Jogging Track,  Taman, Tempat Jemuran, Jalur Telepon,  Masjid, Track Lari, Taman",rumah,3.0,2.0,78.0,60.0,1.0,shm - sertifikat hak milik,1300 mah,0.0,0.0,2.0,0.0,2022.0,baru,utara,0.0,unfurnished,Rendah,0,Rendah,0,0
785000000.0,Rumah Mewah Murah 2 Lantai SHM Gratis Biaya Biaya Surat Lokasi Strategis,Kelapa Dua, Tangerang,"Masjid,  Jogging Track,  Taman, Tempat Jemuran, Jalur Telepon, Keamanan, Keamanan 24 jam, Track Lari,  Akses Parkir,  One Gate System,  Jalur Telepon",rumah,3.0,2.0,85.0,60.0,1.0,shm - sertifikat hak milik,1300 mah,0.0,0.0,2.0,0.0,2022.0,baru,utara,0.0,unfurnished,Rendah,0,Rendah,0,0
945000000.0,Rumah Murah dan Bagus di Karawaci,Karawaci, Tangerang," Keamanan, CCTV,  Jogging Track,  Taman, Kolam Renang, Jalur Telepon, Taman, Keamanan 24 jam, Ac, AC, Track Lari,  Kolam Renang,  Jalur Telepon",rumah,4.0,2.0,72.0,83.0,1.0,shm - sertifikat hak milik,2200 mah,0.0,0.0,2.0,0.0,2022.0,baru,selatan,1.0,unfurnished,Rendah,0,Rendah,0,0
900000000.0,Rumah 2 Lantai Mewah Siap Huni Di Karawaci,Karawaci, Tangerang,"Pemanas Air,  Keamanan,  Jogging Track,  Taman, Tempat Jemuran, Jalur Telepon, Ac,  Masjid, Wastafel, Track Lari,  Kolam Renang,  AC",rumah,4.0,2.0,72.0,83.0,1.0,shm - sertifikat hak milik,2200 mah,0.0,0.0,2.0,1.0,2021.0,bagus,timur,0.0,unfurnished,Rendah,0,Rendah,0,3
945000000.0,Rumah Keren Strategis Ke Kawasan Lippo Karawaci & Gading Serpong,Karawaci, Tangerang," Keamanan, CCTV,  Taman,  Jogging Track, Kolam Renang",rumah,4.0,2.0,72.0,83.0,2.0,shm - sertifikat hak milik,2200 mah,0.0,0.0,2.0,0.0,2022.0,baru,selatan,0.0,unfurnished,Rendah,0,Rendah,0,0
975000000.0,Rumah siap huni di Karawaci Tangerang,Karawaci, Tangerang," Ac, Keamanan,  Taman, Jogging Track",rumah,4.0,2.0,72.0,78.0,1.0,shm - sertifikat hak milik,2200 mah,0.0,0.0,2.0,0.0,2022.0,baru,selatan,1.0,unfurnished,Rendah,0,Rendah,0,0
800000000.0,Rumah 2 Lantai Dekat Perkantoran BSD City AEON TOL Dan Stasiun,Karawaci, Tangerang,"Tempat Jemuran, Keamanan, Keamanan 24 jam, Wastafel, Taman,  One Gate System",rumah,3.0,2.0,60.0,65.0,2.0,shm - sertifikat hak milik,2200 mah,0.0,0.0,2.0,0.0,2022.0,baru,selatan,0.0,unfurnished,Rendah,0,Rendah,0,0
755000000.0,Rumah Murah 2 Lantai Elegan SHM Gratis Biaya Biaya Surat Lokasi Strategis,Cikokol, Tangerang," Keamanan,  Taman, Jogging Track, Tempat Jemuran, Jalur Telepon,  Masjid, Track Lari",rumah,3.0,2.0,78.0,60.0,1.0,shm - sertifikat hak milik,1300 mah,0.0,0.0,2.0,0.0,2022.0,baru,timur,0.0,unfurnished,Rendah,0,Rendah,0,0
785000000.0,Rumah Modern 2 Lantai SHM Gratis Biaya Biaya Surat Lokasi Strategis Bebas Banjir,Cikokol, Tangerang,"Masjid,  Jogging Track,  Taman, Tempat Jemuran, Jalur Telepon, Keamanan, Keamanan 24 jam, Track Lari,  One Gate System,  Jalur Telepon",rumah,3.0,2.0,85.0,60.0,1.0,shm - sertifikat hak milik,1300 mah,0.0,0.0,2.0,0.0,2022.0,baru,utara,0.0,unfurnished,Rendah,0,Rendah,0,0
450000000.0,New Cluster Grand Batavia Calista Tangerang,Cibodas, Tangerang," Ac, Masjid,  Keamanan,  Taman, Jogging Track,  CCTV,  Kolam Renang,  Jalur Telepon",rumah,2.0,2.0,60.0,46.0,0.0,shm - sertifikat hak milik,2200 mah,0.0,0.0,2.0,1.0,2021.0,baru,timur,2.0,unfurnished,Rendah,0,Rendah,0,3
2250000000.0,Cluster Alam Signature Suvarna Sutera Tangerang,Cikupa, Tangerang," Lapangan Voli,  Keamanan,  Jogging Track,  Taman, CCTV, Lapangan Bola,  Tempat Gym, Lapangan Tenis, Tempat Jemuran, Jalur Telepon,  Lapangan Bulu Tangkis,  Track Lari,  Masjid, Wastafel,  CCTV,  Kolam Renang, Taman,  Lapangan Basket",rumah,3.0,3.0,160.0,134.0,2.0,shm - sertifikat hak milik,3500 mah,1.0,1.0,2.0,0.0,2022.0,baru,utara,0.0,unfurnished,Sedang,2,Sedang,2,1
1300000000.0,Dijual Rumah Lavon 2 Cluster Viridia Uk.54.124 Semi Furnished,Cikupa, Tangerang," Mesin Cuci, Kulkas,  Kitchen Set, Tempat Gym,  Taman, Lapangan Basket, Tempat Jemuran, Jalur Telepon, Akses Parkir,  Track Lari, Keamanan 24 jam, Wastafel,  CCTV,  Kolam Renang,  AC,  Playground",rumah,3.0,2.0,54.0,124.0,2.0,"lainnya (ppjb,girik,adat,dll)",4400 mah,1.0,1.0,3.0,2.0,2020.0,bagus,selatan,0.0,semi furnished,Rendah,0,Sedang,2,3
1230000000.0,Di Jual Rumah Minimalis 2 Lantai Di Tangerang Selatan Area Strategis,Serua, Tangerang," Keamanan, CCTV,  Masjid, Taman,  AC",rumah,2.0,2.0,71.0,62.0,1.0,shm - sertifikat hak milik,2200 mah,0.0,0.0,2.0,2.0,2020.0,baru,barat daya,0.0,semi furnished,Rendah,0,Rendah,0,3
936000000.0,Rumah 2 lantai hanya 5 menit ke tol Karawaci,Lippo Karawaci, Tangerang," Keamanan, CCTV,  Jogging Track,  Taman, Kolam Renang, Jalur Telepon, Track Lari,  Kolam Renang",rumah,4.0,2.0,72.0,83.0,1.0,shm - sertifikat hak milik,2200 mah,0.0,0.0,1.0,0.0,2022.0,bagus,selatan,1.0,unfurnished,Rendah,0,Rendah,0,0
751000000.0,Rumah 2 Lantai Baru Unfurnished HGB Kawasan Strategis Karawaci,Lippo Karawaci, Tangerang,"Jalur Telepon, Kitchen Set, Keamanan 24 jam, Wastafel,  CCTV, Track Lari, Taman,  One Gate System,  AC,  Playground",rumah,2.0,2.0,83.0,68.0,1.0,hgb - hak guna bangunan,2200 mah,0.0,0.0,2.0,1.0,2021.0,baru,utara,0.0,unfurnished,Rendah,0,Rendah,0,3
1700000000.0,"rumah 6x10,5 di green village, cipondoh, tangerang full renovasi",Cipondoh, Tangerang," Jogging Track, Keamanan, Taman,  Kolam Renang",rumah,2.0,2.0,63.0,100.0,1.0,shm - sertifikat hak milik,4400 mah,0.0,0.0,2.0,2.0,2020.0,sudah renovasi,utara,0.0,semi furnished,Rendah,0,Sedang,2,3
755000000.0,Rumah Keren 2 Lantai Elegan Modern SHM Gratis Biaya Biaya Surat Lokasi Strategis,Cipondoh, Tangerang," Keamanan,  Jogging Track,  Taman, Tempat Jemuran, Jalur Telepon,  Masjid, Track Lari, Taman",rumah,3.0,2.0,78.0,60.0,1.0,shm - sertifikat hak milik,1300 mah,0.0,0.0,2.0,0.0,2022.0,baru,utara,0.0,unfurnished,Rendah,0,Rendah,0,0
785000000.0,Rumah Mewah 2 Lantai SHM Gratis Biaya Biaya Surat Lokasi Strategis,Cipondoh, Tangerang,"Masjid,  Jogging Track,  Taman, Tempat Jemuran, Jalur Telepon, Keamanan, Track Lari,  Jalur Telepon",rumah,3.0,2.0,85.0,60.0,1.0,shm - sertifikat hak milik,1300 mah,0.0,0.0,2.0,0.0,2022.0,baru,utara,0.0,unfurnished,Rendah,0,Rendah,0,0
1170000000.0,Cluster Catriona Suvarna Sutera Tangerang,Tangerang Kota, Tangerang," Lapangan Voli,  Taman, CCTV, Lapangan Bola,  Tempat Gym, Lapangan Tenis, Jogging Track, Tempat Jemuran, Jalur Telepon,  Lapangan Bulu Tangkis, Keamanan,  Track Lari,  Masjid, Wastafel,  CCTV,  Kolam Renang,  Jalur Telepon,  Lapangan Basket",rumah,3.0,3.0,75.0,92.0,2.0,shm - sertifikat hak milik,2200 mah,0.0,0.0,2.0,0.0,2022.0,baru,selatan,0.0,unfurnished,Rendah,0,Sedang,2,0
1760000000.0,Cluster Dakota Suvarna Sutera Tangerang,Tangerang Kota, Tangerang," Lapangan Voli,  Taman, CCTV, Lapangan Bola,  Tempat Gym, Lapangan Tenis, Jogging Track, Tempat Jemuran, Jalur Telepon,  Lapangan Bulu Tangkis, Keamanan,  Track Lari,  Masjid, Wastafel,  CCTV,  Kolam Renang,  Jalur Telepon,  Lapangan Basket",rumah,3.0,3.0,105.0,126.0,2.0,shm - sertifikat hak milik,3500 mah,1.0,1.0,2.0,0.0,2022.0,baru,selatan,0.0,unfurnished,Rendah,0,Sedang,2,1
975000000.0,"Rumah 2 Lantai ""Hunian Exclusive, Dekat dgn Lippo Karawaci, BSD, Sumarecon, Kota Tangerang.",Tangerang Kota, Tangerang," Keamanan, CCTV,  Jogging Track,  Taman, Ac,  Masjid,  Kolam Renang,  Jalur Telepon",rumah,4.0,2.0,72.0,72.0,1.0,shm - sertifikat hak milik,2200 mah,0.0,0.0,2.0,0.0,2022.0,baru,timur,1.0,unfurnished,Rendah,0,Rendah,0,0
900000000.0,Di Jual Rumah 2 Lantai Di Pondok Cabe Amara Residence,Pondok Cabe, Tangerang,"Taman, AC,  Keamanan,  CCTV",rumah,2.0,3.0,70.0,86.0,1.0,shm - sertifikat hak milik,3500 mah,1.0,0.0,2.0,0.0,2022.0,baru,selatan,0.0,unfurnished,Rendah,0,Rendah,0,0
485000000.0,"Rumah Dekat Dengan Jakarta Selatan, Ciputat",Pondok Cabe, Tangerang," Mesin Cuci, Kulkas,  Kitchen Set, Jalur Telepon, Wastafel,  Track Lari, Keamanan 24 jam,  CCTV,  AC,  Pemanas Air, Lapangan Bulu Tangkis,  Playground, Masjid,  Taman, Lapangan Bola, Tempat Jemuran,  Akses Parkir,  One Gate System,  Tempat Laundry",rumah,2.0,1.0,70.0,40.0,1.0,shm - sertifikat hak milik,1300 mah,0.0,0.0,1.0,0.0,2022.0,baru,selatan,0.0,unfurnished,Rendah,0,Rendah,0,2
660000000.0,Rumah Elegan 2 Lantai Asri dan Nyaman,Pondok Cabe, Tangerang," Keamanan,  Jogging Track,  Taman, Tempat Jemuran, Jalur Telepon,  Masjid, Track Lari, Taman",rumah,3.0,2.0,64.0,60.0,1.0,shm - sertifikat hak milik,1300 mah,0.0,0.0,2.0,0.0,2022.0,baru,timur,0.0,unfurnished,Rendah,0,Rendah,0,0
655000000.0,"Rumah Di Pamulang, Bebas Banjir Banyak Hadiahnya",Pondok Cabe, Tangerang,"Kulkas, Masjid,  Taman, Lapangan Bola, Tempat Jemuran, Jalur Telepon, Lapangan Bulu Tangkis,  Track Lari, Keamanan 24 jam, Wastafel,  Akses Parkir,  One Gate System,  AC,  Tempat Laundry,  Playground",rumah,3.0,2.0,64.0,60.0,1.0,shm - sertifikat hak milik,1300 mah,0.0,0.0,2.0,0.0,2022.0,baru,timur,2.0,semi furnished,Rendah,0,Rendah,0,0
1220000000.0,Rumah Murah Minimalis Modern 2 Lantai 3 Kt Dkt Graha Raya Bintaro,Graha Raya, Tangerang," Taman, Tempat Jemuran, Akses Parkir, Keamanan 24 jam, Wastafel,  CCTV, Taman,  One Gate System",rumah,3.0,2.0,60.0,60.0,1.0,shm - sertifikat hak milik,2200 mah,0.0,0.0,2.0,0.0,2022.0,bagus,timur,0.0,unfurnished,Rendah,0,Rendah,0,0
655000000.0,Hunian Impin Milenial Harga Murah Lokasi Strategis Di Pamulang,Modernland, Tangerang,"Kulkas, Masjid,  Taman, Lapangan Bola, Tempat Jemuran, Jalur Telepon, Lapangan Bulu Tangkis,  Track Lari, Keamanan 24 jam, Wastafel,  Akses Parkir,  One Gate System,  AC,  Tempat Laundry,  Playground",rumah,3.0,2.0,64.0,60.0,1.0,shm - sertifikat hak milik,1300 mah,0.0,0.0,2.0,0.0,2022.0,baru,timur,2.0,semi furnished,Rendah,0,Rendah,0,0
2000000000.0,Rumah Baru Minimalis Siap Huni Strategis Di Nusaloka,BSD Nusaloka, Tangerang," Taman, Masjid, Jogging Track,  Keamanan",rumah,3.0,2.0,98.0,130.0,0.0,shm - sertifikat hak milik,2200 mah,1.0,1.0,2.0,0.0,2022.0,baru,barat laut,1.0,semi furnished,Rendah,0,Sedang,2,1
1990000000.0,Rumah Baru Siap Huni 2 Lantai di Nusaloka Bsd City,BSD Nusaloka, Tangerang,"Tempat Jemuran, Kitchen Set, Keamanan 24 jam, Wastafel, Track Lari, Taman",rumah,3.0,2.0,98.0,130.0,1.0,shm - sertifikat hak milik,2200 mah,1.0,1.0,2.0,1.0,2021.0,baru,timur laut,0.0,unfurnished,Rendah,0,Sedang,2,1
1990000000.0,Rumah Baru Siap Huni 2 Lantai di Nusaloka Bsd City,BSD Nusaloka, Tangerang,"Tempat Jemuran, Kitchen Set, Keamanan 24 jam, Wastafel, Track Lari, Taman",rumah,3.0,2.0,98.0,130.0,1.0,shm - sertifikat hak milik,2200 mah,1.0,1.0,2.0,1.0,2021.0,baru,timur laut,0.0,unfurnished,Rendah,0,Sedang,2,1
1000000000.0,Rumah Siap Huni Nusaloka Bsd,BSD Nusaloka, Tangerang,"Playground,  Taman, Tempat Jemuran, Jalur Telepon, Wastafel, Track Lari, Taman",rumah,3.0,3.0,155.0,130.0,1.0,shm - sertifikat hak milik,2200 mah,0.0,0.0,1.0,2.0,2020.0,bagus,barat,0.0,unfurnished,Rendah,0,Sedang,2,3
2900000000.0,The leaves Rempoa,Rempoa, Tangerang," Ac, Taman, Keamanan,  Masjid,  Kolam Renang,  Jalur Telepon",rumah,3.0,2.0,109.0,145.0,2.0,shm - sertifikat hak milik,4400 mah,1.0,1.0,2.0,0.0,2022.0,baru,barat,2.0,unfurnished,Sedang,2,Sedang,2,1
2800000000.0,"Rumah 2 Lantai Baru Sertifikat Hak Milik Rempoa, Ciputat Tangerang",Rempoa, Tangerang,"Kolam Renang, Taman,  Keamanan",rumah,4.0,3.0,105.0,137.0,2.0,shm - sertifikat hak milik,2200 mah,1.0,1.0,2.0,0.0,2022.0,baru,barat,0.0,unfurnished,Sedang,2,Sedang,2,1
600000000.0,Rumah di  600jt 3 Kamar Tidur 2 Garasi Dekat Akses Bandara tol,Pasar Kemis, Tangerang," Keamanan,  Jogging Track, Taman, Ac,  Masjid,  CCTV,  Kolam Renang,  Jalur Telepon",rumah,2.0,2.0,72.0,63.0,0.0,shm - sertifikat hak milik,2200 mah,0.0,0.0,2.0,1.0,2021.0,baru,timur,2.0,unfurnished,Rendah,0,Rendah,0,3
1940000000.0,Rumah Ready Alam Sutera 2 Dp 5 Persen Free Tv 43 Suvarna Sutra,Pasar Kemis, Tangerang," Lapangan Voli, CCTV,  Tempat Gym, Lapangan Tenis, Tempat Jemuran, Lapangan Bulu Tangkis,  Track Lari, Keamanan 24 jam,  Kolam Renang, Wastafel, Taman,  One Gate System,  Playground",rumah,3.0,3.0,120.0,147.0,2.0,"lainnya (ppjb,girik,adat,dll)",2200 mah,1.0,1.0,1.0,0.0,2022.0,baru,utara,0.0,unfurnished,Rendah,0,Sedang,2,1
1270000000.0,Rumah Bagus Paramount Petals,Bitung, Tangerang," Ac,  Keamanan, Kolam Renang,  Taman, CCTV, Jogging Track, Taman, Jalur Telepon, Keamanan 24 jam, AC,  CCTV, Track Lari,  Kolam Renang,  Jalur Telepon",rumah,3.0,2.0,105.0,51.0,1.0,shm - sertifikat hak milik,2200 mah,0.0,0.0,1.0,0.0,2022.0,baru,utara,2.0,unfurnished,Rendah,0,Rendah,0,0
636000000.0,Rumah Modern Minimalis 2 Lantai Termurah Free Furnished,Ciater, Tangerang,"Mesin Cuci, Kulkas, Masjid,  Taman, Akses Parkir, Track Lari, Taman,  One Gate System,  AC,  Playground",rumah,3.0,2.0,66.0,60.0,1.0,shm - sertifikat hak milik,1300 mah,1.0,0.0,2.0,0.0,2022.0,baru,timur,0.0,semi furnished,Rendah,0,Rendah,0,0
1300000000.0,Rumah Elite di Buaran Serpong.,Ciater, Tangerang," Keamanan, Kitchen Set, Ac, Wastafel, Taman,  AC",rumah,3.0,3.0,80.0,83.0,2.0,shm - sertifikat hak milik,3300 mah,0.0,0.0,2.0,0.0,2022.0,baru,utara,2.0,unfurnished,Rendah,0,Rendah,0,0
550000000.0,Hunian mewah 2 lantai di Tigaraksa Tangerang,Tigaraksa, Tangerang,"Masjid,  Jogging Track,  Taman, Keamanan,  Kolam Renang",rumah,3.0,2.0,60.0,57.0,1.0,shm - sertifikat hak milik,2200 mah,0.0,0.0,2.0,0.0,2022.0,baru,utara,0.0,unfurnished,Rendah,0,Rendah,0,0
550000000.0,Di Jual Rumah di Tiga Raksa Banten,Tigaraksa, Tangerang,"Playground,  Jogging Track, Tempat Jemuran, Keamanan, Keamanan 24 jam, Wastafel, Track Lari, Taman",rumah,2.0,1.0,140.0,45.0,1.0,shm - sertifikat hak milik,1300 mah,0.0,0.0,1.0,2.0,2020.0,butuh renovasi,timur,1.0,unfurnished,Rendah,0,Rendah,0,3
550000000.0,Rumah mewah 2 lantai di Tigaraksa Tangerang,Balaraja, Tangerang," Ac, Masjid,  Keamanan,  Jogging Track, Kolam Renang,  Taman, Keamanan 24 jam,  Masjid,  Kolam Renang, AC, Track Lari, Taman",rumah,3.0,2.0,60.0,57.0,0.0,shm - sertifikat hak milik,2200 mah,0.0,0.0,2.0,0.0,2022.0,baru,timur,1.0,unfurnished,Rendah,0,Rendah,0,0
633999999.9999999,Rumah Strategis 2 Lantai Murah Free Biaya,Pondok Benda, Tangerang,"Mesin Cuci, Kulkas, Masjid,  Taman, Tempat Jemuran, Jalur Telepon, Track Lari, Taman,  One Gate System,  AC,  Playground",rumah,3.0,2.0,64.0,60.0,1.0,shm - sertifikat hak milik,1300 mah,1.0,0.0,2.0,0.0,2022.0,baru,timur,0.0,semi furnished,Rendah,0,Rendah,0,0
660000000.0,Rumah Elit Harga irit Rumah 2 Lantai One Gate System,Bakti Jaya, Tangerang,"Masjid,  Jogging Track,  Taman, Tempat Jemuran, Jalur Telepon, Keamanan, Keamanan 24 jam, Track Lari,  Akses Parkir,  One Gate System,  Jalur Telepon",rumah,3.0,2.0,64.0,60.0,1.0,shm - sertifikat hak milik,1300 mah,0.0,0.0,2.0,0.0,2022.0,baru,utara,0.0,unfurnished,Rendah,0,Rendah,0,0
655000000.0,"Hunian Istimewa Di Pamulang, Free Biaya Biaya Banyak Hadiahnya",Bakti Jaya, Tangerang,"Kulkas, Masjid,  Taman, Lapangan Bola, Tempat Jemuran, Jalur Telepon, Lapangan Bulu Tangkis,  Track Lari, Keamanan 24 jam, Wastafel,  Akses Parkir,  One Gate System,  AC,  Tempat Laundry,  Playground",rumah,3.0,2.0,68.0,60.0,1.0,shm - sertifikat hak milik,1300 mah,0.0,0.0,2.0,0.0,2022.0,baru,timur,2.0,semi furnished,Rendah,0,Rendah,0,0
85000000.0,Oper murah perum puri harmoni Rajeg,Rajeg, Tangerang," Ac,  Keamanan,  Taman, CCTV, Jogging Track, Jalur Telepon, AC,  Masjid,  CCTV, Track Lari, Taman",rumah,2.0,1.0,60.0,40.0,1.0,hgb - hak guna bangunan,1300 mah,0.0,0.0,1.0,2.0,2020.0,bagus,timur,1.0,unfurnished,Rendah,0,Rendah,0,3
1790000000.0,Akses 1km Dari Pintu Tol Joglo Puri Botanical,Benda, Tangerang," Taman, Tempat Jemuran, Jalur Telepon, Akses Parkir, Kitchen Set, Keamanan 24 jam, Wastafel,  CCTV, Track Lari,  Playground",rumah,2.0,3.0,50.0,62.0,1.0,shm - sertifikat hak milik,3500 mah,0.0,0.0,2.0,0.0,2022.0,baru,utara,0.0,unfurnished,Rendah,0,Rendah,0,0
755000000.0,Rumah Eksekutif 2 Lantai SHM Bebas Banjir Lokasi Strategis,Cimone, Tangerang,"Masjid,  Keamanan,  Taman, Jogging Track, Tempat Jemuran, Jalur Telepon, Track Lari,  Jalur Telepon",rumah,3.0,2.0,78.0,60.0,1.0,shm - sertifikat hak milik,1300 mah,0.0,0.0,2.0,0.0,2022.0,baru,utara,0.0,unfurnished,Rendah,0,Rendah,0,0
785000000.0,Rumah Elegan 2 Lantai SHM Lokasi Strategis,Cimone, Tangerang,"Masjid,  Keamanan,  Taman, Jogging Track, Tempat Jemuran, Jalur Telepon, Keamanan 24 jam, Track Lari,  Akses Parkir,  One Gate System,  Jalur Telepon",rumah,3.0,2.0,85.0,60.0,1.0,shm - sertifikat hak milik,1300 mah,0.0,0.0,2.0,0.0,2022.0,baru,utara,0.0,unfurnished,Rendah,0,Rendah,0,0
785000000.0,Rumah Elegan 2 Lantai SHM Lokasi Strategis,Cimone, Tangerang,"Masjid,  Keamanan,  Taman, Jogging Track, Tempat Jemuran, Jalur Telepon, Keamanan 24 jam, Track Lari,  Akses Parkir,  One Gate System,  Jalur Telepon",rumah,3.0,2.0,85.0,60.0,1.0,shm - sertifikat hak milik,1300 mah,0.0,0.0,2.0,0.0,2022.0,baru,utara,0.0,unfurnished,Rendah,0,Rendah,0,0
685000000.0,Rumah Mewah Murah 2 Lantai SHM Free Biaya Biaya Surat Bebas Banjir,Babakan, Tangerang," Akses Parkir, Masjid,  Jogging Track,  Taman, Tempat Jemuran, Jalur Telepon, Keamanan, Keamanan 24 jam,  Masjid, Track Lari, Taman,  One Gate System,  Jalur Telepon",rumah,3.0,2.0,64.0,60.0,1.0,shm - sertifikat hak milik,1300 mah,0.0,0.0,2.0,0.0,2022.0,baru,timur,0.0,unfurnished,Rendah,0,Rendah,0,0
1200000000.0,Dijual Rumah 2 Lantai Bagus Cluster di Tangerang Selatan SHM,Babakan, Tangerang," Taman, Tempat Jemuran, Jalur Telepon, One Gate System, Keamanan 24 jam, AC, Wastafel,  Playground",rumah,3.0,2.0,60.0,78.0,1.0,shm - sertifikat hak milik,5500 mah,0.0,0.0,2.0,1.0,2021.0,bagus,barat,0.0,unfurnished,Rendah,0,Rendah,0,3
685000000.0,Rumah Mewah Murah 2 Lantai Include Biaya Biaya Surat,Babakan, Tangerang," Akses Parkir, Masjid,  Keamanan,  Jogging Track,  Taman, Tempat Jemuran, Jalur Telepon, Keamanan 24 jam,  Masjid, Track Lari, Taman,  One Gate System",rumah,3.0,2.0,64.0,60.0,1.0,shm - sertifikat hak milik,1300 mah,0.0,0.0,2.0,0.0,2022.0,baru,timur,0.0,unfurnished,Rendah,0,Rendah,0,0
785000000.0,Rumah Modern Asri dan Nyaman Bebas Banjir Lokasi Strategis,Lengkong Kulon, Tangerang,"Masjid,  Keamanan,  Jogging Track,  Taman, Tempat Jemuran, Jalur Telepon, Keamanan 24 jam,  Masjid, Track Lari, Taman,  One Gate System",rumah,3.0,2.0,85.0,60.0,1.0,shm - sertifikat hak milik,1300 mah,0.0,0.0,2.0,0.0,2022.0,baru,utara,0.0,unfurnished,Rendah,0,Rendah,0,0
755000000.0,Rumah Mewah Murah 2 Lantai Gratis Biaya Biaya Surat Lokasi Strategis,Lengkong Kulon, Tangerang," Keamanan,  Taman, Jogging Track, Tempat Jemuran, Jalur Telepon,  Masjid, Track Lari",rumah,3.0,2.0,78.0,60.0,1.0,shm - sertifikat hak milik,1300 mah,0.0,0.0,2.0,0.0,2022.0,baru,utara,0.0,unfurnished,Rendah,0,Rendah,0,0
800000000.0,Rumah 2 Lantai Dekat Perkantoran BSD City AEON TOL Dan Stasiun,BSD Provance Parkland, Tangerang,"Tempat Jemuran, Keamanan, Keamanan 24 jam, Wastafel, Taman,  One Gate System",rumah,3.0,2.0,60.0,65.0,2.0,shm - sertifikat hak milik,2200 mah,0.0,0.0,2.0,0.0,2022.0,baru,selatan,0.0,furnished,Rendah,0,Rendah,0,0
655000000.0,"Rumah 2 Lantai Harga 1 Lantai Di Pamulang, Free Biaya Biaya",Sudimara, Tangerang,"Kulkas, Masjid,  Taman, Lapangan Bola, Tempat Jemuran, Jalur Telepon, Lapangan Bulu Tangkis,  Track Lari, Keamanan 24 jam, Wastafel,  Akses Parkir,  One Gate System,  AC,  Tempat Laundry,  Playground",rumah,3.0,2.0,64.0,60.0,1.0,shm - sertifikat hak milik,1300 mah,0.0,0.0,2.0,0.0,2022.0,baru,timur,2.0,semi furnished,Rendah,0,Rendah,0,0
